id,term,aliases,category,subcategory,priority,shortDefinition,postAnswerExplanation,tusPearl,differentialPoint,safeNestedTerms,occurrenceCount,sourceExamples
v407-small-clerkships-hsv-ensefaliti,HSV ensefaliti,HSV ensefaliti; herpes simpleks ensefaliti; HSV encephalitis,Küçük Stajlar,Nöroloji - enfeksiyöz aciller,P0,HSV’nin özellikle temporal/orbitofrontal lobları tutabilen nekrotizan ensefalit tablosudur.,"Ateş, davranış değişikliği, nöbet, fokal bulgu ve temporal lob tutulumu birlikteyse PCR sonucu beklenmeden intravenöz asiklovir başlanır. Tedavi gecikmesi kalıcı nörolojik sekel ve mortalite riskini artırır.",Temporal lob + ateş + nöbet/davranış değişikliği = HSV ensefaliti; tedavide PCR beklenmez.,"Bakteriyel menenjitte ense sertliği ve nötrofilik BOS daha baskındır; HSV’de ensefalitik tablo, nöbet ve temporal lob ipucu öne çıkar.",Temporal lob tutulumu; İntravenöz asiklovir; BOS PCR,12,"HSV ensefaliti || Ateş, davranış değişikliği, nöbet ve temporal lob tutulumu hangi ensefaliti düşündürür? || HSV ensefaliti."
v407-small-clerkships-temporal-lob-tutulumu,Temporal lob tutulumu,Temporal lob tutulumu; temporal lob lezyonu,Küçük Stajlar,Nöroloji - lokalizasyon,P1,MR/klinik bulguların temporal lob anatomisiyle ilişkili olduğunu ifade eder.,"HSV ensefalitinde temporal lob tutulumu davranış değişikliği, afazi, nöbet ve bellek bozukluğu gibi bulgularla ilişkilidir. Lokalizasyon ipucu tanıyı sıradan menenjit tablosundan ayırır.",Ensefalit sorusunda temporal lob vurgusu HSV lehine güçlü ipucudur.,"Frontal bulgular kişilik/planlama değişikliği yapabilir; temporal tutulumda nöbet, afazi ve bellek paternleri daha belirgindir.",HSV ensefaliti; Afazi; Nöbet,3,"Yakınları hastanın 90 dakika önce kahvaltı sırasında aniden kelimeleri çıkaramadığını ve sağ kolunu masadan kaldıramadığını anlatır. Başlangıç zamanı net olarak bilinir ve hasta bu olaydan kısa süre önce normal konuşmaktadır. Baş ağrısı, bilinç kaybı, nöbet, kafa travması veya benzer geçici atak öyküsü tariflenmez. Ailesi düzenli antikoagülan kullanımını bilmediğini, son günlerde cerrahi veya belirgin kanama olmadığını söyler. Acile geldiğinde bilinç açıktır ancak ekspresif afazi nedeniyle ileti || Net başlangıç zamanlı afazi, sağ santral fasiyal etkilenme ve sağ üst ekstremite güçsüzlüğü vardır. || Hipoglisemi, nöbet ve travma öyküsü klinik olarak geri plandadır; reperfüzyon penceresinde kanama dışlama basamağı belirleyicidir."
v407-small-clerkships-orbitofrontal-lob-tutulumu,Orbitofrontal lob tutulumu,Orbitofrontal lob tutulumu; orbitofrontal tutulum,Küçük Stajlar,Nöroloji - lokalizasyon,P1,Frontal lobun davranış ve kişilik kontrolüyle ilişkili orbitofrontal bölgesinin etkilenmesidir.,"HSV ensefaliti temporal lob yanında orbitofrontal alanları da tutabilir; bu nedenle kişilik değişikliği, ajitasyon ve uygunsuz davranış tabloya eşlik edebilir.","Ateşli ensefalit + davranış değişikliği yalnız psikiyatrik değil, orbitofrontal/temporal tutulum olabilir.","Saf psikiyatrik bozuklukta ateş, BOS/MR bulgusu ve fokal nörolojik bulgu beklenmez.",HSV ensefaliti; Davranış değişikliği; Temporal lob tutulumu,0,"HSV ensefaliti || Ateş, davranış değişikliği, nöbet ve temporal lob tutulumu hangi ensefaliti düşündürür? || HSV ensefaliti."
v407-small-clerkships-intravenoz-asiklovir,İntravenöz asiklovir,İntravenöz asiklovir; IV asiklovir; ampirik asiklovir,Küçük Stajlar,Nöroloji - antiviral tedavi,P0,HSV ensefaliti şüphesinde gecikmeden verilen damar içi antiviral tedavidir.,Klinik şüphe yüksekse BOS PCR veya MR sonucu beklenirken bile tedavi başlanır. Böbrek fonksiyonu ve hidrasyon izlenmelidir; amaç viral replikasyonu erken baskılayarak nörolojik hasarı azaltmaktır.,"HSV ensefalitinde “önce tanıyı kesinleştir” değil, ampirik IV asiklovir başla.",Seftriakson gibi antibakteriyeller bakteriyel menenjiti karşılar; HSV ensefaliti için antiviral eklenmelidir.,HSV ensefaliti; BOS PCR; Temporal lob tutulumu,6,"HSV ensefaliti || Ateş, davranış değişikliği, nöbet ve temporal lob tutulumu hangi ensefaliti düşündürür? || HSV ensefaliti."
v407-small-clerkships-bos-hsv-pcr,BOS HSV PCR,BOS HSV PCR; HSV PCR; BOS PCR,Küçük Stajlar,Nöroloji - BOS tanısı,P1,Beyin omurilik sıvısında HSV DNA’sını saptayan moleküler testtir.,HSV ensefalitinde tanıyı destekleyen temel testtir; ancak klinik şüphe güçlü olduğunda tedavi PCR sonucunu beklememelidir. Negatif erken test uyumsuz klinikte tekrar değerlendirilebilir.,HSV PCR tanıyı güçlendirir; tedavi kararını geciktirmez.,Bakteriyel kültür/Gram boyama menenjit etkenini arar; HSV PCR ensefalitik viral tablo için daha hedeflidir.,HSV ensefaliti; İntravenöz asiklovir; BOS,1,Trombosit || Yüksek ESR/CRP ve trombositoz kraniyal büyük damar inflamasyonunu destekler; normal veya sınıra yakın değerler klinik şüpheyi tek başına dışlamaz. || Reaktif trombositoz eşlik ediyor
v407-small-clerkships-nekrotizan-ensefalit,Nekrotizan ensefalit,Nekrotizan ensefalit; nekrotizan HSV ensefaliti,Küçük Stajlar,Nöroloji - enfeksiyöz patoloji,P1,Beyin dokusunda inflamasyonla birlikte doku nekrozu gelişen ağır ensefalit paternidir.,HSV ensefaliti klasik olarak temporal loblarda nekrotizan karakter gösterebilir. Bu ifade hastalığın neden hızlı tedavi gerektirdiğini ve kalıcı sekel riskini açıklar.,Nekrotizan temporal ensefalit ifadesi HSV için yüksek getirili patoloji ipucudur.,Basit viral menenjit daha çok meninks irritasyonu yapar; nekrotizan ensefalit beyin parankimini tutar.,HSV ensefaliti; Temporal lob tutulumu; İntravenöz asiklovir,2,"HSV ensefaliti || Ateş, davranış değişikliği, nöbet ve temporal lob tutulumu hangi ensefaliti düşündürür? || HSV ensefaliti."
v407-small-clerkships-internukleer-oftalmopleji,İnternükleer oftalmopleji,İnternükleer oftalmopleji; INO,Küçük Stajlar,Nöroloji - okülomotor lokalizasyon,P0,Adduksiyon kusuru ve karşı gözde abdüksiyon nistagmusu ile tanınan MLF lezyonu bulgusudur.,Genç erişkinde ataklarla giden internükleer oftalmopleji multipl skleroz için çok değerli lokalizasyon ipucudur. Lezyon beyin sapındaki medial longitudinal fasciculus düzeyindedir.,INO + genç hasta + ataklı nörolojik bulgular = MS düşün.,Periferik okülomotor sinir felçlerinde pupil/göz kası paterni farklıdır; INO santral MLF lezyonudur.,Medial longitudinal fasciculus; Multipl skleroz; Okülomotor bulgu,271,minor-rotations || Taze lezyon kenarından alınan biyopside suprabazal akantoliz ve intraepidermal bül izlenmesi keratinositler arası adezyon kaybını gösterir. || Akantolitik keratinositler izleniyor
v407-small-clerkships-medial-longitudinal-fasciculus,Medial longitudinal fasciculus,Medial longitudinal fasciculus; MLF,Küçük Stajlar,Nöroloji - beyin sapı traktı,P1,Yatay bakışta iki gözün koordinasyonunu sağlayan beyin sapı bağlantı yoludur.,MLF lezyonu internükleer oftalmoplejiye yol açar. MS sorularında genç hastada diplopi ve adduksiyon kusurunu anatomik olarak açıklayan temel yapıdır.,INO’nun anatomik karşılığı MLF lezyonudur.,III. sinir felci tek sinir paternidir; MLF lezyonu iki göz koordinasyon bozukluğudur.,İnternükleer oftalmopleji; Multipl skleroz; Beyin sapı,1,Yanlıştır. Optik sinir demiyelinizasyonu optik nörit ve multipl skleroz gibi hastalıklarla ilişkilidir. Parkinson motor bulgularını açıklamaz. || Multipl skleroz || Genç kadında internükleer oftalmopleji ve ataklarla seyreden nörolojik bulgular ne düşündürür?
v407-small-clerkships-zamanda-ve-mekanda-yayilim,Zamanda ve mekânda yayılım,Zamanda ve mekânda yayılım; zamanda-mekanda yayılım; dissemination in time and space,Küçük Stajlar,Nöroloji - demiyelinizasyon tanısı,P0,MS tanısında farklı zamanlarda ve farklı santral sinir sistemi bölgelerinde lezyon varlığını anlatır.,Tek bir nörolojik atak MS için yeterli olmayabilir; MR ve klinik öykü lezyonların hem anatomik olarak ayrı hem de zaman içinde tekrarlayıcı olduğunu göstermelidir.,MS tanısında ana mantık: zamanda + mekânda yayılım.,Tek odaklı inme ani ve vasküler dağılıma uyar; MS lezyonları çok odaklı ve ataklıdır.,Multipl skleroz; Periventriküler plak; Oligoklonal IgG bantları,4,Yanlıştır. Optik sinir demiyelinizasyonu optik nörit ve multipl skleroz gibi hastalıklarla ilişkilidir. Parkinson motor bulgularını açıklamaz. || Multipl skleroz || Multipl skleroz.
v407-small-clerkships-periventrikuler-plak,Periventriküler plak,Periventriküler plak; periventriküler lezyon; periventriküler demiyelinizan plak,Küçük Stajlar,Nöroloji - MR bulgusu,P1,Ventrikül çevresinde görülen demiyelinizan MS lezyonudur.,"MS’de MR lezyonlarının periventriküler, juxtakortikal, infratentorial veya spinal yerleşimi mekânda yayılımı destekler. Periventriküler plak ifadesi klasik MS görüntüleme ipucudur.",Periventriküler demiyelinizan plaklar MS lehine güçlü MR bulgusudur.,Lakun enfarktlar vasküler risk ve küçük damar paterniyle gider; MS plağı demiyelinizan dağılım gösterir.,Multipl skleroz; Zamanda ve mekânda yayılım; MR,2,Yanlıştır. Optik sinir demiyelinizasyonu optik nörit ve multipl skleroz gibi hastalıklarla ilişkilidir. Parkinson motor bulgularını açıklamaz. || Multipl skleroz || Multipl skleroz.
v407-small-clerkships-aqp4-igg,AQP4-IgG,AQP4-IgG; anti-AQP4; aquaporin-4 antikoru,Küçük Stajlar,Nöroloji - demiyelinizan antikor,P1,Nöromiyelitis optika spektrum hastalığıyla ilişkili aquaporin-4 antikorudur.,Ağır optik nörit ve uzun segment transvers miyelit varlığında MS’den çok NMO spektrumunu düşündürür. Küçük staj sorularında MS ayırıcı tanısı için kritik bir antikor ipucudur.,Ağır optik nörit + uzun segment miyelit = AQP4-IgG/NMO düşün.,MS daha çok zamanda-mekânda yayılım ve periventriküler plaklarla gider; NMO’da optik sinir-spinal kord aksı baskındır.,Nöromiyelitis optika; Optik nörit; Transvers miyelit,1,"Haleler, kornea ödemi, orta dilate pupil ve yüksek GİB birlikteliğini; retina dekolmanı, optik nörit, anterior üveit ve keratit tablolarından ayırabilme. || Optik nörit || Tek taraflı ani şiddetli göz ağrısı, haleler, bulantı, kornea ödemi, orta dilate ışığa yanıtsız pupil ve semptomatik gözde çok yüksek göz içi basıncı akut açı kapanması glokomunu en iyi açıklar. Retina dekolmanı genellikle ağrısız perde/ışık çakmasıyla, optik nörit göz hareketi ağrısı ve renk solmasıyla, keratit ise epitel defekti-kontakt lens öyküsüyle ayrılır."
v407-small-clerkships-achr-antikoru,AChR antikoru,AChR antikoru; anti-AChR,Küçük Stajlar,Nöroloji - nöromüsküler kavşak,P0,Myasthenia gravis’te postsinaptik asetilkolin reseptörüne karşı gelişen otoantikordur.,"AChR antikoru nöromüsküler iletimi azaltır; pitoz, diplopi, bulber yorgunluk ve gün içinde artan güçsüzlük bu mekanizmayla açıklanır. Duyu muayenesinin normal olması beklenir.",Pitoz/diplopi + yorulmakla artma + AChR antikoru = MG.,Lambert-Eaton presinaptik kalsiyum kanalı hastalığıdır; güç kullanım sonrası artabilir ve otonom bulgular daha belirgindir.,Myasthenia gravis; Pitoz; Bulber yorgunluk,32,"Fluktuan pitoz, diplopi ve bulber yorulabilirlik paternini sabit kraniyal sinir felci, Lambert-Eaton ve motor nöron hastalığından ayırma. || Miyastenia graviste yorulabilir oküler/bulber güçsüzlük, korunmuş duyu-refleks muayenesi, anti-AChR/MuSK serolojisi ve elektrofizyoloji ile tanısal akıl yürütmeyi kurabilme. || Gün içinde artan pitoz ve diplopiye konuşma-çiğneme ile belirginleşen bulber yorgunluk eşlik ediyor."
v407-small-clerkships-bulber-yorgunluk,Bulber yorgunluk,Bulber yorgunluk; bulber güçsüzlük; bulber tutulum,Küçük Stajlar,Nöroloji - nöromüsküler semptom,P1,"Konuşma, çiğneme ve yutma kaslarının kullanım sonrası güçsüzleşmesidir.","Myasthenia gravis’te uzun konuşma, çiğneme veya gün sonu ile belirginleşen bulber yakınmalar tipiktir. Solunum kasları da etkilenirse myastenik kriz riski doğar.",Çiğneme-konuşma ile artan peltekleşme/bulber yorgunluk MG lehinedir.,İnmede bulber bulgu ani ve fokal nörolojik defisitle gelir; MG’de dalgalı ve yorulmakla artan patern vardır.,AChR antikoru; Myasthenia gravis; Myastenik kriz,34,"Piridostigmin myastenia graviste nöromüsküler kavşak iletimini artırmak için kullanılır. Bu hastada dalgalanan oküler-bulber güçsüzlük değil postenfeksiyöz arefleksik yükselen güçsüzlük vardır. || Miyastenia graviste yorulabilir oküler/bulber güçsüzlük, korunmuş duyu-refleks muayenesi, anti-AChR/MuSK serolojisi ve elektrofizyoloji ile tanısal akıl yürütmeyi kurabilme. || Gün içinde artan pitoz ve diplopiye konuşma-çiğneme ile belirginleşen bulber yorgunluk eşlik ediyor."
v407-small-clerkships-repetitif-sinir-stimulasyonu,Repetitif sinir stimülasyonu,Repetitif sinir stimülasyonu; repetitive nerve stimulation; dekremental yanıt,Küçük Stajlar,Nöroloji - elektrofizyoloji,P1,Tekrarlayan sinir uyarılarıyla nöromüsküler iletimdeki azalmayı gösteren testtir.,Myasthenia gravis’te düşük frekanslı repetitif uyarıda dekremental yanıt görülebilir. Klinik ve antikor sonuçlarıyla birlikte kullanılır.,MG’de elektrofizyolojik ipucu dekremental yanıt olabilir.,Lambert-Eaton’da yüksek frekans/egzersiz sonrası inkremental yanıt daha tipiktir.,Myasthenia gravis; AChR antikoru; Lambert-Eaton sendromu,6,"Yüz kasında %15 dekremental yanıt || ALS ilerleyici üst-alt motor nöron bulguları, fasikülasyon, atrofi veya hiperrefleksi ile düşünülür. Saf oküler fluktuasyon, korunmuş duyu ve pozitif AChR antikoru ALS için tipik değildir. || Anti-AChR pozitifliği + RNS’de dekremental yanıt → nöromüsküler kavşak iletim bozukluğunu destekler."
v407-small-clerkships-substantia-nigra-pars-compacta,Substantia nigra pars compacta,Substantia nigra pars compacta; substansiya nigra pars compacta,Küçük Stajlar,Nöroloji - bazal ganglion,P0,Dopaminerjik nöronların yoğun olduğu ve Parkinson’da dejenerasyona uğrayan orta beyin bölgesidir.,"Bu bölgedeki dopamin kaybı bazal ganglion devrelerinde hareket başlatmayı zorlaştırır; bradikinezi, rijidite ve istirahat tremoru gelişir.",Parkinson patolojisi: substantia nigra pars compacta dopaminerjik nöron kaybı.,Serebellar hastalıkta ataksi ve dismetri baskındır; Parkinson’da hipokinetik bazal ganglion paterni vardır.,Parkinson hastalığı; Bradikinezi; Lewy cisimciği,27,"Parkinson hastalığı patofizyolojisi || Parkinson hastalığında substantia nigra pars compacta dopaminerjik nöronlarının dejenerasyonu striatumda dopamin azalmasına yol açar. Bazal ganglion devrelerinde hareketi kolaylaştıran ve baskılayan yolların dengesi bozulur; bradikinezi, rijidite ve tremor gelişir. || Parkinson hastalığındaki temel motor bulguların gelişimini en iyi açıklayan nöropatolojik mekanizma aşağıdakilerden hangisidir?"
v407-small-clerkships-nigrostriatal-dopaminerjik-kayip,Nigrostriatal dopaminerjik kayıp,Nigrostriatal dopaminerjik kayıp; nigrostriatal dopamin kaybı,Küçük Stajlar,Nöroloji - hareket bozukluğu mekanizması,P1,Substantia nigra dopaminerjik nöron kaybının striatuma dopamin girişini azaltmasıdır.,Parkinson motor bulgularının ana fizyopatolojik temelidir. Dopamin azalınca hareket başlatma ve akıcılık bozulur; bradikinezi küçük adımlı yürüyüş ve rijiditeyle birlikte görülür.,Parkinson’da motor paternin özü nigrostriatal dopamin azalmasıdır.,Kortikospinal lezyon spastisite ve piramidal bulgu yapar; nigrostriatal kayıp hipokinetik tablo yapar.,Substantia nigra pars compacta; Bradikinezi; Rijidite,0,"Kas tonusu artmış olsa da yaygın kurşun boru rijiditesi yoktur; pupiller midriyatik ve reaktiftir. || NMS tipik olarak dopamin antagonistleriyle günler içinde gelişir; kurşun boru rijiditesi, hiporefleksi ve belirgin CK yüksekliği daha baskındır. Bu hastada serotonerjik kombinasyon, ishal, hiperrefleksi ve klonus ön plandadır. || Malign hipertermi genellikle inhalasyon anestetikleri veya süksinilkolin sonrası ameliyathane bağlamında ağır hiperkapni, rijidite ve hipertermiyle gelişir. Bu olguda böyle bir tetikleyici yoktur."
v407-small-clerkships-lewy-cisimcigi,Lewy cisimciği,Lewy cisimciği; alfa-sinüklein inklüzyonu,Küçük Stajlar,Nöroloji - nöropatoloji,P1,Parkinson hastalığında görülebilen alfa-sinüklein içeren intranöronal inklüzyondur.,"Lewy cisimciği Parkinson patolojisini destekleyen klasik histolojik ipucudur. Klinik tabloda bradikinezi, rijidite, istirahat tremoru ve postüral instabilite ile ilişkilendirilir.",Parkinson’da patoloji sorulursa alfa-sinüklein/Lewy cisimciği akılda tutulur.,Alzheimer’da beta-amiloid ve tau patolojisi öne çıkar; Parkinson’da alfa-sinüklein ağırlıklıdır.,Parkinson hastalığı; Substantia nigra pars compacta; Alfa-sinüklein,10,"Parkinson hastalığı patofizyolojisi || Parkinson hastalığında substantia nigra pars compacta dopaminerjik nöronlarının dejenerasyonu striatumda dopamin azalmasına yol açar. Bazal ganglion devrelerinde hareketi kolaylaştıran ve baskılayan yolların dengesi bozulur; bradikinezi, rijidite ve tremor gelişir. || Parkinson hastalığındaki temel motor bulguların gelişimini en iyi açıklayan nöropatolojik mekanizma aşağıdakilerden hangisidir?"
v407-small-clerkships-bradikinezi,Bradikinezi,Bradikinezi; hareket yavaşlığı,Küçük Stajlar,Nöroloji - hareket bozukluğu,P1,Hareketlerin yavaşlaması ve başlatılmasının güçleşmesidir.,"Parkinson tanısında temel motor bulgudur; küçük adımlı yürüyüş, azalmış kol salınımı ve yavaş dönüşlerle günlük fonksiyona yansır.",Parkinson’da bradikinezi ana motor eksendir; tremor tek başına yeterli değildir.,Serebellar atakside hareket yavaşlığından çok koordinasyon bozukluğu ve dismetri beklenir.,Parkinson hastalığı; Rijidite; İstirahat tremoru,30,"Kas tonusu artmış olsa da yaygın kurşun boru rijiditesi yoktur; pupiller midriyatik ve reaktiftir. || NMS tipik olarak dopamin antagonistleriyle günler içinde gelişir; kurşun boru rijiditesi, hiporefleksi ve belirgin CK yüksekliği daha baskındır. Bu hastada serotonerjik kombinasyon, ishal, hiperrefleksi ve klonus ön plandadır. || Malign hipertermi genellikle inhalasyon anestetikleri veya süksinilkolin sonrası ameliyathane bağlamında ağır hiperkapni, rijidite ve hipertermiyle gelişir. Bu olguda böyle bir tetikleyici yoktur."
v407-small-clerkships-istirahat-tremoru,İstirahat tremoru,İstirahat tremoru; resting tremor,Küçük Stajlar,Nöroloji - hareket bozukluğu,P1,"Kas gevşekken ortaya çıkan, hareketle azalabilen tremor paternidir.",Parkinson’da tipik olarak elde “para sayar” tarzda istirahat tremoru görülebilir. Esansiyel tremor ise çoğunlukla postüral/aksiyon tremoru şeklindedir.,İstirahatte belirgin tremor Parkinson lehinedir; aksiyon tremoru esansiyel tremoru düşündürür.,Serebellar tremor hedefe yaklaşırken artar; Parkinson tremoru istirahatte baskındır.,Parkinson hastalığı; Bradikinezi; Rijidite,9,"Kas tonusu artmış olsa da yaygın kurşun boru rijiditesi yoktur; pupiller midriyatik ve reaktiftir. || NMS tipik olarak dopamin antagonistleriyle günler içinde gelişir; kurşun boru rijiditesi, hiporefleksi ve belirgin CK yüksekliği daha baskındır. Bu hastada serotonerjik kombinasyon, ishal, hiperrefleksi ve klonus ön plandadır. || Malign hipertermi genellikle inhalasyon anestetikleri veya süksinilkolin sonrası ameliyathane bağlamında ağır hiperkapni, rijidite ve hipertermiyle gelişir. Bu olguda böyle bir tetikleyici yoktur."
v407-small-clerkships-kucuk-adimli-yuruyus,Küçük adımlı yürüyüş,Küçük adımlı yürüyüş; kısa adımlı yürüyüş; shuffling gait,Küçük Stajlar,Nöroloji - yürüyüş paterni,P1,"Kısa adımlarla, yavaş ve çoğu kez kol salınımı azalmış yürüyüş paternidir.",Parkinson’da hipokinetik bazal ganglion bozukluğunun klinik yansımasıdır. Dönüşlerin yavaşlaması ve öne eğik postür eşlik edebilir.,Küçük adımlı yürüyüş + bradikinezi + rijidite Parkinson paternidir.,Manyetik yürüyüş NPH’de ayakları yerden kaldırmakta zorlanma ile ayrılır.,Parkinson hastalığı; Bradikinezi; Manyetik yürüyüş,0,"Parkinson hastalığı patofizyolojisi || Parkinson hastalığında substantia nigra pars compacta dopaminerjik nöronlarının dejenerasyonu striatumda dopamin azalmasına yol açar. Bazal ganglion devrelerinde hareketi kolaylaştıran ve baskılayan yolların dengesi bozulur; bradikinezi, rijidite ve tremor gelişir. || Parkinson hastalığındaki temel motor bulguların gelişimini en iyi açıklayan nöropatolojik mekanizma aşağıdakilerden hangisidir?"
v407-small-clerkships-intrakraniyal-kanama-dislama,İntrakraniyal kanama dışlama,İntrakraniyal kanama dışlama; kanama dışlama; hemorajiyi dışlama,Küçük Stajlar,Nöroloji - inme görüntüleme,P0,Akut inmede reperfüzyon öncesi beyin içi kanamanın hızlıca ekarte edilmesidir.,Tromboliz düşünülmeden önce kanama dışlanmalıdır; bu nedenle ilk basamakta hızlı beyin görüntüleme gerekir. Kanama varsa antitrombotik/reperfüzyon yaklaşımı değişir.,Trombolizden önce ilk güvenlik kapısı intrakraniyal kanamayı dışlamaktır.,Migren veya nöbet taklitçi olabilir; ancak akut fokal defisitte inme dışlanmadan beklenmez.,Akut iskemik inme; Beyin BT; Tromboliz penceresi,39,"Akut iskemik inme şüphesinde hipoglisemi ve stabilite hızla değerlendirilse de reperfüzyon öncesi intrakraniyal kanamayı dışlamak için ilk görüntülemenin kontrastsız beyin BT olduğunu ayırt edebilme. || Hipoglisemi, nöbet ve travma öyküsü klinik olarak geri plandadır; reperfüzyon penceresinde kanama dışlama basamağı belirleyicidir. || Kan örnekleri tedavi güvenliği için eş zamanlı alınır; bu hazırlık ilk kanama dışlama görüntülemesini bekletecek bir basamak olarak kullanılmaz."
v407-small-clerkships-tromboliz-penceresi,Tromboliz penceresi,Tromboliz penceresi; IV tromboliz penceresi; reperfüzyon penceresi,Küçük Stajlar,Nöroloji - reperfüzyon kararı,P1,Akut iskemik inmede uygun hastada IV trombolitik tedavi için zaman sınırını ifade eder.,"Başlangıç zamanının net olması tedavi uygunluğu açısından kritiktir. Klinik, görüntüleme ve kontrendikasyonlar birlikte değerlendirilir; zaman belirsizse risk artar.",Akut inmede “son normal görülme zamanı” tromboliz kararının merkezindedir.,Mekanik trombektomi büyük damar oklüzyonunda daha geniş pencerede düşünülebilir; IV tromboliz ayrı zaman-kriter zinciridir.,Akut iskemik inme; NIHSS; İntrakraniyal kanama dışlama,2,"Akut iskemik inme şüphesinde hipoglisemi ve stabilite hızla değerlendirilse de reperfüzyon öncesi intrakraniyal kanamayı dışlamak için ilk görüntülemenin kontrastsız beyin BT olduğunu ayırt edebilme. || Hipoglisemi, nöbet ve travma öyküsü klinik olarak geri plandadır; reperfüzyon penceresinde kanama dışlama basamağı belirleyicidir. || NIHSS ve fokal nörolojik muayene"
v407-small-clerkships-albuminositolojik-ayrisma,Albüminositolojik ayrışma,Albüminositolojik ayrışma; albuminositolojik dissosiasyon,Küçük Stajlar,Nöroloji - BOS bulgusu,P0,BOS protein yüksekliği varken hücre sayısının belirgin artmaması paternidir.,Guillain-Barré sendromunda kök/sinir inflamasyonuna bağlı tipik destekleyici BOS bulgusudur. Hastalığın erken döneminde normal olabilir; klinik yükselen güçsüzlük ve arefleksi daha belirleyicidir.,"GBS’de BOS ipucu: protein yüksek, hücre az.",Enfeksiyöz menenjitte hücre artışı belirgindir; GBS’de albuminositolojik ayrışma beklenir.,Guillain-Barré sendromu; Arefleksi; IVIG,20,"Postenfeksiyöz yükselen arefleksik güçsüzlükte Guillain-Barre sendromunu tanıyıp solunum izlemiyle birlikte hastalık modifiye edici tedaviyi seçme. || GBS’de IVIG/plazmaferezin hastalık modifiye edici tedavi olduğunu; steroid, yalnız analjezi veya ayaktan antibiyotiğin uygun olmadığını açıklayabilme. || Geçirilmiş gastroenterit sonrası yükselen simetrik güçsüzlük, arefleksi, hafif distal parestezi ve solunum kası riski vardır."
v407-small-clerkships-solunum-kapasitesi-izlemi,Solunum kapasitesi izlemi,Solunum kapasitesi izlemi; FVC izlemi; vital kapasite izlemi,Küçük Stajlar,Nöroloji - GBS güvenlik izlemi,P1,Nöromüsküler güçsüzlükte vital kapasite ve solunum rezervinin izlenmesidir.,"GBS’de yükselen güçsüzlük diyafram ve solunum kaslarına ilerleyebilir. Bu nedenle yalnız motor muayene değil, solunum kapasitesi ve otonom bulgular da izlenmelidir.",GBS’de ölümcül risk solunum yetmezliğidir; FVC izlemi kritik güvenlik kapısıdır.,Basit periferik nöropatide hızlı solunum kası tutulumu beklenmez; GBS’de yoğun bakım ihtiyacı doğabilir.,Guillain-Barré sendromu; Arefleksi; IVIG,5,"Postenfeksiyöz yükselen arefleksik güçsüzlükte Guillain-Barre sendromunu tanıyıp solunum izlemiyle birlikte hastalık modifiye edici tedaviyi seçme. || GBS’de IVIG/plazmaferezin hastalık modifiye edici tedavi olduğunu; steroid, yalnız analjezi veya ayaktan antibiyotiğin uygun olmadığını açıklayabilme. || Geçirilmiş gastroenterit sonrası yükselen simetrik güçsüzlük, arefleksi, hafif distal parestezi ve solunum kası riski vardır."
v407-small-clerkships-intravenoz-immunglobulin,İntravenöz immünglobulin,İntravenöz immünglobulin,Küçük Stajlar,Nöroloji - immün tedavi,P1,GBS gibi immün nöropatilerde hastalık seyrini değiştirebilen damar içi immünglobulin tedavisidir.,Guillain-Barré sendromunda IVIG ve plazmaferez etkili seçeneklerdir; steroidler temel hastalık değiştirici tedavi değildir. Solunum ve otonom izlemle birlikte düşünülür.,GBS’de IVIG veya plazmaferez; steroid beklenen cevap değildir.,Myasthenic krizde de IVIG/plazmaferez kullanılabilir; klinik bağlam ayırımı nöromüsküler kavşak vs poliradikülonöropatidir.,Guillain-Barré sendromu; Plazmaferez; Solunum kapasitesi izlemi,5,"Postenfeksiyöz yükselen arefleksik güçsüzlükte Guillain-Barre sendromunu tanıyıp solunum izlemiyle birlikte hastalık modifiye edici tedaviyi seçme. || GBS’de IVIG/plazmaferezin hastalık modifiye edici tedavi olduğunu; steroid, yalnız analjezi veya ayaktan antibiyotiğin uygun olmadığını açıklayabilme. || FVC/NIF ile solunum kapasitesi izlemi"
v407-small-clerkships-desmoglein-3,Desmoglein 3,Desmoglein 3; Dsg3,Küçük Stajlar,Dermatoloji - adezyon proteini,P0,Keratinositler arası desmozomal adezyonda görevli proteindir.,Pemfigus vulgariste otoantikor hedeflerinden biridir; özellikle mukozal tutulumla ilişkilidir. Adezyon kaybı gevşek bül ve erozyona yol açar.,Pemfigus vulgaris sorusunda hedef protein: desmoglein 3/1.,Hemidesmozom hedefleri büllöz pemfigoidi düşündürür; desmoglein pemfigus lehinedir.,Pemfigus vulgaris; Suprabazal akantoliz; Desmozom,28,"Pemfigus vulgariste desmozomal desmoglein hedefini; büllöz pemfigoid, muköz membran pemfigoid, epidermolizis bülloza akizita ve hemidesmozomal hastalıklardan ayırt edebilme. || Taze lezyon kenarından alınan biyopside suprabazal akantoliz ve intraepidermal bül izlenmesi keratinositler arası adezyon kaybını gösterir. || Mukozal erozyon, gevşek bül, pozitif Nikolsky bulgusu, suprabazal akantoliz ve intersellüler immünfloresan paternle seyreden bu hastalıkta hedef alınan temel adezyon proteini hangisidir?"
v407-small-clerkships-interselluler-immunfloresan,İntersellüler immünfloresan,İntersellüler immünfloresan; balık ağı immünfloresan; ağsı immünfloresan,Küçük Stajlar,Dermatoloji - immünfloresan paterni,P1,Epidermiste hücreler arası ağsı IgG/C3 boyanma paternidir.,Pemfigus vulgariste desmozomal proteinlere karşı antikorlar intersellüler boyanma oluşturur. Bu patern tanıyı subepidermal lineer boyanmalı hastalıklardan ayırır.,Ağsı intersellüler IF = pemfigus; lineer bazal membran IF = pemfigoid düşün.,Lineer IgG/C3 birikimi hemidesmozomal/bazal membran hastalığı lehinedir.,Pemfigus vulgaris; Desmoglein 3; Lineer IgG/C3,11,"Pemfigus vulgariste desmozomal desmoglein hedefini; büllöz pemfigoid, muköz membran pemfigoid, epidermolizis bülloza akizita ve hemidesmozomal hastalıklardan ayırt edebilme. || Mukozal erozyon, gevşek bül, pozitif Nikolsky bulgusu, suprabazal akantoliz ve intersellüler immünfloresan paternle seyreden bu hastalıkta hedef alınan temel adezyon proteini hangisidir? || Desmoglein 3"
v407-small-clerkships-gevsek-bul,Gevşek bül,Gevşek bül; flasid bül; kolay patlayan bül,Küçük Stajlar,Dermatoloji - lezyon morfolojisi,P1,"İnce duvarlı, kolay yırtılan sıvı dolu deri lezyonudur.",İntraepidermal ayrışma nedeniyle pemfigus vulgariste büller gevşek ve kolay patlar; geride ağrılı erozyon bırakır.,Gevşek bül + mukozal erozyon pemfigus lehine; gergin bül pemfigoid lehine.,SJS/TEN’de yaygın epidermal nekroliz ve ilaç ilişkisi daha baskındır.,Pemfigus vulgaris; Nikolsky bulgusu; Mukozal erozyon,73,"Ağız yaraları ve gevşek büller || Ağrılı oral erozyon ve gevşek bül paterninde intraepidermal otoimmün büllöz hastalığı tanıyıp hedef adezyon proteinini ayırt etme. || Pemfigus vulgariste desmozomal desmoglein hedefini; büllöz pemfigoid, muköz membran pemfigoid, epidermolizis bülloza akizita ve hemidesmozomal hastalıklardan ayırt edebilme."
v407-small-clerkships-mukozal-erozyon,Mukozal erozyon,Mukozal erozyon; oral erozyon; ağız içi erozyon,Küçük Stajlar,Dermatoloji - mukozal lezyon,P1,Mukoza yüzeyinin epitel kaybıyla ağrılı açık lezyona dönüşmesidir.,Pemfigus vulgariste ağız içi ağrılı erozyonlar erken ve belirgin olabilir. Bu bulgu büllöz pemfigoid gibi daha çok deri ağırlıklı hastalıklardan ayırmada değerlidir.,Ağızda iyileşmeyen ağrılı erozyon + gevşek bül = pemfigus vulgaris.,Aftöz ülserler sınırlı ve tekrarlayıcı olabilir; pemfigusta yaygın büllöz/erozif deri-mukoza paterni vardır.,Pemfigus vulgaris; Desmoglein 3; Nikolsky bulgusu,30,"Ağrılı oral erozyon ve gevşek bül paterninde intraepidermal otoimmün büllöz hastalığı tanıyıp hedef adezyon proteinini ayırt etme. || Pemfigus vulgariste desmozomal desmoglein hedefini; büllöz pemfigoid, muköz membran pemfigoid, epidermolizis bülloza akizita ve hemidesmozomal hastalıklardan ayırt edebilme. || 52 yaşında kadın hasta, dermatoloji polikliniğinde kronik oral erozyon ve gevşek büller nedeniyle değerlendiriliyor."
v407-small-clerkships-hemidesmozom,Hemidesmozom,Hemidesmozom; hemidesmosom,Küçük Stajlar,Dermatoloji - bazal membran bağlantısı,P1,Epidermal bazal hücreleri bazal membrana bağlayan adezyon kompleksidir.,Büllöz pemfigoidde BP180/BP230 gibi hemidesmozomal yapılara karşı antikorlar subepidermal ayrışma ve gergin bül oluşturur.,Gergin bül + yaşlı hasta + hemidesmozom hedefi = büllöz pemfigoid.,Desmoglein hedefi pemfigus vulgaris; hemidesmozom hedefi pemfigoid lehinedir.,Büllöz pemfigoid; BP180; Subepidermal bül,69,"Pemfigus vulgariste desmozomal desmoglein hedefini; büllöz pemfigoid, muköz membran pemfigoid, epidermolizis bülloza akizita ve hemidesmozomal hastalıklardan ayırt edebilme. || Dağılım ve morfoloji intraepidermal büllöz süreci düşündürürken gergin subepidermal bül, çocukluk başlangıcı veya ilaç ilişkili akut reaksiyon öyküsü desteklenmemektedir. || BP180 kollajen"
v407-small-clerkships-bp180,BP180,BP180; BPAG2; kollajen XVII,Küçük Stajlar,Dermatoloji - büllöz pemfigoid antijeni,P1,Büllöz pemfigoidde hedef alınabilen hemidesmozomal transmembran proteindir.,"BP180/BP230 antikorları bazal membran bölgesinde ayrışmaya yol açar. Klinik olarak kaşıntılı, gergin büller ve lineer IgG/C3 birikimi beklenir.",Büllöz pemfigoidde hedefler BP180/BP230; ayrışma subepidermaldir.,Desmoglein antikorları intraepidermal pemfigus tablosu yapar.,Büllöz pemfigoid; Hemidesmozom; Lineer IgG/C3,13,"Pemfigus vulgariste desmozomal desmoglein hedefini; büllöz pemfigoid, muköz membran pemfigoid, epidermolizis bülloza akizita ve hemidesmozomal hastalıklardan ayırt edebilme. || BP180 kollajen || BP180 hemidesmozomal büllöz pemfigoid hedefidir; genellikle yaşlı hastada gergin subepidermal büller ve lineer bazal membran immünfloresansı beklenir. Bu olguda gevşek bül, suprabazal akantoliz ve intersellüler patern vardır."
v407-small-clerkships-subepidermal-bul,Subepidermal bül,Subepidermal bül; subepidermal ayrışma,Küçük Stajlar,Dermatoloji - histopatoloji,P1,Ayrışmanın epidermis ile dermis arasında olduğu bül tipidir.,Büllöz pemfigoidde bül çatısı daha sağlam olduğu için lezyonlar gergindir. Bu anatomik düzey pemfigus vulgaristeki suprabazal akantolizden temel ayrımı oluşturur.,Gergin bülün histolojik karşılığı çoğunlukla subepidermal ayrışmadır.,İntraepidermal büller daha gevşek ve kolay rüptüre olur.,Büllöz pemfigoid; Hemidesmozom; Gergin bül,47,"Pemfigus vulgariste desmozomal desmoglein hedefini; büllöz pemfigoid, muköz membran pemfigoid, epidermolizis bülloza akizita ve hemidesmozomal hastalıklardan ayırt edebilme. || Hasta yaklaşık iki aydır ağız içinde iyileşmeyen ağrılı yaralar nedeniyle yemek yerken zorlandığını anlatır. Son üç haftada gövde, saçlı deri ve sırt bölgesinde ince duvarlı, kolay patlayan su dolu kabarcıklar gelişmiştir. Lezyonlar açıldıktan sonra ağrılı erozyonlar bırakmakta, belirgin travma olmadan yeni alanlar oluşabilmektedir. Yeni ilaç kullanımı, yanık, kimyasal temas veya son dönemde febril enfeksiyon öyküsü yoktur. Gözde yapışıklık, yaygın gergin bül veya çocukluktan beri süren benzer l || Dağılım ve morfoloji intraepidermal büllöz süreci düşündürürken gergin subepidermal bül, çocukluk başlangıcı veya ilaç ilişkili akut reaksiyon öyküsü desteklenmemektedir."
v407-small-clerkships-lineer-igg-c3-birikimi,Lineer IgG/C3 birikimi,Lineer IgG/C3 birikimi; lineer C3; lineer IgG,Küçük Stajlar,Dermatoloji - immünfloresan paterni,P1,Bazal membran hattı boyunca lineer IgG ve/veya C3 boyanmasıdır.,Büllöz pemfigoidin tipik immünfloresan paternidir. Pemfigus vulgaristeki intersellüler ağsı boyanmadan ayrılır.,Lineer bazal membran IgG/C3 = pemfigoid paternidir.,"Ağsı intersellüler boyanma pemfigusu, lineer bazal membran boyanması pemfigoidi destekler.",Büllöz pemfigoid; Hemidesmozom; BP180,23,"Pemfigus vulgariste desmozomal desmoglein hedefini; büllöz pemfigoid, muköz membran pemfigoid, epidermolizis bülloza akizita ve hemidesmozomal hastalıklardan ayırt edebilme. || BP180 kollajen || BP180 hemidesmozomal büllöz pemfigoid hedefidir; genellikle yaşlı hastada gergin subepidermal büller ve lineer bazal membran immünfloresansı beklenir. Bu olguda gevşek bül, suprabazal akantoliz ve intersellüler patern vardır."
v407-small-clerkships-gergin-bul,Gergin bül,Gergin bül; tense bül,Küçük Stajlar,Dermatoloji - lezyon morfolojisi,P1,"Kalın çatılı, kolay yırtılmayan sıvı dolu deri lezyonudur.",Subepidermal ayrışma nedeniyle büllöz pemfigoidde büller gergindir. Mukozal tutulum pemfigus vulgarise göre daha azdır.,Yaşlı hasta + kaşıntılı gergin bül = büllöz pemfigoid düşün.,Gevşek bül ve belirgin oral erozyon pemfigus vulgaris lehinedir.,Büllöz pemfigoid; Subepidermal bül; Lineer IgG/C3,48,"Pemfigus vulgariste desmozomal desmoglein hedefini; büllöz pemfigoid, muköz membran pemfigoid, epidermolizis bülloza akizita ve hemidesmozomal hastalıklardan ayırt edebilme. || Hasta yaklaşık iki aydır ağız içinde iyileşmeyen ağrılı yaralar nedeniyle yemek yerken zorlandığını anlatır. Son üç haftada gövde, saçlı deri ve sırt bölgesinde ince duvarlı, kolay patlayan su dolu kabarcıklar gelişmiştir. Lezyonlar açıldıktan sonra ağrılı erozyonlar bırakmakta, belirgin travma olmadan yeni alanlar oluşabilmektedir. Yeni ilaç kullanımı, yanık, kimyasal temas veya son dönemde febril enfeksiyon öyküsü yoktur. Gözde yapışıklık, yaygın gergin bül veya çocukluktan beri süren benzer l || Dağılım ve morfoloji intraepidermal büllöz süreci düşündürürken gergin subepidermal bül, çocukluk başlangıcı veya ilaç ilişkili akut reaksiyon öyküsü desteklenmemektedir."
v407-small-clerkships-pitriyazis-rosea,Pitriyazis rosea,Pitriyazis rosea; pityriasis rosea,Küçük Stajlar,Dermatoloji - papüloskuamöz hastalık,P1,Genellikle öncü plak ve gövdede çam ağacı dağılımıyla seyreden benign döküntüdür.,Sistemik ağır hastalık bulgusu olmadan oval skuamlı lezyonlar yapar. Klinik tanı çoğu kez yeterlidir; tinea veya sekonder sifiliz gibi ayırıcılar lezyon dağılımı ve testlerle ayrılır.,Madalyon plak + çam ağacı dağılımı = pitriyazis rosea.,Tinea korporiste KOH pozitif dermatofit hifleri; sifilizde palmoplantar döküntü ve seroloji beklenir.,Madalyon plak; Kollaret skuam; Çam ağacı dağılımı,12,Pitriyazis rosea || Pitriyazis rosea. || Pitriyazis rosea genellikle nasıl seyreder?
v407-small-clerkships-madalyon-plak,Madalyon plak,Madalyon plak; herald patch; öncü plak,Küçük Stajlar,Dermatoloji - papüloskuamöz ipucu,P1,Pitriyazis rosea başlangıcında görülen daha büyük öncü oval skuamlı lezyondur.,Daha sonra gövdede çok sayıda küçük oval lezyon gelişir. Bu öncü lezyon tanıyı alerjik döküntü veya dermatofit enfeksiyonundan ayırmaya yardım eder.,Tek büyük öncü plak ardından yaygın döküntü pitriyazis rosea lehinedir.,Tinea lezyonu kenarda aktif skuam ve KOH pozitifliğiyle ayrılır.,Pitriyazis rosea; Kollaret skuam; Çam ağacı dağılımı,7,Pitriyazis rosea || Herald patch ve Christmas tree dağılımı hangi dermatolojik tabloyu düşündürür? || Pitriyazis rosea.
v407-small-clerkships-kollaret-skuam,Kollaret skuam,Kollaret skuam; collarette scale,Küçük Stajlar,Dermatoloji - lezyon morfolojisi,P2,Lezyon kenarına yakın halka tarzı ince skuamlanma görünümüdür.,Pitriyazis rosea plaklarında sık tanımlanan bir morfolojik ipucudur. Klinik morfoloji doğru okunursa gereksiz antifungal/antibiyotik kullanımından kaçınılır.,Oval plak + kollaret skuam pitriyazis rosea lehinedir.,Psoriasis skuamı daha kalın-gümüşi olabilir; tinea aktif kenarlı halka yapar.,Pitriyazis rosea; Madalyon plak; Çam ağacı dağılımı,0,Pitriyazis rosea || Pitriyazis rosea. || Pitriyazis rosea genellikle nasıl seyreder?
v407-small-clerkships-cam-agaci-dagilimi,Çam ağacı dağılımı,Çam ağacı dağılımı; christmas tree pattern; çam ağacı paterni,Küçük Stajlar,Dermatoloji - döküntü dağılımı,P2,Gövde cilt çizgileri boyunca dizilen oval lezyonların oluşturduğu paterndir.,Pitriyazis rosea için klasik dağılım ifadesidir. Döküntünün simetrik ve gövde ağırlıklı olması ayırıcı tanıda önem taşır.,Gövde çizgilerine paralel çam ağacı paterni pitriyazis rosea ipucudur.,Diffüz ürtiker geçici kabarıklıklarla seyreder; pitriyazis rosea daha sabit skuamlı plaklar yapar.,Pitriyazis rosea; Madalyon plak; Kollaret skuam,0,Pitriyazis rosea || Pitriyazis rosea. || Pitriyazis rosea genellikle nasıl seyreder?
v407-small-clerkships-tinea-pedis,Tinea pedis,Tinea pedis; athlete’s foot; ayak mantarı,Küçük Stajlar,Dermatoloji - dermatofit enfeksiyonu,P1,Ayakta dermatofitlerin neden olduğu yüzeyel mantar enfeksiyonudur.,"İnterdigital maserasyon, kaşıntı, skuam ve bazen fissürlerle seyreder. KOH incelemesinde septalı hiflerin görülmesi tanıyı destekler.",Ayak parmak arası maserasyon + KOH’da hif = tinea pedis.,"Egzamada KOH negatif olabilir; bakteriyel selülitte derin ağrı, eritem ve sistemik bulgular daha belirgindir.",Dermatofit; KOH incelemesi; İnterdigital maserasyon,7,Her iki hastalıkta da temel mekanizma dermatofit hifalarının epidermisi invaze etmesidir || Yanlıştır. Dermatofit hifaları tinea enfeksiyonlarını düşündürür. Pemfigus vulgaris ve büllöz pemfigoid otoimmün büllöz hastalıklardır. || Tinea pedis
v407-small-clerkships-interdigital-maserasyon,İnterdigital maserasyon,İnterdigital maserasyon; parmak arası maserasyon,Küçük Stajlar,Dermatoloji - ayak lezyonu,P1,"Parmak aralarında nemle yumuşama, beyazlaşma ve soyulma görünümüdür.",Tinea pediste özellikle üçüncü-dördüncü veya dördüncü-beşinci parmak aralarında görülür. Mantar enfeksiyonuna bağlı bariyer bozulması bakteriyel süperenfeksiyona zemin hazırlayabilir.,Parmak arası maserasyon tinea pedis için güçlü morfolojik ipucudur.,Kontakt dermatitte temas öyküsü ve yaygın ekzematöz patern daha baskındır.,Tinea pedis; Dermatofit; KOH incelemesi,0,Her iki hastalıkta da temel mekanizma dermatofit hifalarının epidermisi invaze etmesidir || Yanlıştır. Dermatofit hifaları tinea enfeksiyonlarını düşündürür. Pemfigus vulgaris ve büllöz pemfigoid otoimmün büllöz hastalıklardır. || Tinea pedis
v407-small-clerkships-koh-incelemesi,KOH incelemesi,KOH incelemesi; KOH testi; potasyum hidroksit incelemesi,Küçük Stajlar,Dermatoloji - mikolojik tanı,P1,Deri kazıntısında potasyum hidroksitle keratin temizlenerek mantar elemanlarının görülmesidir.,Tinea pedis gibi dermatofit enfeksiyonlarında septalı hifleri gösterebilir. Klinik şüpheyi objektif hale getirir ve gereksiz steroid kullanımını önler.,Skuamlı lezyonda KOH pozitif septalı hif dermatofit lehinedir.,Bakteriyel enfeksiyon kültür/Gram ile; dermatofit ise KOH mikroskopisiyle desteklenir.,Tinea pedis; Dermatofit; Septalı hif,0,Her iki hastalıkta da temel mekanizma dermatofit hifalarının epidermisi invaze etmesidir || Yanlıştır. Dermatofit hifaları tinea enfeksiyonlarını düşündürür. Pemfigus vulgaris ve büllöz pemfigoid otoimmün büllöz hastalıklardır. || Tinea pedis
v407-small-clerkships-munro-mikroapsesi,Munro mikroapsesi,Munro mikroapsesi; Munro absesi,Küçük Stajlar,Dermatoloji - psoriasis histolojisi,P1,Stratum korneum içinde nötrofil birikimlerinden oluşan küçük mikroapselerdir.,"Psoriasis vulgarisin histolojik ipuçlarındandır. Parakeratoz, akantoz ve uzamış rete çıkıntılarıyla birlikte değerlendirilir.",Psoriasis histolojisinde Munro mikroapsesi sık sorulan ipucudur.,Pemfigusta akantoliz; psoriasisde epidermal hiperproliferasyon ve nötrofilik mikroapseler öne çıkar.,Psoriasis vulgaris; Parakeratoz; Akantoz,0,"Psoriasis vulgaris histopatolojisiyle ilgili en uygun ifade aşağıdakilerden hangisidir? || Parakeratoz, akantoz ve munro mikroabseleri görülebilir || Psoriasis epidermal hiperproliferasyon ve inflamasyonla seyreden kronik inflamatuvar deri hastalığıdır. Histolojide akantoz, parakeratoz, rete çıkıntılarında uzama ve stratum korneumda nötrofil birikimleri olan Munro mikroabseleri görülebilir."
v407-small-clerkships-parakeratoz,Parakeratoz,Parakeratoz; parakeratosis,Küçük Stajlar,Dermatoloji - epidermal histoloji,P1,Stratum korneumda çekirdekli keratinositlerin kalmasıdır.,Psoriasis gibi hızlı epidermal döngü durumlarında görülür. Histolojik olarak hiperproliferatif deri hastalığı mantığını açıklar.,Psoriasisde hızlı keratinosit döngüsü parakeratoz yapar.,Normal ortokeratozda stratum korneumda çekirdek bulunmaz.,Psoriasis vulgaris; Munro mikroapsesi; Akantoz,31,"Psoriasis vulgaris histopatolojisiyle ilgili en uygun ifade aşağıdakilerden hangisidir? || Parakeratoz, akantoz ve munro mikroabseleri görülebilir || Psoriasis epidermal hiperproliferasyon ve inflamasyonla seyreden kronik inflamatuvar deri hastalığıdır. Histolojide akantoz, parakeratoz, rete çıkıntılarında uzama ve stratum korneumda nötrofil birikimleri olan Munro mikroabseleri görülebilir."
v407-small-clerkships-akantoz,Akantoz,Akantoz; epidermal akantoz,Küçük Stajlar,Dermatoloji - epidermal kalınlaşma,P1,Epidermisin stratum spinosum tabakasında kalınlaşmadır.,Psoriasisde epidermal hiperplazi ve rete çıkıntılarının uzamasıyla birlikte görülür. Bu morfoloji kalın skuamlı plak görünümünü açıklar.,Akantoz epidermal hiperplazi demektir; psoriasis histolojisinde önemlidir.,Akantoliz hücreler arası bağ kaybıdır; akantoz kalınlaşmadır.,Psoriasis vulgaris; Parakeratoz; Munro mikroapsesi,31,"Psoriasis vulgaris histopatolojisiyle ilgili en uygun ifade aşağıdakilerden hangisidir? || Parakeratoz, akantoz ve munro mikroabseleri görülebilir || Psoriasis epidermal hiperproliferasyon ve inflamasyonla seyreden kronik inflamatuvar deri hastalığıdır. Histolojide akantoz, parakeratoz, rete çıkıntılarında uzama ve stratum korneumda nötrofil birikimleri olan Munro mikroabseleri görülebilir."
v407-small-clerkships-koebner-fenomeni,Koebner fenomeni,Koebner fenomeni; isomorfik yanıt,Küçük Stajlar,Dermatoloji - tetiklenme paterni,P1,Travma bölgelerinde aynı hastalığa ait yeni lezyonların gelişmesidir.,"Psoriasis gibi bazı dermatozlarda kaşıma, kesik veya sürtünme alanlarında yeni plaklar çıkabilir. TUS’ta lezyon oluşum mekanizması ve öykü bağlantısı açısından değerlidir.",Travma hattında psoriasis plağı = Koebner fenomeni.,Enfeksiyöz yayılım değildir; mekanik travmanın inflamatuvar hastalığı tetiklemesidir.,Psoriasis vulgaris; Auspitz fenomeni; Plak psoriasis,0,"Psoriasis vulgaris histopatolojisiyle ilgili en uygun ifade aşağıdakilerden hangisidir? || Doğru cevap A’dır. Psoriasis vulgariste epidermal turnover artmıştır; bu durum parakeratoz, akantoz ve düzenli rete uzantıları ile histolojik olarak yansır. Stratum korneum içinde nötrofil kümeleri Munro mikroabseleri olarak adlandırılır. Suprabazal akantoliz pemfigus vulgaris için, subepidermal bül ve lineer IgG/C3 birikimi büllöz pemfigoid için, kazeifiye granülomlar tüberküloz gibi granülomatöz hastalıklar için, melanosit kaybı ise vitiligo için daha uygundur."
v407-small-clerkships-auspitz-fenomeni,Auspitz fenomeni,Auspitz fenomeni; Auspitz bulgusu,Küçük Stajlar,Dermatoloji - psoriasis muayenesi,P1,Psoriasis plağının skuamı kaldırıldığında noktasal kanama görülmesidir.,Papiller dermisteki uzamış damarlar ve incelmiş suprapapiller epidermisle ilişkilidir. Klinik morfolojiyi histolojiyle bağlayan öğretici bir bulgudur.,Gümüşi skuam kaldırılınca noktasal kanama = Auspitz.,Tinea lezyonunda aktif halka kenarı ve KOH pozitifliği ayırıcıdır.,Psoriasis vulgaris; Parakeratoz; Koebner fenomeni,0,"Psoriasis vulgaris histopatolojisiyle ilgili en uygun ifade aşağıdakilerden hangisidir? || Parakeratoz, akantoz ve munro mikroabseleri görülebilir || Psoriasis epidermal hiperproliferasyon ve inflamasyonla seyreden kronik inflamatuvar deri hastalığıdır. Histolojide akantoz, parakeratoz, rete çıkıntılarında uzama ve stratum korneumda nötrofil birikimleri olan Munro mikroabseleri görülebilir."
v407-small-clerkships-kornea-odemi,Kornea ödemi,Kornea ödemi; korneal ödem; korneal bulanıklık,Küçük Stajlar,Göz Hastalıkları - akut kırmızı göz,P1,Korneanın sıvı birikimiyle bulanıklaşmasıdır.,Akut açı kapanması glokomunda yüksek göz içi basıncı korneal ödem yaparak bulanık görme ve halelere neden olabilir. Ağrılı kırmızı gözde acil glokom zincirini düşündürür.,Ağrılı kırmızı göz + halo + kornea ödemi = akut açı kapanması glokomu.,Konjonktivitte görme genellikle korunur ve korneal bulanıklık beklenmez.,Akut açı kapanması glokomu; Göz içi basıncı; Orta dilate pupil,115,"Akut açı kapanması glokomunda ilk hedefin göz içi basıncını hızla düşürmek olduğunu; antibiyotik, antihistaminik, refraksiyon veya elektif cerrahi planının akut görme tehdidini çözmediğini ayırt edebilme. || Sağ gözde belirgin siliyer enjeksiyon ve diffüz korneal bulanıklık izlenir; pürülan akıntı yoktur. || Tek taraflı görme azalması, kornea ödemi ve pupil yanıt bozukluğu yüzeyel kırmızı göz nedenlerinden daha ciddi intraoküler acil olasılığını güçlendirir."
v407-small-clerkships-orta-dilate-isiga-yanitsiz-pupil,Orta dilate ışığa yanıtsız pupil,Orta dilate ışığa yanıtsız pupil; mid-dilated fixed pupil; ışığa yanıtsız orta dilate pupil,Küçük Stajlar,Göz Hastalıkları - akut glokom bulgusu,P0,Pupilin orta genişlikte kalıp ışığa yeterli yanıt vermemesidir.,Akut açı kapanması glokomunda iris-lens diyaframı ve yüksek basınç nedeniyle görülebilir. Bu bulgu ağrılı kırmızı gözde aciliyet düzeyini artırır.,Orta dilate sabit pupil akut açı kapanması glokomu için alarmdır.,Üveitte pupil genellikle küçük/irregüler olabilir; akut glokomda yüksek basınç ve orta dilate pupil öne çıkar.,Akut açı kapanması glokomu; Göz içi basıncı; Kornea ödemi,15,"Akut açı kapanması glokomunda ilk hedefin göz içi basıncını hızla düşürmek olduğunu; antibiyotik, antihistaminik, refraksiyon veya elektif cerrahi planının akut görme tehdidini çözmediğini ayırt edebilme. || Tek taraflı görme azalması, kornea ödemi ve pupil yanıt bozukluğu yüzeyel kırmızı göz nedenlerinden daha ciddi intraoküler acil olasılığını güçlendirir. || Göz içi basıncı ölçümü"
v407-small-clerkships-renkli-halo,Renkli halo,Renkli halo; halo görme; haleler,Küçük Stajlar,Göz Hastalıkları - görsel semptom,P1,Işık çevresinde renkli halkalar görme yakınmasıdır.,"Akut açı kapanması glokomunda kornea ödemi ışığın kırılmasını bozarak halelere yol açabilir. Bulantı, ağrı ve yüksek göz içi basıncıyla birlikte tanısal değeri artar.",Haleler + şiddetli göz ağrısı + bulantı = akut açı kapanması düşün.,Migren aurası genellikle nörolojik görsel fenomenlerle seyreder; glokomda ağrılı kırmızı göz ve yüksek GİB vardır.,Akut açı kapanması glokomu; Kornea ödemi; Göz içi basıncı,74,"Akut açı kapanması glokomunda ilk hedefin göz içi basıncını hızla düşürmek olduğunu; antibiyotik, antihistaminik, refraksiyon veya elektif cerrahi planının akut görme tehdidini çözmediğini ayırt edebilme. || Hasta, sağ gözde ani başlayan şiddetli ağrı, görme bulanıklığı, ışıkların etrafında renkli haleler ve bulantı nedeniyle acil servise başvuruyor. || Karanlık ortam sonrası başlayan şiddetli göz ağrısı, haleler, bulantı, kornea bulanıklığı ve pupil yanıt bozukluğu vardır."
v407-small-clerkships-periferik-lazer-iridotomi,Periferik lazer iridotomi,Periferik lazer iridotomi; lazer iridotomi; periferik iridotomi,Küçük Stajlar,Göz Hastalıkları - glokom tedavisi,P1,İris üzerinde küçük açıklık oluşturarak aköz akım blokajını azaltan işlemdir.,Akut açı kapanması kontrol altına alındıktan sonra kesin/önleyici tedavi olarak uygulanabilir. Ama ilk saatlerde basıncı düşüren medikal tedavi ve acil göz konsültasyonu önceliklidir.,Akut krizde önce GİB düşür; kalıcı çözüm periferik iridotomi olabilir.,Primer açık açılı glokom kroniktir; açı kapanmasında anatomik blok ve acil müdahale vardır.,Akut açı kapanması glokomu; Göz içi basıncı; Asetazolamid,10,"Akut açı kapanması glokomunda ilk hedefin göz içi basıncını hızla düşürmek olduğunu; antibiyotik, antihistaminik, refraksiyon veya elektif cerrahi planının akut görme tehdidini çözmediğini ayırt edebilme. || Göz içi basıncı ölçümü || Akut açı kapanması glokomu bulguları olan bu hastada görmeyi korumak için ilk acil medikal yaklaşım hangisidir?"
v407-small-clerkships-fotopsi,Fotopsi,Fotopsi; ışık çakması; ışık çakmaları,Küçük Stajlar,Göz Hastalıkları - retina semptomu,P0,Görme alanında ışık çakmaları algılanmasıdır.,Retina yırtığı veya dekolmanında vitreoretinal çekinti fotopsiye neden olabilir. Yeni uçuşmalar ve perde tarzı görme kaybıyla birlikte acil retina değerlendirmesi gerektirir.,Fotopsi + yeni uçuşma + perde inmesi = retina dekolmanı/yırtığı düşün.,Migren aurası bilateral/zigzaglı ve geçici olabilir; retina dekolmanı tek gözde ilerleyici alan kaybı yapabilir.,Retina dekolmanı; Uçuşma; Perde tarzı görme kaybı,58,"Haleler, kornea ödemi, orta dilate pupil ve yüksek GİB birlikteliğini; retina dekolmanı, optik nörit, anterior üveit ve keratit tablolarından ayırabilme. || Sol göz ağrısı akşam saatlerinde loş bir odada başladı ve yaklaşık iki saat içinde hızla şiddetlendi. Hasta ışıkların etrafında renkli halkalar gördüğünü, görmesinin buğulandığını ve bulantısının arttığını söyler. Daha önce kısa süren benzer bulanık görme atakları olmuş ancak kendiliğinden düzeldiği için başvurmamıştır. Göz travması, kontakt lens kullanımı, pürülan akıntı, uçuşma-perde inmesi veya göz hareketiyle belirgin ağrı tariflemez. Sistemik enfeksiyon bulgusu yoktur. || Perde inmesi/uçuşma"
v407-small-clerkships-ucusma,Uçuşma,Uçuşma; floaters; siyah uçuşma,Küçük Stajlar,Göz Hastalıkları - vitreus semptomu,P1,Görme alanında siyah noktalar veya hareketli parçacıklar algılanmasıdır.,Yeni başlayan çok sayıda uçuşma retina yırtığı/dekolmanı habercisi olabilir. Özellikle fotopsi ve periferden ilerleyen perde hissi eşlik ederse acildir.,Yeni uçuşma basit yaşlanma bulgusu diye geçilmez; fotopsi/perde varsa retina acilidir.,Katarakt daha kronik bulanık görme yapar; akut uçuşma retina-vitreus kaynaklıdır.,Retina dekolmanı; Fotopsi; Vitreus,74,"Haleler, kornea ödemi, orta dilate pupil ve yüksek GİB birlikteliğini; retina dekolmanı, optik nörit, anterior üveit ve keratit tablolarından ayırabilme. || Sol göz ağrısı akşam saatlerinde loş bir odada başladı ve yaklaşık iki saat içinde hızla şiddetlendi. Hasta ışıkların etrafında renkli halkalar gördüğünü, görmesinin buğulandığını ve bulantısının arttığını söyler. Daha önce kısa süren benzer bulanık görme atakları olmuş ancak kendiliğinden düzeldiği için başvurmamıştır. Göz travması, kontakt lens kullanımı, pürülan akıntı, uçuşma-perde inmesi veya göz hareketiyle belirgin ağrı tariflemez. Sistemik enfeksiyon bulgusu yoktur. || Perde inmesi/uçuşma"
v407-small-clerkships-perde-tarzi-gorme-kaybi,Perde tarzı görme kaybı,Perde tarzı görme kaybı; perde inmesi; karanlık perde,Küçük Stajlar,Göz Hastalıkları - retina alarm bulgusu,P0,Görme alanına karanlık perde inmesi şeklinde tariflenen alan kaybıdır.,Retina dekolmanında ayrılan retina alanı periferden merkeze ilerleyen perde hissi yapabilir. Makula tutulmadan müdahale görme prognozu açısından kritiktir.,Periferden merkeze ilerleyen perde hissi retina dekolmanı için klasik alarmdır.,Optik nöritte göz hareketiyle ağrı ve santral görme kaybı daha tipiktir.,Retina dekolmanı; Fotopsi; Uçuşma,23,"Haleler, kornea ödemi, orta dilate pupil ve yüksek GİB birlikteliğini; retina dekolmanı, optik nörit, anterior üveit ve keratit tablolarından ayırabilme. || Sol göz ağrısı akşam saatlerinde loş bir odada başladı ve yaklaşık iki saat içinde hızla şiddetlendi. Hasta ışıkların etrafında renkli halkalar gördüğünü, görmesinin buğulandığını ve bulantısının arttığını söyler. Daha önce kısa süren benzer bulanık görme atakları olmuş ancak kendiliğinden düzeldiği için başvurmamıştır. Göz travması, kontakt lens kullanımı, pürülan akıntı, uçuşma-perde inmesi veya göz hareketiyle belirgin ağrı tariflemez. Sistemik enfeksiyon bulgusu yoktur. || Travma, kontakt lens kullanımı, pürülan akıntı ve ağrısız perde inmesi öyküsünün olmaması ayırıcı tanıyı daraltır."
v407-small-clerkships-regmatojen-retina-dekolmani,Regmatojen retina dekolmanı,Regmatojen retina dekolmanı; rhegmatogenous retinal detachment; yırtıklı retina dekolmanı,Küçük Stajlar,Göz Hastalıkları - retina hastalığı,P1,Retina yırtığı üzerinden sıvının nörosensoriyel retina altına geçmesiyle oluşan dekolmandır.,"Yüksek miyopi, travma veya vitreus çekintisi sonrası gelişebilir. Fotopsi, uçuşma ve perde tarzı görme kaybı tipiktir.",Retina yırtığı + subretinal sıvı = regmatojen dekolman.,Traksiyonel dekolman proliferatif diyabetik retinopati gibi çekinti durumlarında; eksüdatif dekolman inflamasyon/tümör gibi sızıntılarda görülür.,Retina dekolmanı; Fotopsi; Perde tarzı görme kaybı,8,"Haleler, kornea ödemi, orta dilate pupil ve yüksek GİB birlikteliğini; retina dekolmanı, optik nörit, anterior üveit ve keratit tablolarından ayırabilme. || Retina dekolmanı || Tek taraflı ani şiddetli göz ağrısı, haleler, bulantı, kornea ödemi, orta dilate ışığa yanıtsız pupil ve semptomatik gözde çok yüksek göz içi basıncı akut açı kapanması glokomunu en iyi açıklar. Retina dekolmanı genellikle ağrısız perde/ışık çakmasıyla, optik nörit göz hareketi ağrısı ve renk solmasıyla, keratit ise epitel defekti-kontakt lens öyküsüyle ayrılır."
v407-small-clerkships-hutchinson-bulgusu,Hutchinson bulgusu,Hutchinson bulgusu; burun ucu tutulumu,Küçük Stajlar,Göz Hastalıkları/KBB - zoster alarmı,P0,Herpes zoster döküntüsünün burun ucu veya nazosiliyer dal alanını tutmasıdır.,"V1 dermatomu ve burun ucu tutulumu oküler tutulum riskini artırır. Göz ağrısı, kızarıklık veya fotofobi varsa antiviral tedavi ve acil göz değerlendirmesi gerekir.",Burun ucu vezikülü + göz bulgusu = herpes zoster oftalmikus riski.,Basit kontakt dermatitte dermatomal vezikül ve nöropatik ağrı paterni beklenmez.,Herpes zoster oftalmikus; V1 dermatomu; Keratit,35,"Travma, pürülan akıntı ve proptoz olmaması → keratit/endoftalmi/orbital süreç çeldiricilerini zayıflatır. || Keratit veya ciddi ön segment inflamasyonunda antimikrobiyal/antiinflamatuvar tedavi gerekebilir; ancak bu olguda pürülan akıntı, korneal ülser veya travma değil yüksek GİB ve pupil bozukluğu ön plandadır. Ertesi gün kontrol, akut optik sinir riskini geciktirir. || Haleler, kornea ödemi, orta dilate pupil ve yüksek GİB birlikteliğini; retina dekolmanı, optik nörit, anterior üveit ve keratit tablolarından ayırabilme."
v407-small-clerkships-v1-dermatomu,V1 dermatomu,V1 dermatomu; oftalmik dal dermatomu,Küçük Stajlar,Göz Hastalıkları/KBB - trigeminal dağılım,P1,"Trigeminal sinirin oftalmik dalının alın, üst göz kapağı ve burun kökü bölgesidir.",Herpes zoster oftalmikusta döküntü tek taraflı V1 dağılımında görülür. Burun ucu tutulumu nazosiliyer dalı düşündürerek oküler komplikasyon riskini artırır.,Tek taraflı alın vezikülleri V1 zoster dağılımını düşündürür.,Yaygın alerjik döküntü dermatom sınırına uymaz ve veziküler ağrılı patern tipik değildir.,Herpes zoster oftalmikus; Hutchinson bulgusu; Keratit,16,"Travma, pürülan akıntı ve proptoz olmaması → keratit/endoftalmi/orbital süreç çeldiricilerini zayıflatır. || Keratit veya ciddi ön segment inflamasyonunda antimikrobiyal/antiinflamatuvar tedavi gerekebilir; ancak bu olguda pürülan akıntı, korneal ülser veya travma değil yüksek GİB ve pupil bozukluğu ön plandadır. Ertesi gün kontrol, akut optik sinir riskini geciktirir. || Haleler, kornea ödemi, orta dilate pupil ve yüksek GİB birlikteliğini; retina dekolmanı, optik nörit, anterior üveit ve keratit tablolarından ayırabilme."
v407-small-clerkships-herpes-zoster-oftalmikus,Herpes zoster oftalmikus,Herpes zoster oftalmikus; zona oftalmikus; HZO,Küçük Stajlar,Göz Hastalıkları - viral acil,P0,Varicella-zoster virüsünün trigeminal oftalmik dal tutulumu ile göz riskli tablo oluşturmasıdır.,"V1 dermatomunda ağrılı veziküller, göz ağrısı, kızarıklık, fotofobi veya görme bulanıklığı varsa erken antiviral ve göz değerlendirmesi gerekir. Keratit ve üveit görmeyi tehdit edebilir.",V1 zoster + göz semptomu = acil oftalmoloji + antiviral.,HSV keratiti dendritik ülserle ayrılabilir; zoster oftalmikus dermatomal döküntüyle gelir.,V1 dermatomu; Hutchinson bulgusu; Keratit,18,"Travma, pürülan akıntı ve proptoz olmaması → keratit/endoftalmi/orbital süreç çeldiricilerini zayıflatır. || Keratit veya ciddi ön segment inflamasyonunda antimikrobiyal/antiinflamatuvar tedavi gerekebilir; ancak bu olguda pürülan akıntı, korneal ülser veya travma değil yüksek GİB ve pupil bozukluğu ön plandadır. Ertesi gün kontrol, akut optik sinir riskini geciktirir. || Haleler, kornea ödemi, orta dilate pupil ve yüksek GİB birlikteliğini; retina dekolmanı, optik nörit, anterior üveit ve keratit tablolarından ayırabilme."
v407-small-clerkships-orbital-sellulit,Orbital sellülit,Orbital sellülit; orbital cellulitis,Küçük Stajlar,Göz Hastalıkları/KBB - orbital enfeksiyon,P0,Orbita dokularının septum arkasında gelişen ciddi bakteriyel enfeksiyonudur.,"Sinüzit sonrası ateş, proptoz, ağrılı-kısıtlı göz hareketi, kemozis ve görme azalması orbital sellülit lehinedir. IV antibiyotik ve görüntüleme gerekir; apse veya görme riski varsa cerrahi drenaj gündeme gelir.",Proptoz + oftalmopleji + ateş = preseptal değil orbital sellülit düşün.,Preseptal sellülitte göz hareketleri ve görme genellikle korunur; orbital sellülitte ağrılı hareket ve proptoz vardır.,Proptoz; Oftalmopleji; Sinüzit,4,"Görme sağ gözde belirgin bulanıktır; göz hareketleri tamdır ve belirgin proptoz saptanmaz. || Travma, pürülan akıntı ve proptoz olmaması → keratit/endoftalmi/orbital süreç çeldiricilerini zayıflatır. || Sol göz palpasyonla serttir; kapakta lokalize nodül, belirgin pürülan akıntı veya proptoz saptanmaz."
v407-small-clerkships-proptoz,Proptoz,Proptoz,Küçük Stajlar,Göz Hastalıkları - orbital bulgu,P1,Göz küresinin öne doğru belirginleşmesidir.,"Orbital sellülit, tiroid oftalmopatisi veya orbital kitlelerde görülebilir. Ateş ve ağrılı göz hareketiyle birlikteyse enfeksiyöz orbital acil düşünülür.",Sinüzit sonrası proptoz orbital sellülit için alarmdır.,Periorbital ödem tek başına preseptal olabilir; proptoz orbitanın derin tutulduğunu düşündürür.,Orbital sellülit; Oftalmopleji; Kemozis,57,"Görme sağ gözde belirgin bulanıktır; göz hareketleri tamdır ve belirgin proptoz saptanmaz. || Travma, pürülan akıntı ve proptoz olmaması → keratit/endoftalmi/orbital süreç çeldiricilerini zayıflatır. || Sol göz palpasyonla serttir; kapakta lokalize nodül, belirgin pürülan akıntı veya proptoz saptanmaz."
v407-small-clerkships-oftalmopleji,Oftalmopleji,Oftalmopleji; göz hareket kısıtlılığı,Küçük Stajlar,Göz Hastalıkları - okülomotor bulgu,P1,Göz hareketlerinin kısıtlanması veya felcidir.,"Orbital sellülitte ağrılı ve kısıtlı göz hareketleri septum arkası tutulumu gösterir. Nörolojik nedenlerde pupil, kranial sinir ve beyin sapı bulguları ayırıcıdır.",Ateşli proptoz + oftalmopleji orbital sellülit lehinedir.,Preseptal sellülitte göz hareketleri korunur; orbital sellülitte oftalmopleji gelişebilir.,Orbital sellülit; Proptoz; Kemozis,21,"Görme sağ gözde belirgin bulanıktır; göz hareketleri tamdır ve belirgin proptoz saptanmaz. || Travma, pürülan akıntı ve proptoz olmaması → keratit/endoftalmi/orbital süreç çeldiricilerini zayıflatır. || Sol göz palpasyonla serttir; kapakta lokalize nodül, belirgin pürülan akıntı veya proptoz saptanmaz."
v407-small-clerkships-kemozis,Kemozis,Kemozis; konjonktival ödem,Küçük Stajlar,Göz Hastalıkları - konjonktival bulgu,P2,Konjonktivanın ödemlenip kabarık görünmesidir.,"Orbital sellülit, ağır alerji veya venöz konjesyon durumlarında görülebilir. Ateş, proptoz ve ağrılı göz hareketiyle birlikte orbital enfeksiyon lehinedir.","Kemozis tek başına değil, proptoz/oftalmoplejiyle birlikte tehlikeli hale gelir.","Alerjik konjonktivitte kaşıntı baskındır; orbital sellülitte ağrı, ateş ve hareket kısıtlılığı öne çıkar.",Orbital sellülit; Proptoz; Oftalmopleji,18,"Görme sağ gözde belirgin bulanıktır; göz hareketleri tamdır ve belirgin proptoz saptanmaz. || Travma, pürülan akıntı ve proptoz olmaması → keratit/endoftalmi/orbital süreç çeldiricilerini zayıflatır. || Sol göz palpasyonla serttir; kapakta lokalize nodül, belirgin pürülan akıntı veya proptoz saptanmaz."
v407-small-clerkships-cene-klodikasyonu,Çene klodikasyonu,Çene klodikasyonu; jaw claudication,Küçük Stajlar,Romatoloji/Göz acili - vaskülit bulgusu,P0,Çiğneme sırasında çene kaslarında iskemiye bağlı ağrı veya yorulmadır.,Dev hücreli arteritte temporal baş ağrısı ve görme semptomlarıyla birlikte çok değerli bir ipucudur. Görme kaybını önlemek için biyopsi beklemeden steroid başlanır.,Yaşlıda yeni temporal baş ağrısı + çene klodikasyonu = GCA acili.,Temporomandibular eklem ağrısı mekaniktir; GCA’da sistemik inflamasyon ve görme riski vardır.,Dev hücreli arterit; Temporal arter hassasiyeti; Yüksek ESR/CRP,38,"Yaşlı hastada yeni temporal baş ağrısı, çene klodikasyonu ve geçici görme belirtisinde dev hücreli arterit aciliyetini tanıma. || Görme tehdidi olan dev hücreli arterit şüphesinde biyopsi/USG doğrulaması planlanırken yüksek doz kortikosteroidin geciktirilmemesi gerektiğini açıklayabilme. || Yeni temporal baş ağrısı, skalp hassasiyeti, çene klodikasyonu, sistemik inflamasyon bulgusu ve geçici görme bulanıklığı vardır."
v407-small-clerkships-temporal-arter-hassasiyeti,Temporal arter hassasiyeti,Temporal arter hassasiyeti; şakak arter hassasiyeti,Küçük Stajlar,Romatoloji/Göz acili - vaskülit muayenesi,P1,Şakak bölgesindeki temporal arter üzerinde ağrı/hassasiyet saptanmasıdır.,"Dev hücreli arteritte yeni baş ağrısı, çene klodikasyonu ve geçici görme kaybıyla birlikte acil steroid gerektiren tabloyu destekler.",Temporal arter hassasiyeti + yaş >50 + görme semptomu = steroid gecikmesin.,Migren öyküsü genç yaşta tekrarlayıcıdır; GCA’da yaşlı hastada yeni baş ağrısı ve inflamasyon belirteci yüksekliği vardır.,Dev hücreli arterit; Çene klodikasyonu; Temporal arter biyopsisi,10,"Yaşlı hastada yeni temporal baş ağrısı, çene klodikasyonu ve geçici görme belirtisinde dev hücreli arterit aciliyetini tanıma. || Görme tehdidi olan dev hücreli arterit şüphesinde biyopsi/USG doğrulaması planlanırken yüksek doz kortikosteroidin geciktirilmemesi gerektiğini açıklayabilme. || Yeni temporal baş ağrısı, skalp hassasiyeti, çene klodikasyonu, sistemik inflamasyon bulgusu ve geçici görme bulanıklığı vardır."
v407-small-clerkships-temporal-arter-biyopsisi,Temporal arter biyopsisi,Temporal arter biyopsisi; arteria temporalis biyopsisi,Küçük Stajlar,Romatoloji/Göz acili - vaskülit tanısı,P1,Dev hücreli arteritte histolojik doğrulama için temporal arterden örnek alınmasıdır.,Tanıyı destekler fakat görme kaybı riski varsa tedaviyi geciktirmemelidir. Klinik şüphe yüksekse yüksek doz kortikosteroid başlandıktan sonra planlanabilir.,GCA’da biyopsi tanısal; steroid kararı görme riski nedeniyle acildir.,Migren veya gerilim baş ağrısında arter biyopsisi gerekmez.,Dev hücreli arterit; Çene klodikasyonu; Kortikosteroid tedavisi,3,"Yaşlı hastada yeni temporal baş ağrısı, çene klodikasyonu ve geçici görme belirtisinde dev hücreli arterit aciliyetini tanıma. || Görme tehdidi olan dev hücreli arterit şüphesinde biyopsi/USG doğrulaması planlanırken yüksek doz kortikosteroidin geciktirilmemesi gerektiğini açıklayabilme. || Yeni temporal baş ağrısı, skalp hassasiyeti, çene klodikasyonu, sistemik inflamasyon bulgusu ve geçici görme bulanıklığı vardır."
v407-small-clerkships-timpanik-membran-bombelesmesi,Timpanik membran bombeleşmesi,Timpanik membran bombeleşmesi; bombeleşmiş timpanik membran; zar bombeleşmesi,Küçük Stajlar,KBB - otoskopi bulgusu,P0,Kulak zarının orta kulak basıncı/sıvısı nedeniyle dışa doğru kabarmasıdır.,"Akut otitis media tanısında eritemden daha değerli otoskopik bulgudur. Ağrı, ateş ve orta kulak efüzyonu ile birlikte tanıyı destekler.","AOM tanısında kırmızılık değil, bombeleşmiş timpanik membran daha belirleyicidir.",Otitis eksternada dış kulak yolu ağrılıdır; timpanik membran bombeleşmesi orta kulak sürecini destekler.,Akut otitis media; Orta kulak efüzyonu; Pnömatik otoskopi,1,Otoskopide timpan membran kısmen seçilebilir ve belirgin orta kulak efüzyonu izlenmez. || Kısmen görülebiliyor; belirgin orta kulak efüzyonu yok || Akut otitis media kabul edip yalnız oral amoksisilin-klavulanat başlamak
v407-small-clerkships-orta-kulak-efuzyonu,Orta kulak efüzyonu,Orta kulak efüzyonu; middle ear effusion; orta kulakta sıvı,Küçük Stajlar,KBB - otolojik bulgu,P1,Orta kulak boşluğunda sıvı birikmesidir.,Akut otitis media ve efüzyonlu otitis media ayrımında klinik bağlam önemlidir. AOM’da ağrı/ateş ve inflamasyon eşlik eder; sadece efüzyon antibiyotik gerektirmeyebilir.,AOM için orta kulak efüzyonu + akut inflamasyon bulgusu gerekir.,Otitis eksternada problem dış kulak yolundadır; orta kulak efüzyonu beklenmez.,Akut otitis media; Timpanik membran bombeleşmesi; Pnömatik otoskopi,18,Otoskopide timpan membran kısmen seçilebilir ve belirgin orta kulak efüzyonu izlenmez. || Kısmen görülebiliyor; belirgin orta kulak efüzyonu yok || Akut otitis media kabul edip yalnız oral amoksisilin-klavulanat başlamak
v407-small-clerkships-pnomatik-otoskopi,Pnömatik otoskopi,Pnömatik otoskopi; pneumatik otoskopi,Küçük Stajlar,KBB - tanısal muayene,P1,Kulak zarının hareketliliğini hava basıncıyla değerlendiren otoskopi yöntemidir.,Orta kulak efüzyonunda timpanik membran hareketi azalır. AOM tanısında sıvı varlığını destekleyen pratik muayene tekniğidir.,Azalmış zar hareketliliği orta kulak efüzyonunu destekler.,Sadece zar kızarıklığı ağlayan çocukta yanıltıcı olabilir; hareketlilik ve bombeleşme daha değerlidir.,Akut otitis media; Orta kulak efüzyonu; Timpanik membran bombeleşmesi,0,Otoskopide timpan membran kısmen seçilebilir ve belirgin orta kulak efüzyonu izlenmez. || Kısmen görülebiliyor; belirgin orta kulak efüzyonu yok || Akut otitis media kabul edip yalnız oral amoksisilin-klavulanat başlamak
v407-small-clerkships-nekrotizan-otitis-eksterna,Nekrotizan otitis eksterna,Nekrotizan otitis eksterna; malign otitis eksterna; necrotizing external otitis,Küçük Stajlar,KBB - malign dış kulak enfeksiyonu,P0,Özellikle diyabetik/immünsüprese hastada dış kulak yolundan kafa tabanına ilerleyebilen ağır enfeksiyondur.,"Şiddetli gece otaljisi, kötü kokulu akıntı, dış kulak yolu granülasyonu ve kranial sinir bulguları alarmdır. Pseudomonas ilişkisi ve uzun süreli antipseudomonal tedavi önemlidir.",Diyabetik hastada dirençli gece otaljisi + granülasyon = nekrotizan otitis eksterna.,Basit otitis eksternada enfeksiyon dış kulak yoluyla sınırlıdır ve kafa tabanı osteomiyeliti beklenmez.,Otitis eksterna; Dış kulak yolu granülasyonu; Kafa tabanı osteomiyeliti,3,"Kötü kontrollü diyabette şiddetli, tedaviye dirençli otalji ve dış kulak yolu granülasyonunu nekrotizan/malign eksternal otit açısından yorumlayıp başlangıç yönetimini seçme. || Nekrotizan eksternal otitte basit otitis eksterna tedavisinin yetersiz kaldığını; kültür, görüntüleme ve glisemik kontrol planlanırken sistemik antipseudomonal tedavinin geciktirilmemesi gerektiğini ayırt edebilme. || Dış kulak yolu granülasyonu, pürülan akıntı ve fasiyal sinir etkilenimi derin doku/kafa tabanı yayılımı açısından yüksek riskli bir tablo oluşturur."
v407-small-clerkships-dis-kulak-yolu-granulasyonu,Dış kulak yolu granülasyonu,Dış kulak yolu granülasyonu; kulak yolu granülasyonu,Küçük Stajlar,KBB - otolojik alarm bulgusu,P1,Dış kulak yolunda kronik inflamasyon/enfeksiyonla gelişen granülasyon dokusudur.,Diyabetik hastada şiddetli otalji ve akıntıyla birlikte nekrotizan otitis eksterna açısından kritik ipucudur. Granülasyon özellikle kemik-kıkırdak birleşiminde dikkat çeker.,Diyabetik + dış kulak granülasyonu = malign/nekrotizan otitis eksterna düşün.,Basit kulak kiri veya yüzeyel dermatit granülasyon ve kranial sinir riski yapmaz.,Nekrotizan otitis eksterna; Pseudomonas aeruginosa; Kafa tabanı osteomiyeliti,56,"Kötü kontrollü diyabette şiddetli, tedaviye dirençli otalji ve dış kulak yolu granülasyonunu nekrotizan/malign eksternal otit açısından yorumlayıp başlangıç yönetimini seçme. || Dış kulak yolu granülasyonu, pürülan akıntı ve fasiyal sinir etkilenimi derin doku/kafa tabanı yayılımı açısından yüksek riskli bir tablo oluşturur. || Pseudomonas aeruginosa üremesi bildirildi"
v407-small-clerkships-kafa-tabani-osteomiyeliti,Kafa tabanı osteomiyeliti,Kafa tabanı osteomiyeliti; skull base osteomyelitis,Küçük Stajlar,KBB - enfeksiyon komplikasyonu,P1,Kafa tabanı kemiklerinin enfeksiyonla tutulmasıdır.,Nekrotizan otitis eksterna dış kulak yolundan ilerleyerek kafa tabanı osteomiyelitine neden olabilir. Fasiyal sinir zayıflığı gibi kranial sinir bulguları gelişebilir.,Nekrotizan otitis eksterna komplikasyon hedefi: kafa tabanı osteomiyeliti.,Mastoidit daha çok orta kulak enfeksiyonunun mastoid hava hücrelerine yayılımıdır.,Nekrotizan otitis eksterna; Dış kulak yolu granülasyonu; Fasiyal sinir felci,1,"Kötü kontrollü diyabette şiddetli, tedaviye dirençli otalji ve dış kulak yolu granülasyonunu nekrotizan/malign eksternal otit açısından yorumlayıp başlangıç yönetimini seçme. || Dış kulak yolu granülasyonu, pürülan akıntı ve fasiyal sinir etkilenimi derin doku/kafa tabanı yayılımı açısından yüksek riskli bir tablo oluşturur. || Kötü kontrollü diyabetli hastada dirençli gece otaljisi, dış kulak yolu granülasyonu, kötü kokulu akıntı ve hafif fasiyal zayıflık saptandığında en uygun başlangıç yönetimi hangisidir?"
v407-small-clerkships-endolenfatik-hidrops,Endolenfatik hidrops,Endolenfatik hidrops; endolymphatic hydrops,Küçük Stajlar,KBB - vestibüler patofizyoloji,P1,İç kulakta endolenf sıvısının basınç/hacim artışıyla ilişkili durumdur.,"Meniere hastalığında epizodik vertigo, tinnitus, kulakta dolgunluk ve dalgalanan düşük frekanslı sensörinöral işitme kaybını açıklayan temel mekanizma olarak kullanılır.",Meniere mekanizması: endolenfatik hidrops.,BPPV’de sorun otokonilerin semisirküler kanala kaçmasıdır; ataklar saniyeler sürer ve pozisyonla tetiklenir.,Meniere hastalığı; Tinnitus; Düşük frekanslı işitme kaybı,2,"Meniere hastalığında atak süresi, dalgalanan kulak semptomları ve düşük frekans sensörinöral işitme kaybının tanısal değerini açıklayabilme. || Saatler süren tekrarlayan spontan vertigo ataklarına sol kulakta dolgunluk, tinnitus ve dalgalanan işitme azalması eşlik ediyor. || Saatler süren tekrarlayan spontan vertigo ataklarına sol kulakta tinnitus, dolgunluk ve düşük frekans ağırlıklı sensörinöral işitme kaybı eşlik eden bu hastada en olası tanı hangisidir?"
v407-small-clerkships-epizodik-spontan-vertigo,Epizodik spontan vertigo,Epizodik spontan vertigo; spontan vertigo atağı,Küçük Stajlar,KBB - nörootoloji semptomu,P1,Belirgin pozisyon tetikleyicisi olmadan ataklar halinde gelen dönme hissidir.,Meniere hastalığında ataklar genellikle dakikalar-saatler sürer ve tinnitus/kulakta dolgunluk/işitme kaybı eşlik eder. BPPV’de ise saniyelik pozisyonel ataklar beklenir.,Saatler süren vertigo + tinnitus + dolgunluk = Meniere.,Serebellar inmede vertigo sürekli olabilir ve nörolojik bulgular eşlik edebilir.,Meniere hastalığı; Endolenfatik hidrops; Tinnitus,0,"Meniere hastalığında atak süresi, dalgalanan kulak semptomları ve düşük frekans sensörinöral işitme kaybının tanısal değerini açıklayabilme. || Saatler süren tekrarlayan spontan vertigo ataklarına sol kulakta dolgunluk, tinnitus ve dalgalanan işitme azalması eşlik ediyor. || Saatler süren tekrarlayan spontan vertigo ataklarına sol kulakta tinnitus, dolgunluk ve düşük frekans ağırlıklı sensörinöral işitme kaybı eşlik eden bu hastada en olası tanı hangisidir?"
v407-small-clerkships-kulakta-dolgunluk,Kulakta dolgunluk,Kulakta dolgunluk; aural fullness,Küçük Stajlar,KBB - otolojik semptom,P1,"Kulakta basınç, tıkanıklık veya doluluk hissidir.",Meniere atağında tinnitus ve dalgalanan işitme kaybıyla birlikte tipik yakınmadır. Tek başına özgül değildir; vertigo süresi ve odyometri paterniyle anlam kazanır.,Vertigo atağına kulakta dolgunluk/tinnitus eşlik ediyorsa Meniere düşün.,Östaki disfonksiyonunda dolgunluk olur ama tekrarlayan saatlik vertigo ve SNHL paterni beklenmez.,Meniere hastalığı; Tinnitus; Düşük frekanslı işitme kaybı,21,"Tekrarlayan vertigo ve kulakta dolgunluk || Meniere hastalığında atak süresi, dalgalanan kulak semptomları ve düşük frekans sensörinöral işitme kaybının tanısal değerini açıklayabilme. || Hasta, tekrarlayan dönme hissi atakları ve sol kulakta dolgunluk-çınlama ile başvuruyor."
v407-small-clerkships-dusuk-frekansli-sensorinoral-isitme-kaybi,Düşük frekanslı sensörinöral işitme kaybı,Düşük frekanslı sensörinöral işitme kaybı; düşük frekans SNHL; low-frequency SNHL,Küçük Stajlar,KBB - odyometri bulgusu,P1,Özellikle düşük frekanslarda iç kulak/sinir kaynaklı işitme azalmasıdır.,Meniere hastalığında erken dönemde dalgalanan düşük frekans ağırlıklı SNHL tipiktir. Ataklar ilerledikçe kalıcı işitme kaybı gelişebilir.,Meniere’de vertigoya düşük frekanslı SNHL eşlik eder.,İletim tipi kayıp otitis media/serumen gibi dış-orta kulak sorunlarını düşündürür.,Meniere hastalığı; Endolenfatik hidrops; Tinnitus,0,"Meniere hastalığında atak süresi, dalgalanan kulak semptomları ve düşük frekans sensörinöral işitme kaybının tanısal değerini açıklayabilme. || Saatler süren tekrarlayan spontan vertigo ataklarına sol kulakta dolgunluk, tinnitus ve dalgalanan işitme azalması eşlik ediyor. || Saatler süren tekrarlayan spontan vertigo ataklarına sol kulakta tinnitus, dolgunluk ve düşük frekans ağırlıklı sensörinöral işitme kaybı eşlik eden bu hastada en olası tanı hangisidir?"
v407-small-clerkships-foosh-mekanizmasi,FOOSH mekanizması,FOOSH mekanizması; el üzerine düşme; fall on outstretched hand,Küçük Stajlar,Ortopedi - travma mekanizması,P1,Açık el üzerine düşme sonucu gelişen travma mekanizmasıdır.,Skafoid ve distal radius kırıkları için klasik mekanizmadır. Bilek ağrısında anatomik enfiye çukuru hassasiyeti varsa ilk grafi normal olsa bile skafoid kırığı dışlanamaz.,FOOSH + enfiye çukuru hassasiyeti = skafoid kırığı gibi yönet.,Dirsek üzerine direkt düşme olekranon/radial baş yaralanmalarını daha çok düşündürür.,Skafoid kırığı; Anatomik enfiye çukuru; Başparmak spika atel,11,"El üzerine düşme sonrası bilek ağrısı || FOOSH sonrası radial bilek ağrısı ve anatomik enfiye çukuru hassasiyetinde, ilk grafi negatif olsa bile okült skafoid kırığı riskini yönetme. || Skafoid kırığında proksimal kutup kanlanması nedeniyle atlanan kırığın nonunion ve avasküler nekroz riski taşıdığını; klinik şüphe yüksekse immobilizasyon ve erken/seri görüntüleme gerektiğini açıklayabilme."
v407-small-clerkships-anatomik-enfiye-cukuru-hassasiyeti,Anatomik enfiye çukuru hassasiyeti,Anatomik enfiye çukuru hassasiyeti; snuffbox hassasiyeti; anatomical snuffbox tenderness,Küçük Stajlar,Ortopedi - skafoid muayenesi,P0,Başparmak kökü-radial bilek bölgesindeki çukurda palpasyonla ağrı olmasıdır.,Skafoid kırığı için klasik muayene bulgusudur. Negatif ilk grafi tanıyı dışlamaz; uygun immobilizasyon gecikmiş komplikasyonları azaltır.,Enfiye çukuru hassasiyeti skafoid kırığı kabul edilip immobilize edilir.,De Quervain tenosinovitinde Finkelstein testi ve tendon ağrısı öne çıkar; akut FOOSH öyküsü skafoidi güçlendirir.,Skafoid kırığı; Başparmak spika atel; FOOSH mekanizması,2,"FOOSH sonrası radial bilek ağrısı ve anatomik enfiye çukuru hassasiyetinde, ilk grafi negatif olsa bile okült skafoid kırığı riskini yönetme. || Skafoid kırığında proksimal kutup kanlanması nedeniyle atlanan kırığın nonunion ve avasküler nekroz riski taşıdığını; klinik şüphe yüksekse immobilizasyon ve erken/seri görüntüleme gerektiğini açıklayabilme. || Açık el üzerine düşme sonrası radial bilek ağrısı, anatomik enfiye çukuru hassasiyeti ve başparmak aksiyel yüklenme ağrısı vardır."
v407-small-clerkships-skafoid-avaskuler-nekrozu,Skafoid avasküler nekrozu,Skafoid avasküler nekrozu; AVN; skafoid AVN,Küçük Stajlar,Ortopedi - kırık komplikasyonu,P1,Skafoid kanlanmasının bozulmasıyla kemik dokusunda iskemi/nekroz gelişmesidir.,Skafoidin retrograd kanlanması nedeniyle özellikle proksimal kutup kırıkları avasküler nekroz ve kaynamama riski taşır. Bu nedenle şüpheli kırık atlanmamalıdır.,Skafoid kırığı atlanırsa avasküler nekroz riski sınav favorisidir.,Distal radius kırığında deformite belirgin olabilir; skafoid kırığı daha sinsi ama komplikasyon riski yüksektir.,Skafoid kırığı; Başparmak spika atel; FOOSH mekanizması,0,"FOOSH sonrası radial bilek ağrısı ve anatomik enfiye çukuru hassasiyetinde, ilk grafi negatif olsa bile okült skafoid kırığı riskini yönetme. || Skafoid kırığında proksimal kutup kanlanması nedeniyle atlanan kırığın nonunion ve avasküler nekroz riski taşıdığını; klinik şüphe yüksekse immobilizasyon ve erken/seri görüntüleme gerektiğini açıklayabilme. || Bu hastada FOOSH mekanizması, anatomik enfiye çukuru ve skafoid tüberkül hassasiyeti okült skafoid kırığı şüphesini yüksek tutar. İlk grafiler belirgin kırık göstermese bile güvenli yaklaşım başparmak destekli immobilizasyon yapıp erken MRG/BT veya 10–14 gün kontrol görüntüleme planlamaktır."
v407-small-clerkships-speed-testi,Speed testi,Speed testi; Speed test,Küçük Stajlar,Ortopedi - omuz muayenesi,P1,Dirence karşı omuz fleksiyonu/supinasyonla biseps tendon ağrısını provoke eden testtir.,Biseps tendiniti veya biseps uzun baş patolojisini destekler. Test tek başına tanı koydurmaz; bicipital oluk hassasiyeti ve klinik öyküyle birlikte yorumlanır.,Ön omuz ağrısı + Speed/Yergason pozitifliği biseps tendiniti lehinedir.,Rotator manşet yırtığında abduksiyon güçsüzlüğü ve impingement testleri daha belirgindir.,Biseps tendiniti; Yergason testi; Bicipital oluk hassasiyeti,8,Biseps tendiniti testleri || Biseps tendiniti. || biseps tendiniti
v407-small-clerkships-yergason-testi,Yergason testi,Yergason testi; Yergason test,Küçük Stajlar,Ortopedi - omuz muayenesi,P1,Dirence karşı supinasyon/dış rotasyonla biseps tendonunu değerlendiren provokasyon testidir.,Biseps tendiniti veya biseps tendon instabilitesi şüphesinde kullanılır. Bicipital oluk ağrısı ile birlikte tanısal değeri artar.,Yergason + Speed testleri biseps uzun baş patolojisini düşündürür.,Akromiyoklaviküler eklem patolojisinde ağrı daha üst eklem hattındadır.,Biseps tendiniti; Speed testi; Bicipital oluk hassasiyeti,5,Biseps tendiniti testleri || Ön omuz ağrısı ve Speed-Yergason test pozitifliği hangi tanıyı düşündürür? || Biseps tendiniti.
v407-small-clerkships-bicipital-oluk-hassasiyeti,Bicipital oluk hassasiyeti,Bicipital oluk hassasiyeti; biseps oluğu hassasiyeti,Küçük Stajlar,Ortopedi - omuz muayenesi,P1,Humerus ön yüzündeki biseps uzun baş tendon oluğunda palpasyonla ağrıdır.,Biseps tendiniti için lokal muayene ipucudur. Omuz ağrısında ağrının anatomik yerini tanıya bağlar ve rotator manşet patolojilerinden ayrımda yardımcı olur.,Anterior omuz ağrısı + bicipital oluk hassasiyeti = biseps tendiniti.,Donuk omuzda pasif hareket açıklığı belirgin kısıtlıdır; biseps tendinitinde lokal tendon ağrısı öne çıkar.,Biseps tendiniti; Speed testi; Yergason testi,1,Biseps tendiniti testleri || Biseps tendiniti. || biseps tendiniti
v407-small-clerkships-acil-eklem-drenaji,Acil eklem drenajı,Acil eklem drenajı; eklem yıkama; cerrahi drenaj,Küçük Stajlar,Ortopedi/Enfeksiyon - septik artrit tedavisi,P0,Enfekte eklem içeriğinin cerrahi veya girişimsel yöntemle boşaltılmasıdır.,Septik artritte yalnız antibiyotik çoğu kez yeterli değildir; pürülan materyalin uzaklaştırılması eklem kıkırdağını korumak için gereklidir.,Septik artrit = aspirasyon/kültür + IV antibiyotik + drenaj mantığı.,Kristal artritte drenaj zorunlu değildir; septik artritte eklem yıkımı riski nedeniyle acildir.,Septik artrit; Eklem aspirasyonu; Sinovyal sıvı analizi,0,"Ateşli akut monoartritte septik artrit şüphesini tanıyıp ilk tanısal ve tedaviye yön veren basamağı seçme. || Septik artritte sinovyal sıvı örneklemesi, kültür ve ampirik antibiyotik zamanlamasını; gut, steroid enjeksiyonu, NSAİİ ve elektif görüntüleme çeldiricilerinden ayırt edebilme. || Acil artrosentezle sinovyal sıvı analizi-kültürü almak ve ardından ampirik intravenöz antibiyotik başlamak"
v407-small-clerkships-kritik-delta-basinci,Kritik delta basıncı,Kritik delta basıncı; delta pressure; kompartman delta basıncı,Küçük Stajlar,Ortopedi - kompartman sendromu,P0,Diyastolik kan basıncı ile kompartman basıncı arasındaki farkın tehlikeli düzeye düşmesidir.,Kompartman sendromunda doku perfüzyonunu değerlendirir. Klinik şüphe yüksekse basınç ölçümü yardımcıdır; analjeziye yanıtsız ağrı ve pasif germe ağrısı varsa fasiyotomi gecikmemelidir.,Delta basıncı düşükse kompartman perfüzyonu kritik azalır.,Normal nabız kompartman sendromunu dışlamaz; ağrı ve nörolojik bulgu erken uyarıdır.,Kompartman sendromu; Pasif germe ağrısı; Fasiyotomi,0,"Lateral kantotomi orbital kompartman sendromunda; belirgin proptozla birlikte çok yüksek orbital basınç, ağır görme kaybı/RAPD ve gerilmiş kapak bulgularında düşünülür. Bu olguda öncelik orbital selülit tedavisi ve yakın izlemdir. || Tibia kırığı ve alçı sonrası gelişen akut kompartman sendromunu analjeziye yanıtsız ağrı, pasif germe ağrısı, parestezi ve basınç bulgularıyla tanıyarak acil dekompresyon kararını geciktirmeme. || Akut kompartman sendromunda nabızların korunabileceğini, basınç ölçümünün yardımcı olduğunu ve dış kompresyonun hızla gevşetilip fasyotomi hazırlığının geciktirilmemesi gerektiğini açıklayabilme."
v407-small-clerkships-gergin-kompartman,Gergin kompartman,Gergin kompartman; sert kompartman,Küçük Stajlar,Ortopedi - akut ekstremite bulgusu,P1,Kas fasyası içindeki bölmenin basınç artışıyla gergin ve ağrılı hale gelmesidir.,"Kırık, alçı veya ezilme sonrası gelişebilir. Damar nabzı korunabilse bile mikrodolaşım bozulur; sinir-kas iskemisi kalıcı hasar bırakabilir.",Alçı sonrası gergin kompartman + pasif germe ağrısı = acil fasiyotomi düşün.,DVT şişlik yapabilir ama pasif germe ağrısı ve akut kompartman basıncı paterni farklıdır.,Kompartman sendromu; Kritik delta basıncı; Fasiyotomi,35,"Lateral kantotomi orbital kompartman sendromunda; belirgin proptozla birlikte çok yüksek orbital basınç, ağır görme kaybı/RAPD ve gerilmiş kapak bulgularında düşünülür. Bu olguda öncelik orbital selülit tedavisi ve yakın izlemdir. || Tibia kırığı ve alçı sonrası gelişen akut kompartman sendromunu analjeziye yanıtsız ağrı, pasif germe ağrısı, parestezi ve basınç bulgularıyla tanıyarak acil dekompresyon kararını geciktirmeme. || Akut kompartman sendromunda nabızların korunabileceğini, basınç ölçümünün yardımcı olduğunu ve dış kompresyonun hızla gevşetilip fasyotomi hazırlığının geciktirilmemesi gerektiğini açıklayabilme."
v407-small-clerkships-fasiyotomi,Fasiyotomi,Fasiyotomi; acil fasiyotomi,Küçük Stajlar,Ortopedi - acil cerrahi,P0,Kompartman basıncını düşürmek için fasyanın cerrahi olarak açılmasıdır.,"Kompartman sendromunda gecikirse kas nekrozu, sinir hasarı ve kontraktür gelişebilir. Klinik ve/veya basınç bulguları kritikse acil yapılır.",Kompartman sendromunda kesin rahatlatıcı işlem fasiyotomi.,Sadece analjezik vermek veya alçıyı gevşetmek ileri olguda yeterli olmayabilir.,Kompartman sendromu; Kritik delta basıncı; Pasif germe ağrısı,0,"Lateral kantotomi orbital kompartman sendromunda; belirgin proptozla birlikte çok yüksek orbital basınç, ağır görme kaybı/RAPD ve gerilmiş kapak bulgularında düşünülür. Bu olguda öncelik orbital selülit tedavisi ve yakın izlemdir. || Tibia kırığı ve alçı sonrası gelişen akut kompartman sendromunu analjeziye yanıtsız ağrı, pasif germe ağrısı, parestezi ve basınç bulgularıyla tanıyarak acil dekompresyon kararını geciktirmeme. || Akut kompartman sendromunda nabızların korunabileceğini, basınç ölçümünün yardımcı olduğunu ve dış kompresyonun hızla gevşetilip fasyotomi hazırlığının geciktirilmemesi gerektiğini açıklayabilme."
v407-small-clerkships-negatif-semptom,Negatif semptom,Negatif semptom; negatif belirtiler,Küçük Stajlar,Psikiyatri - şizofreni belirtisi,P0,Normal işlevlerin azalması veya kaybıyla giden belirti grubudur.,"Avolisyon, aloji, künt duygulanım, sosyal çekilme ve öz bakım azalması negatif semptom örnekleridir. Pozitif psikotik belirtiler azalırken işlevsellik bozukluğu sürebilir.",Avolisyon + aloji + künt duygulanım = negatif semptom kümesi.,"Pozitif semptomlar sanrı, varsanı ve dezorganize düşünceyi içerir.",Avolisyon; Aloji; Künt duygulanım,1,"Şizofreni spektrumunda negatif belirtileri pozitif psikotik, depresif, manik ve katatonik belirtilerden ayırma. || Aloji, avolisyon, asosyallik, anhedoni ve künt duygulanımın negatif belirti kümesini oluşturduğunu; benzer görünen depresyon veya katatoniden hangi bulgularla ayrıldığını açıklayabilme. || Uzun süreli sosyal çekilme, konuşma fakirliği, spontan davranış azalması, öz bakımda bozulma ve künt duygulanım vardır."
v407-small-clerkships-avolisyon,Avolisyon,Avolisyon; istek azalması,Küçük Stajlar,Psikiyatri - negatif semptom,P1,Amaçlı davranış başlatma ve sürdürme isteğinde belirgin azalmadır.,Şizofrenide negatif semptomlardan biridir; tembellik gibi yorumlanmamalıdır. Sosyal/akademik işlev kaybının önemli nedenlerinden olabilir.,Avolisyon negatif semptomdur; sanrı-varsanı değildir.,Depresyonda isteksizlik duygu durum çökkünlüğüyle bağlantılıdır; şizofrenide diğer negatif belirtiler eşlik edebilir.,Negatif semptom; Aloji; Sosyal çekilme,24,"Sosyal çekilme ve duygulanım azalması || Aloji, avolisyon, asosyallik, anhedoni ve künt duygulanımın negatif belirti kümesini oluşturduğunu; benzer görünen depresyon veya katatoniden hangi bulgularla ayrıldığını açıklayabilme. || Hasta, ailesi tarafından sosyal çekilme, konuşmanın azalması ve öz bakımda bozulma nedeniyle getiriliyor."
v407-small-clerkships-aloji,Aloji,Aloji; konuşma fakirliği,Küçük Stajlar,Psikiyatri - negatif semptom,P1,Konuşma miktarı ve içeriğinde belirgin fakirleşmedir.,"Şizofrenide negatif semptom kümesine girer. Kısa tek kelimelik yanıtlar, düşünce üretiminde azalma ve sosyal işlev kaybıyla birlikte görülebilir.",Konuşma fakirliği = aloji; negatif semptomdur.,Afazide dil ağı nörolojik olarak bozulur; alojide psikiyatrik negatif belirti paterni vardır.,Negatif semptom; Avolisyon; Künt duygulanım,25,"Aloji, avolisyon, asosyallik, anhedoni ve künt duygulanımın negatif belirti kümesini oluşturduğunu; benzer görünen depresyon veya katatoniden hangi bulgularla ayrıldığını açıklayabilme. || Uzun süreli sosyal çekilme, konuşma fakirliği, spontan davranış azalması, öz bakımda bozulma ve künt duygulanım vardır. || Aloji ile uyumlu"
v407-small-clerkships-kunt-duygulanim,Künt duygulanım,Künt duygulanım; duygulanımda küntleşme; flat affect,Küçük Stajlar,Psikiyatri - negatif semptom,P1,"Yüz ifadesi, ses tonu ve duygusal dışavurumun belirgin azalmasıdır.",Şizofreni negatif semptomlarından biridir. Duygunun hiç olmadığı anlamına gelmez; dışa vurum ve sosyal yanıt zayıflar.,"Künt duygulanım sanrı değil, negatif belirti grubudur.",Depresif duygudurumda öznel çökkünlük baskındır; künt duygulanımda dışavurum azalması öne çıkar.,Negatif semptom; Aloji; Avolisyon,21,"Aloji, avolisyon, asosyallik, anhedoni ve künt duygulanımın negatif belirti kümesini oluşturduğunu; benzer görünen depresyon veya katatoniden hangi bulgularla ayrıldığını açıklayabilme. || Uzun süreli sosyal çekilme, konuşma fakirliği, spontan davranış azalması, öz bakımda bozulma ve künt duygulanım vardır. || Aloji ile uyumlu"
v407-small-clerkships-mani-atagi,Mani atağı,Mani atağı; manik atak,Küçük Stajlar,Psikiyatri - duygu durum bozukluğu,P0,En az bir hafta süren taşkın/irritabl duygu durum ve artmış enerjiyle giden sendromdur.,"Azalmış uyku ihtiyacı, basınçlı konuşma, grandiyozite ve riskli davranışlarla işlevsellik bozulur. Madde/ilaç ve tıbbi nedenler dışlanmalıdır.",Uyumadan enerjik olma + grandiyözite + riskli davranış = mani.,Hipomani daha hafif ve belirgin işlev kaybı/psikotik özellik olmadan seyreder.,Uyku ihtiyacında azalma; Basınçlı konuşma; Grandiyozite,25,"Manide azalmış uyku ihtiyacı, taşkın veya irritabl duygudurum, grandiyözite, hızlanmış konuşma ve riskli davranışlar beklenir. Burada enerji ve konuşma artışı değil belirgin azalma vardır. || Azalmış uyku ihtiyacı, taşkın/irritabl duygudurum, basınçlı konuşma, grandiyözite ve riskli davranış paterninde mani atağını hipomani, deliryum ve madde ilişkili tablolardan ayırma. || Mani atağında süre, enerji artışı, işlevsellikte belirgin bozulma/riskli davranış, içgörü azalması ve organik-madde dışlama basamaklarını birlikte kullanabilme."
v407-small-clerkships-uyku-ihtiyacinda-azalma,Uyku ihtiyacında azalma,Uyku ihtiyacında azalma; az uyku ile enerjik olma,Küçük Stajlar,Psikiyatri - mani belirtisi,P1,Az uyumasına rağmen yorgun hissetmeme durumudur.,"Manide hasta birkaç saat uyuyup yüksek enerjiyle davranmaya devam edebilir. Bu, insomnia gibi uyuyamama yakınmasından farklıdır.",Manide hasta “uyuyamıyorum”dan çok “uykuya ihtiyacım yok” der.,Depresif insomnide yorgunluk ve çökkünlük beklenir; manide enerji artışı vardır.,Mani atağı; Basınçlı konuşma; Grandiyozite,0,"Manide azalmış uyku ihtiyacı, taşkın veya irritabl duygudurum, grandiyözite, hızlanmış konuşma ve riskli davranışlar beklenir. Burada enerji ve konuşma artışı değil belirgin azalma vardır. || Azalmış uyku ihtiyacı, taşkın/irritabl duygudurum, basınçlı konuşma, grandiyözite ve riskli davranış paterninde mani atağını hipomani, deliryum ve madde ilişkili tablolardan ayırma. || Mani atağında süre, enerji artışı, işlevsellikte belirgin bozulma/riskli davranış, içgörü azalması ve organik-madde dışlama basamaklarını birlikte kullanabilme."
v407-small-clerkships-basincli-konusma,Basınçlı konuşma,Basınçlı konuşma; pressured speech,Küçük Stajlar,Psikiyatri - mani belirtisi,P1,"Kişinin hızlı, durdurulması güç ve yoğun konuşmasıdır.",Manide artmış düşünce hızı ve enerjiyle ilişkili olabilir. Grandiyözite ve riskli davranışlarla birlikte tanısal değeri artar.,Basınçlı konuşma mani atağının klasik konuşma bulgusudur.,Anksiyetede konuşma hızlanabilir ama grandiyözite ve uyku ihtiyacında azalma tipik değildir.,Mani atağı; Uyku ihtiyacında azalma; Grandiyozite,21,"Manide azalmış uyku ihtiyacı, taşkın veya irritabl duygudurum, grandiyözite, hızlanmış konuşma ve riskli davranışlar beklenir. Burada enerji ve konuşma artışı değil belirgin azalma vardır. || Azalmış uyku ihtiyacı, taşkın/irritabl duygudurum, basınçlı konuşma, grandiyözite ve riskli davranış paterninde mani atağını hipomani, deliryum ve madde ilişkili tablolardan ayırma. || Mani atağında süre, enerji artışı, işlevsellikte belirgin bozulma/riskli davranış, içgörü azalması ve organik-madde dışlama basamaklarını birlikte kullanabilme."
v407-small-clerkships-grandiyozite,Grandiyozite,Grandiyozite; grandiyöz düşünce,Küçük Stajlar,Psikiyatri - mani belirtisi,P1,"Kişinin kendi güç, yetenek veya önemini gerçekçi olmayan biçimde abartmasıdır.","Manide büyük projeler, aşırı özgüven ve riskli kararlarla birlikte görülebilir. Psikotik düzeye ulaşırsa sanrısal grandiyözite gelişebilir.",Manide grandiyozite finansal/cinsel/mesleki riskli davranışla birleşebilir.,Narsistik özellikler kroniktir; mani epizodik enerji ve uyku değişikliğiyle gelir.,Mani atağı; Basınçlı konuşma; Riskli davranış,33,"Manide azalmış uyku ihtiyacı, taşkın veya irritabl duygudurum, grandiyözite, hızlanmış konuşma ve riskli davranışlar beklenir. Burada enerji ve konuşma artışı değil belirgin azalma vardır. || Azalmış uyku ihtiyacı, taşkın/irritabl duygudurum, basınçlı konuşma, grandiyözite ve riskli davranış paterninde mani atağını hipomani, deliryum ve madde ilişkili tablolardan ayırma. || Mani atağında süre, enerji artışı, işlevsellikte belirgin bozulma/riskli davranış, içgörü azalması ve organik-madde dışlama basamaklarını birlikte kullanabilme."
v407-small-clerkships-riskli-davranis,Riskli davranış,Riskli davranış; dürtüsel risk alma,Küçük Stajlar,Psikiyatri - mani belirtisi,P1,Kişinin sonuçlarını yeterince değerlendirmeden yüksek zarar potansiyelli davranışlara yönelmesidir.,"Manide kontrolsüz harcama, hızlı araç kullanma, uygunsuz girişimler veya cinsel risk davranışları görülebilir. Klinik önemi işlevsellik ve güvenlik kararını belirlemesidir.",Manide riskli davranış tanı kadar yatış/güvenlik kararını da etkiler.,DEHB’de dürtüsellik kronik başlar; manide epizodik duygu durum ve uyku değişikliği eşlik eder.,Mani atağı; Grandiyozite; Uyku ihtiyacında azalma,37,"Manide azalmış uyku ihtiyacı, taşkın veya irritabl duygudurum, grandiyözite, hızlanmış konuşma ve riskli davranışlar beklenir. Burada enerji ve konuşma artışı değil belirgin azalma vardır. || Azalmış uyku ihtiyacı, taşkın/irritabl duygudurum, basınçlı konuşma, grandiyözite ve riskli davranış paterninde mani atağını hipomani, deliryum ve madde ilişkili tablolardan ayırma. || Mani atağında süre, enerji artışı, işlevsellikte belirgin bozulma/riskli davranış, içgörü azalması ve organik-madde dışlama basamaklarını birlikte kullanabilme."
v407-small-clerkships-projeksiyon,Projeksiyon,Projeksiyon; yansıtma,Küçük Stajlar,Psikiyatri - savunma mekanizması,P1,Kişinin kendi kabul edilemez duygu veya dürtüsünü başkasına yüklemesidir.,Paranoid yorumlarda sık görülür; kişi kendi öfkesini ya da isteğini dış kaynağa atfeder. Savunma mekanizması sorularında “bende değil onda” mantığıyla tanınır.,Kendi dürtüsünü başkasına atfetme = projeksiyon.,Rasyonalizasyonda davranışa mantıklı görünen gerekçe uydurulur; projeksiyonda duygu başkasına yüklenir.,Savunma mekanizması; Reaksiyon formasyonu; Paranoid düşünce,39,"Karşıt tepki kurma, kişinin kabul edilemez bulduğu dürtü, istek veya duygusunun tam tersi yönde bilinçli davranış ve tutum sergilemesiyle karakterize savunma mekanizmasıdır. || Kişinin kabul edilemez bir dürtü veya duygusunun tam tersi yönde davranış ve tutum geliştirmesi hangi savunma mekanizmasını tanımlar? || Yansıtma"
v407-small-clerkships-induklenebilir-klonus,İndüklenebilir klonus,İndüklenebilir klonus; inducible clonus; uyarılabilir klonus,Küçük Stajlar,Psikiyatri/Toksikoloji - serotonerjik bulgu,P0,Muayenede uyarıyla ortaya çıkarılabilen ritmik kas kasılmasıdır.,Serotonin sendromunda hiperrefleksi ve klonus nöromüsküler hiperaktiviteyi gösterir. SSRI-triptan kombinasyonu gibi serotonerjik yük artışıyla aynı gün içinde gelişebilir.,"Serotonin sendromunda klonus, NMS’den ayırmada çok değerlidir.",Nöroleptik malign sendromda rijidite ve CK yüksekliği daha baskındır; klonus tipik değildir.,Serotonin sendromu; Hiperrefleksi; SSRI,11,"Serotonerjik ilaç maruziyeti sonrası hızlı başlayan mental durum, otonom ve nöromüsküler bulgularla serotonin sendromunu ayırt etme. || Serotonin sendromunda hızlı başlangıç, klonus ve hiperrefleksinin; nöroleptik malign sendrom, malign hipertermi, antikolinerjik toksidrom ve alkol yoksunluğundan ayrımını açıklayabilme. || Hasta majör depresyon nedeniyle düzenli SSRI kullandığını, aynı gün migren atağı için iki doz triptan aldığını belirtir. İkinci dozdan birkaç saat sonra huzursuzluk, titreme, terleme, ishal ve çarpıntı başlamıştır. Yakınları hastanın giderek ajite olduğunu ancak tamamen bilinçsiz hale gelmediğini söyler. Son günlerde antipsikotik başlanması, genel anestezi alması, alkolü aniden bırakması veya opioid kullanımı öyküsü yoktur. Başvuru sırasında kasılma nöbeti izlenmemiştir."
v407-small-clerkships-spontan-klonus,Spontan klonus,Spontan klonus; spontaneous clonus,Küçük Stajlar,Psikiyatri/Toksikoloji - serotonerjik bulgu,P1,Dış uyarı olmadan kendiliğinden görülen ritmik kas kasılmasıdır.,"Serotonin sendromunda ağır nöromüsküler hiperaktivite göstergesi olabilir. Ajitasyon, terleme, ishal ve hipertermiyle birlikte toksidromu destekler.",Spontan klonus serotonin toksisitesi için güçlü alarmdır.,Antikolinerjik toksisitede kuru cilt ve idrar retansiyonu; serotonin sendromunda terleme/ishal/klonus daha tipiktir.,Serotonin sendromu; İndüklenebilir klonus; Hiperrefleksi,3,"Serotonerjik ilaç maruziyeti sonrası hızlı başlayan mental durum, otonom ve nöromüsküler bulgularla serotonin sendromunu ayırt etme. || Serotonin sendromunda hızlı başlangıç, klonus ve hiperrefleksinin; nöroleptik malign sendrom, malign hipertermi, antikolinerjik toksidrom ve alkol yoksunluğundan ayrımını açıklayabilme. || Hızlı başlangıçlı ajitasyon, terleme, ishal, ateş, hiperrefleksi ve spontan klonus vardır."
v407-small-clerkships-kursun-boru-rijiditesi,Kurşun boru rijiditesi,Kurşun boru rijiditesi; lead-pipe rigidity,Küçük Stajlar,Psikiyatri/Toksikoloji - NMS bulgusu,P1,"Kas tonusunda yaygın, sürekli ve dişli çarktan bağımsız sertliktir.","Nöroleptik malign sendromda ateş, bilinç değişikliği, otonom instabilite ve CK yüksekliğiyle birlikte görülür. Serotonin sendromundaki klonus/hiperrefleksiden ayrılır.",NMS ipucu: kurşun boru rijiditesi + antipsikotik + CK yüksekliği.,Serotonin sendromunda klonus ve gastrointestinal bulgular daha belirgindir.,Nöroleptik malign sendrom; CK yüksekliği; Antipsikotik,16,"Serotonin sendromunda hızlı başlangıç, klonus ve hiperrefleksinin; nöroleptik malign sendrom, malign hipertermi, antikolinerjik toksidrom ve alkol yoksunluğundan ayrımını açıklayabilme. || Hasta majör depresyon nedeniyle düzenli SSRI kullandığını, aynı gün migren atağı için iki doz triptan aldığını belirtir. İkinci dozdan birkaç saat sonra huzursuzluk, titreme, terleme, ishal ve çarpıntı başlamıştır. Yakınları hastanın giderek ajite olduğunu ancak tamamen bilinçsiz hale gelmediğini söyler. Son günlerde antipsikotik başlanması, genel anestezi alması, alkolü aniden bırakması veya opioid kullanımı öyküsü yoktur. Başvuru sırasında kasılma nöbeti izlenmemiştir. || Antipsikotik, anestezik tetikleyici, opioid maruziyeti ve alkol kesilmesi öyküsünün olmaması başlıca toksikolojik çeldiricileri zayıflatır."
v407-small-clerkships-ck-yuksekligi,CK yüksekliği,CK yüksekliği; kreatin kinaz yüksekliği,Küçük Stajlar,Psikiyatri/Toksikoloji - kas hasarı göstergesi,P1,Kreatin kinaz düzeyinin kas yıkımı veya hasarı nedeniyle artmasıdır.,"NMS, malign hipertermi, rabdomiyoliz ve ağır nöbet sonrası yükselebilir. Klinik bağlam olmadan tek başına tanı koydurmaz.",Ateş + rijidite + antipsikotik + CK yüksekliği = NMS.,Serotonin sendromunda CK yükselebilir ama klonus/hiperrefleksi daha ayırt edicidir.,Nöroleptik malign sendrom; Rabdomiyoliz; Malign hipertermi,13,"Serotonin sendromunda hızlı başlangıç, klonus ve hiperrefleksinin; nöroleptik malign sendrom, malign hipertermi, antikolinerjik toksidrom ve alkol yoksunluğundan ayrımını açıklayabilme. || Laboratuvarlar tanıyı tek başına koymaz; hipertermi, ajitasyon ve kas aktivitesine bağlı rabdomiyoliz veya organ etkilenimini taramak için kullanılır. || Nöroleptik malign sendrom"
v407-small-clerkships-masseter-spazmi,Masseter spazmı,Masseter spazmı; çene spazmı,Küçük Stajlar,Acil/Toksikoloji - anestezi komplikasyonu,P1,Çene kaslarında ani sertleşme ve kasılmadır.,"Süksinilkolin veya volatil anestetik sonrası gelişirse malign hipertermi için erken uyarı olabilir. Hiperkarbi, rijidite ve hızla yükselen ateş eşlik edebilir.",Anestezi sonrası masseter spazmı + hiperkarbi = malign hipertermi alarmı.,Laringospazm hava yolu düzeyindedir; masseter spazmı malign hipertermiyle ilişkilendirilebilir.,Malign hipertermi; Süksinilkolin; Dantrolen,0,"Serotonin sendromunda hızlı başlangıç, klonus ve hiperrefleksinin; nöroleptik malign sendrom, malign hipertermi, antikolinerjik toksidrom ve alkol yoksunluğundan ayrımını açıklayabilme. || Malign hipertermi || Serotonerjik ilaç kombinasyonu sonrası saatler içinde başlayan ajitasyon, terleme, ishal, ateş, hiperrefleksi ve spontan/uyarılabilir klonus serotonin sendromunu en iyi açıklar. Klonus ve hiperrefleksi bu tabloyu nöroleptik malign sendromdan; nemli cilt ve ishal antikolinerjik toksidromdan; anestezi tetikleyicisinin olmaması malign hipertermiden ayırır."
v407-small-clerkships-hiperkarbi,Hiperkarbi,Hiperkarbi; CO2 yüksekliği,Küçük Stajlar,Acil/Toksikoloji - ventilasyon/metabolizma bulgusu,P1,Kanda karbondioksit düzeyinin artmasıdır.,Malign hipertermide artmış kas metabolizması ve CO₂ üretimi nedeniyle erken kapnografi bulgusu olabilir. Ani ETCO₂ yükselmesi anestezide önemli alarmdır.,Malign hipertermide erken ipucu ateşten önce hızlı CO₂ artışı olabilir.,Hipoventilasyonda hiperkarbi ventilasyon yetersizliğine bağlıdır; malign hipertermide metabolik CO₂ üretimi artar.,Malign hipertermi; Dantrolen; Volatil anestetik,0,"Serotonin sendromunda hızlı başlangıç, klonus ve hiperrefleksinin; nöroleptik malign sendrom, malign hipertermi, antikolinerjik toksidrom ve alkol yoksunluğundan ayrımını açıklayabilme. || Malign hipertermi || Serotonerjik ilaç kombinasyonu sonrası saatler içinde başlayan ajitasyon, terleme, ishal, ateş, hiperrefleksi ve spontan/uyarılabilir klonus serotonin sendromunu en iyi açıklar. Klonus ve hiperrefleksi bu tabloyu nöroleptik malign sendromdan; nemli cilt ve ishal antikolinerjik toksidromdan; anestezi tetikleyicisinin olmaması malign hipertermiden ayırır."
v407-small-clerkships-volatil-anestetik-tetiklenmesi,Volatil anestetik tetiklenmesi,Volatil anestetik tetiklenmesi; inhalasyon anestetiği tetiklenmesi,Küçük Stajlar,Acil/Toksikoloji - malign hipertermi,P1,Halotan/sevofluran gibi inhalasyon anestetiklerinin yatkın hastada malign hipertermiyi başlatmasıdır.,"Ryanodin reseptör ilişkili kalsiyum salınımı kontrolsüzleşir; kas rijiditesi, hiperkarbi, asidoz ve hipertermi gelişir. Tedavi dantrolendir.",Volatil anestetik + süksinilkolin malign hipertermi tetikleyicileridir.,NMS antipsikotiklerle günler içinde; malign hipertermi anestezi sırasında hızlı gelişir.,Malign hipertermi; Ryanodin reseptörü; Dantrolen,0,"Serotonin sendromunda hızlı başlangıç, klonus ve hiperrefleksinin; nöroleptik malign sendrom, malign hipertermi, antikolinerjik toksidrom ve alkol yoksunluğundan ayrımını açıklayabilme. || Malign hipertermi || Serotonerjik ilaç kombinasyonu sonrası saatler içinde başlayan ajitasyon, terleme, ishal, ateş, hiperrefleksi ve spontan/uyarılabilir klonus serotonin sendromunu en iyi açıklar. Klonus ve hiperrefleksi bu tabloyu nöroleptik malign sendromdan; nemli cilt ve ishal antikolinerjik toksidromdan; anestezi tetikleyicisinin olmaması malign hipertermiden ayırır."
v407-small-clerkships-uc-tarafli-okluzif-pansuman,Üç taraflı oklüzif pansuman,Üç taraflı oklüzif pansuman; three-sided dressing; oklüzif kapama,Küçük Stajlar,Acil/Travma - toraks ilk yardım,P1,Göğüs duvarı yarasını üç kenardan kapatarak tek yönlü hava çıkışı sağlamayı amaçlayan pansumandır.,Açık pnömotoraksta havanın içeri girmesini azaltırken tamamen kapalı basınç birikimini önlemeye çalışır. Definitif tedavi çoğu kez tüp torakostomidir.,Açık pnömotoraksta kapama tek yönlü valf mantığıyla yapılır.,Dört taraflı sıkı kapama tansiyon pnömotoraks riskini artırabilir.,Açık pnömotoraks; Tüp torakostomi; Tansiyon pnömotoraks,0,Açık pnömotoraks ilk yaklaşım || Göğüs duvarında emici açık yara ile gelişen açık pnömotoraksta ilk kapatma nasıl yapılır? || Üç taraflı kapatma hava girişini azaltırken havanın çıkışına izin vererek tansiyon pnömotoraks riskini azaltır.
v407-small-clerkships-myoglobinuri,Myoglobinüri,Myoglobinüri,Küçük Stajlar,Acil/Toksikoloji - rabdomiyoliz bulgusu,P1,Kas yıkımı sonrası miyoglobinin idrara geçmesidir.,"Malign hipertermi, kompartman sendromu veya ağır travma sonrası rabdomiyolizle gelişebilir. Böbrek hasarı riski nedeniyle sıvı tedavisi ve elektrolit izlemi önemlidir.",Koyu idrar + CK yüksekliği = myoglobinüri/rabdomiyoliz düşün.,Hematüride eritrosit görülür; myoglobinüride dipstick kan pozitifken mikroskopide eritrosit az olabilir.,Rabdomiyoliz; CK yüksekliği; Akut böbrek hasarı,0,"Laboratuvarlar tanıyı tek başına koymaz; hipertermi, ajitasyon ve kas aktivitesine bağlı rabdomiyoliz veya organ etkilenimini taramak için kullanılır. || NMS tipik olarak dopamin antagonistleriyle günler içinde gelişir; kurşun boru rijiditesi, hiporefleksi ve belirgin CK yüksekliği daha baskındır. Bu hastada serotonerjik kombinasyon, ishal, hiperrefleksi ve klonus ön plandadır. || Antipsikotik kullanımı sonrası rijidite, ateş ve CK yüksekliği hangi acil tabloyu düşündürür?"
