id,term,aliases,category,subcategory,priority,shortDefinition,postAnswerExplanation,tusPearl,differentialPoint,safeNestedTerms,occurrenceCount,sourceTextExamples
v399-biochemistry-ala-sentaz,ALA sentaz,"[""ALA sentaz"", ""aminolevulinik asit sentaz"", ""ALAS"", ""delta-aminolevulinic acid synthase""]",Tıbbi Biyokimya,Hem metabolizması,P0,Glisin ve süksinil-CoA’dan delta-aminolevulinik asit oluşturan hem sentezinin hız kısıtlayıcı enzimidir.,ALA sentaz B6 bağımlıdır ve karaciğerde hem tarafından negatif feedback ile baskılanır. İlaçlar veya açlık hem tüketimini artırıp ALAS1’i uyararak porfiria atağını tetikleyebilir.,Hem sentezinin hız kısıtlayıcı basamağı ALA sentazdır.,ALA dehidrataz bir sonraki sitozolik basamaktır; ALA sentaz başlangıç ve hız kısıtlayıcı basamaktır.,"[""Porfirin sentezi"", ""Piridoksal fosfat"", ""Hem feedback inhibisyonu"", ""Akut intermittan porfiri""]",14,"[{""sourceFilePath"": ""src/data/cases.js / src/data/tusPearlCards.js / src/data/tusPearlMedicalBiochemistryFirst74Overrides.js"", ""text"": ""[Medical Biochemistry Case ai-spot-vakasiz-secki-104] explanation: Doğru cevap A’dır. G6PD eksikliğinde pentoz fosfat yolundan yeterli NADPH üretilemez. NADPH, okside glutatyonun tekrar indirgenmiş glutatyona çevrilmesi için gereklidir; indirgenmiş glutatyon ise peroksitleri ve reaktif oksijen türlerini detoksifiye eder. Eritrositlerde mitokondri olmadığı için alternatif antioksidan kapasite sınırlıdır. Oksidatif ilaçlar, enfeksiyonlar veya bakla gibi tetikleyiciler hemoglobin denatürasyonuna, heinz cisim…""}, {""sourceFilePath"": ""src/data/cases.js / src/data/tusPearlCards.js / src/data/tusPearlMedicalBiochemistryFirst74Overrides.js"", ""text"": ""[Medical Biochemistry Case ai-spot-vakasiz-secki-104] optionFeedback.Hemoglobinin beta zincir sentezinin tamamen durması: Yanlıştır. Beta globin zincir sentezinin azalması beta talasemi ile ilişkilidir. G6PD eksikliği globin sentez kusuru değil, antioksidan savunma kusurudur.""}]"
v399-biochemistry-aclik-hipoglisemisi,Açlık hipoglisemisi,"[""Açlık hipoglisemisi"", ""fasting hypoglycemia"", ""açlıkta hipoglisemi""]",Tıbbi Biyokimya,Metabolik patern,P0,Beslenme arası uzadığında kan glukozunun düşmesidir.,"Açlık hipoglisemisi; glikojenoliz, glukoneogenez veya yağ asidi oksidasyon kusurlarını düşündürür. Eşlik eden keton, laktat, hepatomegali ve yağ asidi oksidasyon bulguları ayırıcı tanıyı belirler.","Açlık hipoglisemisinde keton var mı, laktat yüksek mi, hepatomegali var mı diye ayrım yapılır.",Postprandiyal hipoglisemi insülin fazlalığı veya karbonhidrat metabolizma yanıtıyla daha ilişkili olabilir.,"[""Glukoneogenez"", ""Glikojenoliz"", ""Yağ asidi beta oksidasyonu"", ""Ketotik hipoglisemi""]",248,"[{""sourceFilePath"": ""src/data/cases.js / src/data/tusPearlCards.js / src/data/tusPearlMedicalBiochemistryFirst74Overrides.js"", ""text"": ""[Medical Biochemistry Case v163-new-010-aclikla-belirginlesen-metabolik-tablo] learningTarget: Açlık hipoglisemisi olan bebekte glukoz-6-fosfataz eksikliğine bağlı glikojenoliz/glukoneogenez son basamak blokajını laboratuvar paterniyle tanıma.""}, {""sourceFilePath"": ""src/data/cases.js / src/data/tusPearlCards.js / src/data/tusPearlMedicalBiochemistryFirst74Overrides.js"", ""text"": ""[Medical Biochemistry Case v163-new-010-aclikla-belirginlesen-metabolik-tablo] diagnosis.explanation: Açlıkta karaciğer glikojenoliz ve glukoneogenez yoluyla glukoz-6-fosfat üretir; bu ara ürünün serbest glukoza çevrilememesi kana glukoz çıkışını engeller. Bu nedenle ağır açlık hipoglisemisi gelişirken glukoz-6-fosfat türevleri laktat, ürik asit ve trigliserid artışına yönelir; hepatomegali de karaciğerde glikojen/lipid birikimini destekler.""}]"
v399-biochemistry-biotin,Biotin,"[""Biotin"", ""vitamin B7"", ""biyotin""]",Tıbbi Biyokimya,Vitamin / kofaktör,P0,Karboksilaz enzimlerinde CO₂ taşıyan suda çözünen vitamin kofaktörüdür.,"Biotin; piruvat karboksilaz, asetil-CoA karboksilaz ve propiyonil-CoA karboksilaz gibi enzimlerde kullanılır. Eksikliğinde karboksilasyon reaksiyonları aksar ve metabolik asidoz/dermatit-nörolojik bulgular görülebilir.",Biotin karboksilazların kofaktörüdür.,B6 transaminasyon; biotin karboksilasyon; B12 metilmalonil-CoA mutaz/metiyonin sentaz için önemlidir.,"[""Piruvat karboksilaz"", ""Propiyonil-CoA karboksilaz"", ""Avidin"", ""Biotinidaz eksikliği""]",186,"[{""sourceFilePath"": ""src/data/cases.js / src/data/tusPearlCards.js / src/data/tusPearlMedicalBiochemistryFirst74Overrides.js"", ""text"": ""[Medical Biochemistry Case v173-new-088-norolojik-bulgular-ve-laktik-asidoz] diagnosis.answerFeedback.optionComparison.Pirüvat karboksilaz aktivitesinin azalması: Pirüvat karboksilaz biotin bağımlı olarak pirüvatı oksaloasetata çevirir; eksikliğinde laktik asidoz görülebilir. Ancak bu vakada karbonhidrat sonrası pirüvatın asetil-KoA girişindeki blokla uyumlu laktat-alanin-pirüvat paterni ve üst-normal laktat/pirüvat oranı PDH defektini daha iyi destekler.""}, {""sourceFilePath"": ""src/data/cases.js / src/data/tusPearlCards.js / src/data/tusPearlMedicalBiochemistryFirst74Overrides.js"", ""text"": ""[Medical Biochemistry Case v173-new-088-norolojik-bulgular-ve-laktik-asidoz] diagnosis.answerFeedback.whyWrong.Pirüvat karboksilaz aktivitesinin azalması: Pirüvat karboksilaz biotin bağımlı olarak pirüvatı oksaloasetata çevirir; eksikliğinde laktik asidoz görülebilir. Ancak bu vakada karbonhidrat sonrası pirüvatın asetil-KoA girişindeki blokla uyumlu laktat-alanin-pirüvat paterni ve üst-normal laktat/pirüvat oranı PDH defektini daha iyi destekler.""}]"
v399-biochemistry-delta-aminolevulinik-asit,Delta-aminolevulinik asit,"[""Delta-aminolevulinik asit"", ""ALA"", ""δ-ALA"", ""aminolevulinik asit""]",Tıbbi Biyokimya,Hem metabolizması,P0,ALA sentaz reaksiyonuyla oluşan erken hem sentezi ara ürünüdür.,ALA nörotoksik prekürsörlerden biridir; akut porfiri veya ALA dehidrataz inhibisyonunda yükselebilir. Karın ağrısı ve nörolojik bulgular bu birikimle ilişkilendirilebilir.,Akut porfirilerde nörovisseral bulgular ALA/PBG artışıyla ilişkilidir.,Porfobilinojen bir sonraki ara üründür; ALA daha erken basamaktır.,"[""ALA sentaz"", ""ALA dehidrataz"", ""Porfobilinojen"", ""Akut intermittan porfiri""]",1027,"[{""sourceFilePath"": ""src/data/cases.js / src/data/tusPearlCards.js / src/data/tusPearlMedicalBiochemistryFirst74Overrides.js"", ""text"": ""[Medical Biochemistry Case v163-new-010-aclikla-belirginlesen-metabolik-tablo] chiefComplaint: Beslenme araları uzadığında terleme, huzursuzluk ve nöbet benzeri ataklar gelişmesi""}, {""sourceFilePath"": ""src/data/cases.js / src/data/tusPearlCards.js / src/data/tusPearlMedicalBiochemistryFirst74Overrides.js"", ""text"": ""[Medical Biochemistry Case v163-new-010-aclikla-belirginlesen-metabolik-tablo] stem: Aile, bebeğin özellikle gece beslenmesi geciktiğinde terlediğini, huzursuzlaştığını ve kısa süreli dalgınlık atakları yaşadığını anlatır. Atakların beslenmeden sonra kısmen düzeldiği, son aylarda karın şişliğinin ve büyüme geriliğinin belirginleştiği öğrenilir. Yakınmalar belirli bir ek gıda alımından çok açlık süresinin uzamasıyla ilişkilidir. Ailede akraba evliliği vardır; tekrarlayan enfeksiyon öyküsü belirgin değildir.""}]"
v399-biochemistry-elektron-tasima-zinciri,Elektron taşıma zinciri,"[""Elektron taşıma zinciri"", ""ETC"", ""electron transport chain"", ""solunum zinciri""]",Tıbbi Biyokimya,Mitokondriyal enerji metabolizması,P0,NADH/FADH₂ elektronlarını oksijene aktararak proton gradyenti oluşturan iç mitokondriyal membran kompleksleridir.,Elektron taşıma zinciri proton itici güç oluşturur; ATP sentaz bu gradyenti ATP üretmek için kullanır. Kusurları laktik asidoz ve yüksek enerji gereksinimli dokularda bulgu yapabilir.,"ETC elektron akışını proton gradyentine, ATP sentaz ATP’ye çevirir.",TCA NADH/FADH₂ üretir; ETC bunları kullanarak oksidatif fosforilasyonu yürütür.,"[""Oksidatif fosforilasyon"", ""NADH"", ""FADH2"", ""ATP sentaz""]",23,"[{""sourceFilePath"": ""src/data/cases.js / src/data/tusPearlCards.js / src/data/tusPearlMedicalBiochemistryFirst74Overrides.js"", ""text"": ""[Medical Biochemistry Case v173-new-088-norolojik-bulgular-ve-laktik-asidoz] investigations[1].summary: Pirüvatın artması ve laktat/pirüvat oranının belirgin yükselmemesi, primer solunum zinciri redoks blokajından çok pirüvat kullanım basamağında sorun olabileceğini düşündürür.""}, {""sourceFilePath"": ""src/data/cases.js / src/data/tusPearlCards.js / src/data/tusPearlMedicalBiochemistryFirst74Overrides.js"", ""text"": ""[Medical Biochemistry Case v173-new-088-norolojik-bulgular-ve-laktik-asidoz] investigations[1].clinicalMeaning: Pirüvatın artması ve laktat/pirüvat oranının belirgin yükselmemesi, primer solunum zinciri redoks blokajından çok pirüvat kullanım basamağında sorun olabileceğini düşündürür.""}]"
v399-biochemistry-fibrillin-1,Fibrillin-1,"[""Fibrillin-1"", ""fibrillin 1"", ""FBN1""]",Tıbbi Biyokimya,Bağ dokusu biyokimyası,P0,Elastik lif mikrofibrillerinin temel yapısal proteinidir.,"FBN1 kusuru Marfan sendromunda elastik bağ dokusu bütünlüğünü bozar; aort kökü dilatasyonu, lens subluksasyonu ve uzun ekstremite paternleri bu yapısal kusurla ilişkilidir.",Marfan sendromu fibrillin-1 kusurudur.,Homosistinüride lens/tromboz metabolik nedenle olur; Marfan’da fibrillin-1 yapısal kusurdur.,"[""Marfan sendromu"", ""Elastik lif"", ""Lens subluksasyonu"", ""Aort kökü dilatasyonu""]",17,"[{""sourceFilePath"": ""src/data/cases.js / src/data/tusPearlCards.js / src/data/tusPearlMedicalBiochemistryFirst74Overrides.js"", ""text"": ""[Medical Biochemistry TUS Pearl Card Marfan sendromu proteini] mainAnswer: Fibrillin-1 kusuru.""}, {""sourceFilePath"": ""src/data/cases.js / src/data/tusPearlCards.js / src/data/tusPearlMedicalBiochemistryFirst74Overrides.js"", ""text"": ""[Medical Biochemistry TUS Pearl Card Marfan sendromu proteini] explanation: FBN1 mutasyonu elastik dokuların yapısını ve TGF-beta sinyalini etkiler.""}]"
v399-biochemistry-fitanik-asit,Fitanik asit,"[""Fitanik asit"", ""phytanic acid""]",Tıbbi Biyokimya,Peroksizom metabolizması,P0,Alfa oksidasyonla yıkılması gereken dallanmış zincirli yağ asididir.,"Fitanik asit alfa oksidasyon kusurunda birikir ve Refsum hastalığıyla ilişkilidir. Retinitis pigmentosa, nöropati, ataksi ve anosmi gibi bulgularla sorulabilir.",Refsum hastalığında fitanik asit birikimi ve alfa oksidasyon kusuru birlikte düşünülür.,VLCFA daha çok beta oksidasyon/peroksizom; fitanik asit alfa oksidasyon mantığıdır.,"[""Alfa oksidasyon"", ""Refsum hastalığı"", ""Peroksizom"", ""Retinitis pigmentosa""]",10,"[{""sourceFilePath"": ""src/data/cases.js / src/data/tusPearlCards.js / src/data/tusPearlMedicalBiochemistryFirst74Overrides.js"", ""text"": ""[Medical Biochemistry Hap Card Override tus-pearl-medical-biochemistry-231-spot] front: Fitanik asit birikimi, retinitis pigmentosa ve periferik nöropati hangi peroksizomal oksidasyon kusurunu düşündürür?""}, {""sourceFilePath"": ""src/data/cases.js / src/data/tusPearlCards.js / src/data/tusPearlMedicalBiochemistryFirst74Overrides.js"", ""text"": ""[Medical Biochemistry Hap Card Override tus-pearl-medical-biochemistry-231-spot] explanation: Refsum hastalığında fitanik asidin peroksizomal alfa oksidasyonu bozulur. Fitanik asit dallanmış zincirli yapısı nedeniyle doğrudan beta oksidasyona giremez; önce alfa oksidasyon gerekir, bu basamak aksayınca nörolojik ve retinal bulgular gelişir.""}]"
v399-biochemistry-folat-tuzagi,Folat tuzağı,"[""Folat tuzağı"", ""methylfolate trap"", ""metilfolat tuzağı""]",Tıbbi Biyokimya,Vitamin / tek karbon metabolizması,P0,B12 eksikliğinde folatın 5-metil-THF formunda sıkışıp DNA sentezi için kullanılamaması durumudur.,Metiyonin sentaz çalışmadığında 5-metil-THF yeniden diğer folat formlarına dönemez. Bu nedenle B12 eksikliği folat var olsa bile megaloblastik anemi yapabilir.,B12 eksikliği folat tuzağıyla megaloblastik anemi yapar.,Folat eksikliğinde metilmalonik asit artmaz; B12 eksikliğinde hem homosistein hem metilmalonik asit artabilir.,"[""Vitamin B12"", ""Metiyonin sentaz"", ""Homosistein"", ""Megaloblastik anemi""]",0,"[{""sourceFilePath"": ""src/data/cases.js / src/data/tusPearlCards.js / src/data/tusPearlMedicalBiochemistryFirst74Overrides.js"", ""text"": ""Terim, taranan Tıbbi Biyokimya olgu/hap kart konusunun mekanizma veya safeNested açıklama ihtiyacından türetildi; exact cümle eşleşmesi bulunmadı.""}]"
v399-biochemistry-fruktoz-1-6-bisfosfataz,"Fruktoz-1,6-bisfosfataz","[""Fruktoz-1,6-bisfosfataz"", ""fructose-1,6-bisphosphatase"", ""FBPase-1""]",Tıbbi Biyokimya,Glukoneogenez,P0,"Fruktoz-1,6-bisfosfatı fruktoz-6-fosfata çeviren glukoneogenez enzimidir.",Eksikliğinde açlık ve hastalık sırasında glukoneogenez yetersiz kalır; hipoglisemi ve laktik asidoz gelişebilir. Bu tablo glukoz üretim yolunun orta basamak blokajı gibi düşünülmelidir.,"Fruktoz-1,6-bisfosfataz eksikliği açlıkla hipoglisemi + laktik asidoz yapar.",Von Gierke son basamağı; FBPase eksikliği glukoneogenezin daha önceki basamağını bozar.,"[""Glukoneogenez"", ""Fruktoz-1,6-bisfosfat"", ""Laktik asidoz"", ""Açlık hipoglisemisi""]",128,"[{""sourceFilePath"": ""src/data/cases.js / src/data/tusPearlCards.js / src/data/tusPearlMedicalBiochemistryFirst74Overrides.js"", ""text"": ""[Medical Biochemistry Case v194-new-315-meyve-puresi-sonrasi-kusma-ve-hipoglisemi] diagnosis.options[4]: Fruktoz-1,6-bisfosfataz eksikliği""}, {""sourceFilePath"": ""src/data/cases.js / src/data/tusPearlCards.js / src/data/tusPearlMedicalBiochemistryFirst74Overrides.js"", ""text"": ""[Medical Biochemistry Case ai-spot-vakasiz-secki-071] options[1].text: Fosfofruktokinaz-1 aktivasyonu ve fruktoz-1,6-bisfosfataz inhibisyonu""}]"
v399-biochemistry-fruktoz-1-fosfat,Fruktoz-1-fosfat,"[""Fruktoz-1-fosfat"", ""fructose-1-phosphate"", ""F1P""]",Tıbbi Biyokimya,Fruktoz metabolizması,P0,Fruktozun karaciğerde fosforillenmesiyle oluşan ve aldolaz B ile yıkılan ara metabolittir.,"Aldolaz B eksikliğinde fruktoz-1-fosfat birikir; fosfatı bağlayarak ATP azalmasına, glikojenoliz/glukoneogenez baskılanmasına ve hipoglisemiye neden olur.",Meyve/şeker sonrası kusma + hipoglisemi + karaciğer bulgusu herediter fruktoz intoleransını düşündürür.,Esansiyel fruktozüri genellikle benign fruktokinaz kusurudur; aldolaz B kusuru toksik F1P birikimi yapar.,"[""Aldolaz B"", ""Herediter fruktoz intoleransı"", ""ATP azalması"", ""Hipoglisemi""]",87,"[{""sourceFilePath"": ""src/data/cases.js / src/data/tusPearlCards.js / src/data/tusPearlMedicalBiochemistryFirst74Overrides.js"", ""text"": ""[Medical Biochemistry Case v163-new-010-aclikla-belirginlesen-metabolik-tablo] diagnosis.answerFeedback.optionComparison.Aldolaz B eksikliği: Aldolaz B eksikliği fruktoz veya sükroz alımı sonrası fruktoz-1-fosfat birikimiyle hipoglisemi yapar. Bu hastada ataklar belirli şeker alımından değil açlığın uzamasından sonra geliştiği için fruktoz metabolizması kusuru ön planda değildir.""}, {""sourceFilePath"": ""src/data/cases.js / src/data/tusPearlCards.js / src/data/tusPearlMedicalBiochemistryFirst74Overrides.js"", ""text"": ""[Medical Biochemistry Case v163-new-010-aclikla-belirginlesen-metabolik-tablo] diagnosis.answerFeedback.whyWrong.Aldolaz B eksikliği: Aldolaz B eksikliği fruktoz veya sükroz alımı sonrası fruktoz-1-fosfat birikimiyle hipoglisemi yapar. Bu hastada ataklar belirli şeker alımından değil açlığın uzamasından sonra geliştiği için fruktoz metabolizması kusuru ön planda değildir.""}]"
v399-biochemistry-galaktoz-1-fosfat,Galaktoz-1-fosfat,"[""Galaktoz-1-fosfat"", ""galactose-1-phosphate"", ""Gal-1-P""]",Tıbbi Biyokimya,Galaktoz metabolizması,P0,Galaktozun hücre içinde fosforillenmiş ve GALT basamağına giren ara metabolitidir.,"Klasik galaktozemide GALT eksikliği nedeniyle galaktoz-1-fosfat birikir; karaciğer toksisitesi, kusma, sarılık ve sepsis yatkınlığı gelişebilir.",Süt sonrası sarılık/kusma + redüktan madde pozitifliği klasik galaktozemi paternidir.,Galaktitol kataraktla ilişkilidir; galaktoz-1-fosfat karaciğer toksisitesinde daha önemlidir.,"[""GALT eksikliği"", ""Klasik galaktozemi"", ""Galaktitol"", ""Redüktan madde""]",125,"[{""sourceFilePath"": ""src/data/cases.js / src/data/tusPearlCards.js / src/data/tusPearlMedicalBiochemistryFirst74Overrides.js"", ""text"": ""[Medical Biochemistry Case v175-new-106-sutle-beslenme-sonrasi-yenidogan-sariligi] investigations[0].summary: Sütle ilişkili yakınmaya eşlik eden galaktoz-1-fosfat ve serbest galaktoz artışı, galaktozun ileri metabolizmasında blok olduğunu gösterir.""}, {""sourceFilePath"": ""src/data/cases.js / src/data/tusPearlCards.js / src/data/tusPearlMedicalBiochemistryFirst74Overrides.js"", ""text"": ""[Medical Biochemistry Case v175-new-106-sutle-beslenme-sonrasi-yenidogan-sariligi] investigations[0].clinicalMeaning: Sütle ilişkili yakınmaya eşlik eden galaktoz-1-fosfat ve serbest galaktoz artışı, galaktozun ileri metabolizmasında blok olduğunu gösterir.""}]"
v399-biochemistry-glikojenoliz,Glikojenoliz,"[""Glikojenoliz"", ""glycogenolysis"", ""glikojen yıkımı""]",Tıbbi Biyokimya,Glikojen metabolizması,P0,Glikojenin glukoz-1-fosfat ve devamında glukoz-6-fosfata parçalanmasıdır.,Açlıkta özellikle karaciğer glikojeni kan glukozunu korumak için yıkılır. Kas glikojenolizi ise kana glukoz vermekten çok kasın kendi enerji ihtiyacına hizmet eder.,Karaciğer glikojenolizi kan glukozunu korur; kas glikojenolizi kas içi ATP üretimine gider.,Glukoneogenez yeni glukoz yapımıdır; glikojenoliz depolanmış glikojeni parçalar.,"[""Glikojen"", ""Karaciğer glikojeni"", ""Kas glikojeni"", ""Glukoz-6-fosfat""]",146,"[{""sourceFilePath"": ""src/data/cases.js / src/data/tusPearlCards.js / src/data/tusPearlMedicalBiochemistryFirst74Overrides.js"", ""text"": ""[Medical Biochemistry Case v163-new-010-aclikla-belirginlesen-metabolik-tablo] learningTarget: Açlık hipoglisemisi olan bebekte glukoz-6-fosfataz eksikliğine bağlı glikojenoliz/glukoneogenez son basamak blokajını laboratuvar paterniyle tanıma.""}, {""sourceFilePath"": ""src/data/cases.js / src/data/tusPearlCards.js / src/data/tusPearlMedicalBiochemistryFirst74Overrides.js"", ""text"": ""[Medical Biochemistry Case v163-new-010-aclikla-belirginlesen-metabolik-tablo] diagnosis.explanation: Açlıkta karaciğer glikojenoliz ve glukoneogenez yoluyla glukoz-6-fosfat üretir; bu ara ürünün serbest glukoza çevrilememesi kana glukoz çıkışını engeller. Bu nedenle ağır açlık hipoglisemisi gelişirken glukoz-6-fosfat türevleri laktat, ürik asit ve trigliserid artışına yönelir; hepatomegali de karaciğerde glikojen/lipid birikimini destekler.""}]"
v399-biochemistry-glukoneogenez,Glukoneogenez,"[""Glukoneogenez"", ""gluconeogenesis"", ""glukoz yeniden yapımı""]",Tıbbi Biyokimya,Karbonhidrat metabolizması,P0,"Laktat, gliserol ve glukojenik aminoasitlerden yeni glukoz sentezlenmesidir.","Uzamış açlıkta karaciğer ve böbrek glukoneogenezi kan glukozunu sürdürür. Piruvat karboksilaz, PEP karboksikinaz, fruktoz-1,6-bisfosfataz ve glukoz-6-fosfataz gibi geri dönüşsüz basamaklar sınavda önemlidir.",Açlıkta glukoneogenez artar; son basamak glukoz-6-fosfatazdır.,Glikojenoliz depo yıkımıdır; glukoneogenez yeni glukoz üretimidir.,"[""Piruvat karboksilaz"", ""Fruktoz-1,6-bisfosfataz"", ""Glukoz-6-fosfataz"", ""Laktat""]",179,"[{""sourceFilePath"": ""src/data/cases.js / src/data/tusPearlCards.js / src/data/tusPearlMedicalBiochemistryFirst74Overrides.js"", ""text"": ""[Medical Biochemistry Case v163-new-010-aclikla-belirginlesen-metabolik-tablo] learningTarget: Açlık hipoglisemisi olan bebekte glukoz-6-fosfataz eksikliğine bağlı glikojenoliz/glukoneogenez son basamak blokajını laboratuvar paterniyle tanıma.""}, {""sourceFilePath"": ""src/data/cases.js / src/data/tusPearlCards.js / src/data/tusPearlMedicalBiochemistryFirst74Overrides.js"", ""text"": ""[Medical Biochemistry Case v163-new-010-aclikla-belirginlesen-metabolik-tablo] diagnosis.explanation: Açlıkta karaciğer glikojenoliz ve glukoneogenez yoluyla glukoz-6-fosfat üretir; bu ara ürünün serbest glukoza çevrilememesi kana glukoz çıkışını engeller. Bu nedenle ağır açlık hipoglisemisi gelişirken glukoz-6-fosfat türevleri laktat, ürik asit ve trigliserid artışına yönelir; hepatomegali de karaciğerde glikojen/lipid birikimini destekler.""}]"
v399-biochemistry-glukoneogenez-son-basamagi,Glukoneogenez son basamağı,"[""Glukoneogenez son basamağı"", ""serbest glukoz çıkış basamağı"", ""glukoz-6-fosfattan glukoz çıkışı""]",Tıbbi Biyokimya,Karbonhidrat metabolizması,P0,Glukoz-6-fosfatın serbest glukoza çevrilip kana verildiği son karaciğer/böbrek basamağıdır.,"Bu basamak glukoz-6-fosfataz ile yürür. Blok olduğunda hem glikojenoliz hem glukoneogenez son ürününü kana veremez; ağır açlık hipoglisemisi, laktat ve trigliserid artışı gelişebilir.",Açlık hipoglisemisi + hepatomegali + laktat yüksekliği son çıkış basamağı blokajını düşündürür.,"Fruktoz-1,6-bisfosfataz daha önceki glukoneogenez basamağıdır; glukoz-6-fosfataz son çıkış basamağıdır.","[""Glukoz-6-fosfataz"", ""Von Gierke hastalığı"", ""Açlık hipoglisemisi"", ""Laktik asidoz""]",0,"[{""sourceFilePath"": ""src/data/cases.js / src/data/tusPearlCards.js / src/data/tusPearlMedicalBiochemistryFirst74Overrides.js"", ""text"": ""Terim, taranan Tıbbi Biyokimya olgu/hap kart konusunun mekanizma veya safeNested açıklama ihtiyacından türetildi; exact cümle eşleşmesi bulunmadı.""}]"
v399-biochemistry-glukoz-6-fosfat,Glukoz-6-fosfat,"[""Glukoz-6-fosfat"", ""G6P"", ""glucose-6-phosphate""]",Tıbbi Biyokimya,Karbonhidrat metabolizması,P0,"Glukozun hücre içinde fosforillenmiş, birçok metabolik yola ayrılabilen ara formudur.","Glukoz-6-fosfat; glikoliz, glikojen sentezi, pentoz fosfat yolu ve karaciğerde serbest glukoz üretimi arasında kavşak noktasıdır. Von Gierke mantığında bu molekülden serbest glukoz çıkışı bozulduğu için açlık hipoglisemisi gelişir.",Glukoz-6-fosfat metabolik kavşaktır; son çıkış basamağı çalışmazsa glukoz kana verilemez.,Glikoz-6-fosfataz eksikliğinde G6P birikir; glikoliz ve laktat/ürik asit artışı bu birikimin yön değiştirmesiyle açıklanır.,"[""Glukoz-6-fosfataz"", ""Glikojenoliz"", ""Glukoneogenez"", ""Pentoz fosfat yolu""]",465,"[{""sourceFilePath"": ""src/data/cases.js / src/data/tusPearlCards.js / src/data/tusPearlMedicalBiochemistryFirst74Overrides.js"", ""text"": ""[Medical Biochemistry Case v163-new-010-aclikla-belirginlesen-metabolik-tablo] learningTarget: Açlık hipoglisemisi olan bebekte glukoz-6-fosfataz eksikliğine bağlı glikojenoliz/glukoneogenez son basamak blokajını laboratuvar paterniyle tanıma.""}, {""sourceFilePath"": ""src/data/cases.js / src/data/tusPearlCards.js / src/data/tusPearlMedicalBiochemistryFirst74Overrides.js"", ""text"": ""[Medical Biochemistry Case v163-new-010-aclikla-belirginlesen-metabolik-tablo] diagnosis.correct: Glukoz-6-fosfataz eksikliği""}]"
v399-biochemistry-glutatyon-reduktaz,Glutatyon redüktaz,"[""Glutatyon redüktaz"", ""glutathione reductase""]",Tıbbi Biyokimya,Antioksidan sistem,P0,Okside glutatyonu NADPH kullanarak indirgenmiş glutatyon haline döndüren enzimdir.,Eritrositlerde NADPH-glutatyon redüktaz sistemi H₂O₂ ve oksidan hasara karşı koruma sağlar. G6PD eksikliğinde NADPH azalınca GSH yenilenemez ve hemoliz kolaylaşır.,"NADPH, glutatyon redüktaz üzerinden GSH’ı yeniler.",Glutatyon peroksidaz H₂O₂’yi azaltır; glutatyon redüktaz GSSG’yi tekrar GSH yapar.,"[""NADPH"", ""İndirgenmiş glutatyon"", ""Okside glutatyon"", ""G6PD eksikliği""]",66,"[{""sourceFilePath"": ""src/data/cases.js / src/data/tusPearlCards.js / src/data/tusPearlMedicalBiochemistryFirst74Overrides.js"", ""text"": ""[Medical Biochemistry Case v176-new-118-ilac-sonrasi-koyu-idrar-ve-sarilik] diagnosis.answerFeedback.coreKnowledge: Eritrositte pentoz fosfat yolu NADPH üretiminin ana kaynağıdır; NADPH, glutatyon redüktaz üzerinden indirgenmiş glutatyonu yenileyerek hemoglobini oksidatif hasardan korur.""}, {""sourceFilePath"": ""src/data/cases.js / src/data/tusPearlCards.js / src/data/tusPearlMedicalBiochemistryFirst74Overrides.js"", ""text"": ""[Medical Biochemistry Case v176-new-118-ilac-sonrasi-koyu-idrar-ve-sarilik] coreKnowledge: Eritrositte pentoz fosfat yolu NADPH üretiminin ana kaynağıdır; NADPH, glutatyon redüktaz üzerinden indirgenmiş glutatyonu yenileyerek hemoglobini oksidatif hasardan korur.""}]"
v399-biochemistry-hmp-santi,HMP şantı,"[""HMP şantı"", ""heksoz monofosfat şantı"", ""hexose monophosphate shunt""]",Tıbbi Biyokimya,Pentoz fosfat yolu,P0,Glukoz-6-fosfattan NADPH ve riboz-5-fosfat üreten alternatif glukoz yoludur.,Bu yol özellikle eritrositte glutatyonu indirgenmiş halde tutmak için NADPH sağlar. G6PD eksikliğinde oksidatif stres altında hemoliz gelişmesinin nedeni bu koruyucu kapasitenin azalmasıdır.,HMP şantı iki ana ürün verir: NADPH ve riboz-5-fosfat.,Glikoliz ATP üretir; HMP şantı NADPH ve nükleotid sentezi için riboz sağlar.,"[""Pentoz fosfat yolu"", ""NADPH"", ""Riboz-5-fosfat"", ""G6PD eksikliği""]",0,"[{""sourceFilePath"": ""src/data/cases.js / src/data/tusPearlCards.js / src/data/tusPearlMedicalBiochemistryFirst74Overrides.js"", ""text"": ""Terim, taranan Tıbbi Biyokimya olgu/hap kart konusunun mekanizma veya safeNested açıklama ihtiyacından türetildi; exact cümle eşleşmesi bulunmadı.""}]"
v399-biochemistry-heteroplazmi,Heteroplazmi,"[""Heteroplazmi"", ""heteroplasmy""]",Tıbbi Biyokimya,Mitokondriyal genetik,P0,Aynı hücre veya dokuda normal ve mutant mitokondriyal DNA’nın birlikte bulunmasıdır.,"Heteroplazmi, mitokondriyal hastalıklarda aynı mutasyonun farklı dokularda ve kişilerde değişken şiddet göstermesini açıklar. Klinik eşik aşıldığında enerji yetmezliği belirginleşir.",Mitokondriyal hastalık şiddeti heteroplazmi oranına bağlı değişebilir.,Homoplazmi tek tip mtDNA durumudur; heteroplazmi karışık mtDNA yüküdür.,"[""Mitokondriyal DNA"", ""Maternal kalıtım"", ""Oksidatif fosforilasyon"", ""Eşik etkisi""]",10,"[{""sourceFilePath"": ""src/data/cases.js / src/data/tusPearlCards.js / src/data/tusPearlMedicalBiochemistryFirst74Overrides.js"", ""text"": ""[Medical Biochemistry TUS Pearl Card Mitokondriyal kalıtım] keywords[2]: heteroplazmi""}, {""sourceFilePath"": ""src/data/cases.js / src/data/tusPearlCards.js / src/data/tusPearlMedicalBiochemistryFirst74Overrides.js"", ""text"": ""[Medical Biochemistry TUS Pearl Card Mitokondriyal kalıtım] extraQuestion: Vaka kökünde maternal kalıtım, heteroplazmi ve MELAS birlikte verilirse hangi mekanizma, enzim veya molekül öncelikle düşünülür?""}]"
v399-biochemistry-hiperamonyemi-orotik-asit-artisi,Hiperamonyemi + orotik asit artışı,"[""Hiperamonyemi + orotik asit artışı"", ""hiperammonemi ve orotik asit yüksekliği"", ""amonyak yüksekliği + orotik asit""]",Tıbbi Biyokimya,Metabolik patern,P0,Amonyak yüksekliğine orotik asit artışının eşlik ettiği üre döngüsü/pirimidin bağlantı paternidir.,Bu patern en klasik olarak OTC eksikliğini düşündürür; çünkü karbamoil fosfat üre döngüsünde kullanılamayıp pirimidin sentezine kaçar. Ağır yenidoğan ensefalopatisinde kritik ayırıcıdır.,Hiperamonyemi + orotik asit yüksekliği = OTC eksikliği lehine güçlü patern.,CPS I eksikliğinde hiperamonyemi olur ama orotik asit belirgin artmaz.,"[""OTC eksikliği"", ""Karbamoil fosfat"", ""Orotik asit"", ""Üre döngüsü""]",24,"[{""sourceFilePath"": ""src/data/cases.js / src/data/tusPearlCards.js / src/data/tusPearlMedicalBiochemistryFirst74Overrides.js"", ""text"": ""[Medical Biochemistry Case ai-spot-vakasiz-secki-083] explanation: Doğru cevap C’dir. Hem OTC eksikliği hem de CPS1 eksikliği hiperamonyemiye yol açabilir; bu nedenle amonyak artışı ayırıcı değildir. OTC eksikliğinde karbamoil fosfat üretimi devam eder ancak ornitinle sitrülin oluşturma basamağı aksar. Biriken karbamoil fosfat sitozolik pirimidin sentezine kaçar ve orotik asit artışına neden olur. CPS1 eksikliğinde ise karbamoil fosfat sentezinin ilk basamağı bozuk olduğu için bu substrat birikimi ve beli…""}, {""sourceFilePath"": ""src/data/cases.js / src/data/tusPearlCards.js / src/data/tusPearlMedicalBiochemistryFirst74Overrides.js"", ""text"": ""[Medical Biochemistry Case ai-spot-vakasiz-secki-083] evidenceChain[2].text: Hiperamonyemi + orotik asit artışı OTC eksikliğini düşündürür; hiperamonyemi var ama orotik asit artmıyorsa CPS1 veya NAGS eksikliği akla gelmelidir.""}]"
v399-biochemistry-homosistein,Homosistein,"[""Homosistein"", ""homocysteine""]",Tıbbi Biyokimya,Tek karbon / aminoasit metabolizması,P0,Metiyonin metabolizmasında oluşan ve damar toksisitesiyle ilişkili sülfürlü aminoasit ara ürünüdür.,"Homosistein CBS yoluyla sisteine veya B12/folat bağımlı remetilasyonla metiyonine dönebilir. Birikimi tromboz eğilimi, lens bulguları ve vasküler hasar mantığıyla önemlidir.","Homosistein artışı B6, B12, folat veya CBS/MTHFR kusurlarıyla ilişkilendirilebilir.",Metilmalonik asit yalnız B12 eksikliğinde artar; homosistein B12 ve folat eksikliğinde artabilir.,"[""Sistatiyonin beta-sentaz"", ""Metiyonin sentaz"", ""Folat"", ""Vitamin B12""]",342,"[{""sourceFilePath"": ""src/data/cases.js / src/data/tusPearlCards.js / src/data/tusPearlMedicalBiochemistryFirst74Overrides.js"", ""text"": ""[Medical Biochemistry Case v168-new-054-tromboz-egilimi-olan-ergen] learningTarget: Homosistein ve metiyonin birlikte yüksekliğinden transsülfürasyon basamağı blokajını ve CBS eksikliğini çıkarma.""}, {""sourceFilePath"": ""src/data/cases.js / src/data/tusPearlCards.js / src/data/tusPearlMedicalBiochemistryFirst74Overrides.js"", ""text"": ""[Medical Biochemistry Case v168-new-054-tromboz-egilimi-olan-ergen] investigations[0].label: Plazma amino asit ve homosistein paneli""}]"
v399-biochemistry-karbamoil-fosfat,Karbamoil fosfat,"[""Karbamoil fosfat"", ""carbamoyl phosphate""]",Tıbbi Biyokimya,Üre döngüsü / pirimidin sentezi,P0,"Amonyak ve bikarbonattan oluşan, üre döngüsü ve pirimidin senteziyle ilişkili yüksek enerjili ara üründür.",Mitokondride CPS I ile üre döngüsüne girer; OTC blokajında birikip sitozole kaçar ve pirimidin sentezini artırarak orotik asit yükseltir.,OTC eksikliğinde karbamoil fosfat pirimidin yoluna kaçar ve orotik asit artar.,CPS I eksikliğinde karbamoil fosfat oluşumu azdır; OTC eksikliğinde birikip orotik aside yönelir.,"[""OTC eksikliği"", ""Orotik asit"", ""Üre döngüsü"", ""Pirimidin sentezi""]",221,"[{""sourceFilePath"": ""src/data/cases.js / src/data/tusPearlCards.js / src/data/tusPearlMedicalBiochemistryFirst74Overrides.js"", ""text"": ""[Medical Biochemistry Case v169-new-069-protein-alimi-sonrasi-ensefalopati] diagnosis.options[0]: Karbamoil fosfat sentetaz I eksikliği""}, {""sourceFilePath"": ""src/data/cases.js / src/data/tusPearlCards.js / src/data/tusPearlMedicalBiochemistryFirst74Overrides.js"", ""text"": ""[Medical Biochemistry Case v169-new-069-protein-alimi-sonrasi-ensefalopati] diagnosis.explanation: Protein alımıyla artan amino azot yükü, üre döngüsü çalışmadığında hızla amonyak birikimine yol açar; düşük BUN amonyağın üreye dönüştürülemediğini gösterir. Düşük sitrülinle birlikte idrar orotik asidinin yüksek olması, mitokondride oluşan karbamoil fosfatın ornitinle birleşemeyip pirimidin sentezine yöneldiğini düşündürür; bu patern ornitin transkarbamilaz eksikliğine uyar.""}]"
v399-biochemistry-karnitin-satili,Karnitin şatılı,"[""Karnitin şatılı"", ""carnitine shuttle"", ""karnitin taşıma sistemi""]",Tıbbi Biyokimya,Lipid metabolizması,P0,"Uzun zincirli yağ asitlerini mitokondri matriksine taşıyan CPT-I, translokaz ve CPT-II sistemidir.","Uzun zincirli açil-CoA iç mitokondri zarını doğrudan geçemez. Karnitin şatılı bu taşıma sorununu çözer; kusurlarında egzersiz/açlıkla kas ağrısı, rabdomiyoliz veya hipoketotik hipoglisemi görülebilir.",Uzun zincirli yağ asitleri mitokondriye karnitin şatılıyla girer.,MCAD kusuru matriks içi oksidasyon basamağıdır; karnitin şatılı uzun zincirli yağ asidi giriş basamağıdır.,"[""CPT I"", ""CPT II"", ""Malonil-CoA"", ""Yağ asidi beta oksidasyonu""]",0,"[{""sourceFilePath"": ""src/data/cases.js / src/data/tusPearlCards.js / src/data/tusPearlMedicalBiochemistryFirst74Overrides.js"", ""text"": ""Terim, taranan Tıbbi Biyokimya olgu/hap kart konusunun mekanizma veya safeNested açıklama ihtiyacından türetildi; exact cümle eşleşmesi bulunmadı.""}]"
v399-biochemistry-kas-glikojen-fosforilaz,Kas glikojen fosforilaz,"[""Kas glikojen fosforilaz"", ""miyofosforilaz"", ""muscle glycogen phosphorylase"", ""myophosphorylase""]",Tıbbi Biyokimya,Glikojen metabolizması,P0,Kas glikojenini egzersizde yıkıma sokan temel glikojen fosforilaz izoenzimidir.,"Eksikliğinde kas glikojenini yeterince kullanamaz; egzersizle kramp, miyoglobinüri ve laktat artışının beklenmemesi görülebilir. McArdle hastalığının biyokimyasal temelidir.",McArdle’da sorun kas glikojen fosforilazıdır; karaciğer glukoz çıkışı temel problem değildir.,Von Gierke karaciğer son glukoz çıkış basamağıdır; McArdle kas içi glikojen yıkımıdır.,"[""McArdle hastalığı"", ""Kas glikojeni"", ""Miyoglobinüri"", ""Egzersiz intoleransı""]",27,"[{""sourceFilePath"": ""src/data/cases.js / src/data/tusPearlCards.js / src/data/tusPearlMedicalBiochemistryFirst74Overrides.js"", ""text"": ""[Medical Biochemistry Case v187-new-247-aclikta-hipoglisemi-ve-kas-agrisi] diagnosis.options[1]: Kas glikojen fosforilaz aktivitesinin azalmasına bağlı glikojenolizin bozulması""}, {""sourceFilePath"": ""src/data/cases.js / src/data/tusPearlCards.js / src/data/tusPearlMedicalBiochemistryFirst74Overrides.js"", ""text"": ""[Medical Biochemistry Case v187-new-247-aclikta-hipoglisemi-ve-kas-agrisi] diagnosis.answerFeedback.optionComparison.Kas glikojen fosforilaz aktivitesinin azalmasına bağlı glikojenolizin bozulması: Kas glikojen fosforilaz eksikliği kısa ve yoğun egzersizle kas krampları, egzersizde laktat yanıtının bozulması ve glikojenoliz kusuru ile ilişkilidir; hipoketotik hipoglisemi ve uzun zincirli açilkarnitin artışı beklenen ana patern değildir.""}]"
v399-biochemistry-ketogenez,Ketogenez,"[""Ketogenez"", ""ketone body synthesis"", ""keton cismi sentezi""]",Tıbbi Biyokimya,Keton metabolizması,P0,Karaciğer mitokondrisinde asetil-CoA’dan keton cisimlerinin sentezlenmesidir.,Uzamış açlıkta yağ asidi oksidasyonu asetil-CoA üretir; oksaloasetat glukoneogeneze çekildiğinde asetil-CoA ketogenez yoluna gider. Karaciğer keton üretir fakat ketonları kendisi kullanmaz.,Karaciğer keton üretir; keton kullanımını ekstrahepatik dokular yapar.,"Ketogenez karaciğerde; ketoliz kalp, kas ve açlıkta beyinde gerçekleşir.","[""Asetil-CoA"", ""HMG-CoA sentaz"", ""Asetoasetat"", ""Beta-hidroksibütirat""]",41,"[{""sourceFilePath"": ""src/data/cases.js / src/data/tusPearlCards.js / src/data/tusPearlMedicalBiochemistryFirst74Overrides.js"", ""text"": ""[Medical Biochemistry Case v174-new-095-aclik-sonrasi-hipoglisemik-atak] diagnosis.answerFeedback.keyClues[1]: Hipoglisemiye rağmen serum ketonlarının düşük kalması ketogenez için gerekli asetil-KoA üretiminin yetersiz olduğunu gösterir.""}, {""sourceFilePath"": ""src/data/cases.js / src/data/tusPearlCards.js / src/data/tusPearlMedicalBiochemistryFirst74Overrides.js"", ""text"": ""[Medical Biochemistry Case v174-new-095-aclik-sonrasi-hipoglisemik-atak] diagnosis.answerFeedback.evidenceChain[1].text: Hipoglisemiye rağmen serum ketonlarının düşük kalması ketogenez için gerekli asetil-KoA üretiminin yetersiz olduğunu gösterir.""}]"
v399-biochemistry-ksantin-oksidaz,Ksantin oksidaz,"[""Ksantin oksidaz"", ""xanthine oxidase""]",Tıbbi Biyokimya,Pürin metabolizması,P0,Hipoksantin ve ksantini ürik aside dönüştüren pürin yıkım enzimidir.,Ksantin oksidaz ürik asit üretiminin son yıkım basamaklarında yer alır. Allopurinol/febuksostat bu enzimi hedefleyerek ürik asit üretimini azaltır.,Ksantin oksidaz inhibisyonu ürik asit üretimini azaltır.,HGPRT salvage yoludur; ksantin oksidaz yıkım yoludur.,"[""Ürik asit"", ""Allopurinol"", ""Hipoksantin"", ""Ksantin""]",69,"[{""sourceFilePath"": ""src/data/cases.js / src/data/tusPearlCards.js / src/data/tusPearlMedicalBiochemistryFirst74Overrides.js"", ""text"": ""[Medical Biochemistry Case v172-new-076-hiperurisemi-ve-davranissal-bulgular] diagnosis.options[3]: Ksantin oksidaz eksikliği""}, {""sourceFilePath"": ""src/data/cases.js / src/data/tusPearlCards.js / src/data/tusPearlMedicalBiochemistryFirst74Overrides.js"", ""text"": ""[Medical Biochemistry Case v172-new-076-hiperurisemi-ve-davranissal-bulgular] diagnosis.answerFeedback.optionComparison.Ksantin oksidaz eksikliği: Ksantin oksidaz hipoksantin ve ksantini ürik aside dönüştürür; eksikliğinde ürik asit düşüklüğü ve ksantin taşları beklenir. Bu olgudaki belirgin hiperürisemi bu seçeneğe ters düşer.""}]"
v399-biochemistry-lizil-oksidaz,Lizil oksidaz,"[""Lizil oksidaz"", ""lysyl oxidase""]",Tıbbi Biyokimya,Bağ dokusu biyokimyası,P0,Kollajen ve elastinde çapraz bağ oluşumu için gerekli bakır bağımlı enzimdir.,"Lizil oksidaz eksik çalışırsa bağ dokusu dayanıklılığı azalır. Menkes hastalığında bakır eksikliği nedeniyle saç, damar ve bağ dokusu bulguları bu mekanizmayla açıklanır.",Bakır eksikliği lizil oksidazı bozar; kollajen/elastin çapraz bağları zayıflar.,Prolin/lizin hidroksilasyonu C vitamini bağımlıdır; çapraz bağ kurma lizil oksidaz ve bakır bağımlıdır.,"[""Menkes hastalığı"", ""Bakır metabolizması"", ""Kollajen çapraz bağı"", ""Elastin""]",12,"[{""sourceFilePath"": ""src/data/cases.js / src/data/tusPearlCards.js / src/data/tusPearlMedicalBiochemistryFirst74Overrides.js"", ""text"": ""[Medical Biochemistry Hap Card Override tus-pearl-medical-biochemistry-236-extra] back: Lizil oksidaz.""}, {""sourceFilePath"": ""src/data/cases.js / src/data/tusPearlCards.js / src/data/tusPearlMedicalBiochemistryFirst74Overrides.js"", ""text"": ""[Medical Biochemistry Hap Card Override tus-pearl-medical-biochemistry-236-extra] answer: Lizil oksidaz.""}]"
v399-biochemistry-metilmalonil-coa-mutaz,Metilmalonil-CoA mutaz,"[""Metilmalonil-CoA mutaz"", ""methylmalonyl-CoA mutase""]",Tıbbi Biyokimya,Organik asit metabolizması,P0,Metilmalonil-CoA’yı süksinil-CoA’ya çeviren B12 bağımlı mitokondriyal enzimdir.,B12 eksikliğinde veya enzim kusurunda metilmalonik asit artar. Bu nedenle metilmalonik asit yüksekliği B12 eksikliğini folat eksikliğinden ayırmada önemlidir.,"Metilmalonik asit artışı B12 ile ilişkilidir, folat eksikliğinde beklenmez.",Propiyonil-CoA karboksilaz biotin bağımlı bir önceki basamaktır; mutaz B12 bağımlıdır.,"[""Vitamin B12"", ""Metilmalonik asit"", ""Süksinil-CoA"", ""Propiyonil-CoA karboksilaz""]",4,"[{""sourceFilePath"": ""src/data/cases.js / src/data/tusPearlCards.js / src/data/tusPearlMedicalBiochemistryFirst74Overrides.js"", ""text"": ""[Medical Biochemistry Hap Card Override tus-pearl-medical-biochemistry-025-spot] explanation: B12, metiyonin sentaz ve metilmalonil-CoA mutaz reaksiyonlarında gereklidir. Folat eksikliği de megaloblastik anemi yapabilir; ancak B12 eksikliğinde metilmalonil-CoA metabolizması da bozulduğu için nörolojik bulgular ve subakut kombine dejenerasyon beklenir.""}, {""sourceFilePath"": ""src/data/cases.js / src/data/tusPearlCards.js / src/data/tusPearlMedicalBiochemistryFirst74Overrides.js"", ""text"": ""[Medical Biochemistry Hap Card Override tus-pearl-medical-biochemistry-025-extra] explanation: B12, metilmalonil-CoA mutazın kofaktörüdür ve metilmalonil-CoA’nın süksinil-CoA’ya dönüşmesini sağlar. B12 eksikliğinde metilmalonik asit artar; folat eksikliğinde homosistein artabilir fakat metilmalonik asit tipik olarak artmaz.""}]"
v399-biochemistry-metiyonin-sentaz,Metiyonin sentaz,"[""Metiyonin sentaz"", ""methionine synthase""]",Tıbbi Biyokimya,Tek karbon metabolizması,P0,Homosisteini metiyonine remetile eden B12 bağımlı enzimdir.,"Metiyonin sentaz, 5-metil-THF’den metil grubunu B12 aracılığıyla homosisteine aktarır. B12 eksikliğinde homosistein artar ve folat tuzağı gelişebilir.",Metiyonin sentaz B12 bağımlıdır; homosisteini metiyonine döndürür.,CBS B6 bağımlı transsülfürasyondur; metiyonin sentaz B12/folat bağımlı remetilasyondur.,"[""Vitamin B12"", ""Folat tuzağı"", ""Homosistein"", ""Metiyonin""]",51,"[{""sourceFilePath"": ""src/data/cases.js / src/data/tusPearlCards.js / src/data/tusPearlMedicalBiochemistryFirst74Overrides.js"", ""text"": ""[Medical Biochemistry Case v168-new-054-tromboz-egilimi-olan-ergen] diagnosis.options[2]: Methionine synthase eksikliği""}, {""sourceFilePath"": ""src/data/cases.js / src/data/tusPearlCards.js / src/data/tusPearlMedicalBiochemistryFirst74Overrides.js"", ""text"": ""[Medical Biochemistry Case v168-new-054-tromboz-egilimi-olan-ergen] diagnosis.answerFeedback.optionComparison.Methionine synthase eksikliği: Methionine synthase B12 bağımlı remetilasyonla homosisteini metiyonine dönüştürür. Eksikliğinde homosistein artabilir fakat metiyonin genellikle düşük/normaldir ve megaloblastik anemi beklenebilir; bu panelde metiyoninin yüksek olması dışlayıcıdır.""}]"
v399-biochemistry-mitokondriyal-dna,Mitokondriyal DNA,"[""Mitokondriyal DNA"", ""mtDNA"", ""mitochondrial DNA""]",Tıbbi Biyokimya,Mitokondriyal metabolizma,P0,Mitokondride bulunan ve oksidatif fosforilasyon proteinlerinin bir bölümünü kodlayan halkasal DNA’dır.,Mitokondriyal DNA çoğunlukla maternal kalıtılır ve heteroplazmi gösterebilir. Enerji ihtiyacı yüksek dokular mitokondriyal kusurlarda daha belirgin etkilenir.,Mitokondriyal hastalıklarda maternal kalıtım ve heteroplazmi önemli ipuçlarıdır.,Nükleer DNA Mendel kalıtımı izler; mtDNA çoğunlukla maternal geçiş gösterir.,"[""Maternal kalıtım"", ""Heteroplazmi"", ""Oksidatif fosforilasyon"", ""Laktik asidoz""]",8,"[{""sourceFilePath"": ""src/data/cases.js / src/data/tusPearlCards.js / src/data/tusPearlMedicalBiochemistryFirst74Overrides.js"", ""text"": ""[Medical Biochemistry TUS Pearl Card Mitokondriyal kalıtım] explanation: Mitokondriyal DNA ovum sitoplazmasıyla aktarılır.""}, {""sourceFilePath"": ""src/data/cases.js / src/data/tusPearlCards.js / src/data/tusPearlMedicalBiochemistryFirst74Overrides.js"", ""text"": ""[Medical Biochemistry TUS Pearl Card Mitokondriyal kalıtım] keywords[0]: mitokondriyal DNA""}]"
v399-biochemistry-orta-zincirli-acil-coa-dehidrogenaz,Orta zincirli açil-CoA dehidrogenaz,"[""Orta zincirli açil-CoA dehidrogenaz"", ""MCAD"", ""medium-chain acyl-CoA dehydrogenase""]",Tıbbi Biyokimya,Yağ asidi oksidasyonu,P0,Orta zincirli yağ asitlerinin beta oksidasyonunda ilk dehidrogenasyon basamağını yapan enzimdir.,"MCAD kusurunda açlıkta yağ asitlerinden yeterli enerji ve keton üretilemez. Bebekte kusma, letarji, hipoketotik hipoglisemi ve ani kötüleşme bu mekanizmayla açıklanır.",Açlık sonrası hipoketotik hipoglisemi MCAD eksikliği için klasik paternlerden biridir.,CPT kusurları taşıma girişinde; MCAD kusuru matriks içi orta zincir oksidasyon basamağındadır.,"[""MCAD eksikliği"", ""Hipoketotik hipoglisemi"", ""Yağ asidi beta oksidasyonu"", ""Açlık hipoglisemisi""]",186,"[{""sourceFilePath"": ""src/data/cases.js / src/data/tusPearlCards.js / src/data/tusPearlMedicalBiochemistryFirst74Overrides.js"", ""text"": ""[Medical Biochemistry Case v173-new-088-norolojik-bulgular-ve-laktik-asidoz] diagnosis.options[4]: Medium-chain acyl-CoA dehydrogenase aktivitesinin azalması""}, {""sourceFilePath"": ""src/data/cases.js / src/data/tusPearlCards.js / src/data/tusPearlMedicalBiochemistryFirst74Overrides.js"", ""text"": ""[Medical Biochemistry Case v173-new-088-norolojik-bulgular-ve-laktik-asidoz] diagnosis.answerFeedback.optionComparison.Medium-chain acyl-CoA dehydrogenase aktivitesinin azalması: MCAD eksikliği açlık veya enfeksiyon sırasında hipoketotik hipoglisemiyle ortaya çıkan yağ asidi oksidasyon kusurudur. Burada kan glukozu normaldir ve ana patern karbonhidrat sonrası pirüvat türevlerinin artmasıdır.""}]"
v399-biochemistry-peroksizomal-beta-oksidasyon,Peroksizomal beta oksidasyon,"[""Peroksizomal beta oksidasyon"", ""peroxisomal beta oxidation"", ""peroksizomal β-oksidasyon""]",Tıbbi Biyokimya,Peroksizom metabolizması,P0,Çok uzun zincirli yağ asitlerinin peroksizomda kısaltılmasıdır.,Mitokondri çok uzun zincirli yağ asitlerini doğrudan etkili yıkamaz. Peroksizom bu yağ asitlerini kısaltır; peroksizomal hastalıklarda VLCFA birikimi ve nörolojik bulgular görülebilir.,VLCFA birikimi peroksizomal yağ asidi yıkım kusurunu düşündürür.,Mitokondriyal beta oksidasyon enerji üretimiyle; peroksizomal beta oksidasyon VLCFA kısaltmayla öne çıkar.,"[""VLCFA"", ""Zellweger sendromu"", ""Peroksizom"", ""Yağ asidi beta oksidasyonu""]",3,"[{""sourceFilePath"": ""src/data/cases.js / src/data/tusPearlCards.js / src/data/tusPearlMedicalBiochemistryFirst74Overrides.js"", ""text"": ""[Medical Biochemistry Hap Card Override tus-pearl-medical-biochemistry-230-extra] back: VLCFA’ların peroksizomal beta oksidasyonla kısaltılması bozulur.""}, {""sourceFilePath"": ""src/data/cases.js / src/data/tusPearlCards.js / src/data/tusPearlMedicalBiochemistryFirst74Overrides.js"", ""text"": ""[Medical Biochemistry Hap Card Override tus-pearl-medical-biochemistry-230-extra] answer: VLCFA’ların peroksizomal beta oksidasyonla kısaltılması bozulur.""}]"
v399-biochemistry-piridoksal-fosfat,Piridoksal fosfat,"[""Piridoksal fosfat"", ""PLP"", ""pyridoxal phosphate"", ""aktif B6""]",Tıbbi Biyokimya,Vitamin / kofaktör,P0,Vitamin B6’nın aktif koenzim formudur.,"PLP transaminasyon, dekarboksilasyon ve transsülfürasyon reaksiyonlarında kullanılır. CBS ve bazı nörotransmitter sentez basamakları B6 bağımlı olduğu için eksiklikte nörolojik ve metabolik bulgular görülebilir.",B6 = PLP; transaminasyon ve CBS gibi aminoasit reaksiyonlarında sık sorulur.,B12 metiyonin sentaz/metilmalonil-CoA mutaz için; B6 transaminasyon ve CBS için önemlidir.,"[""Sistatiyonin beta-sentaz"", ""Transaminasyon"", ""GABA sentezi"", ""Homosistein""]",36,"[{""sourceFilePath"": ""src/data/cases.js / src/data/tusPearlCards.js / src/data/tusPearlMedicalBiochemistryFirst74Overrides.js"", ""text"": ""[Medical Biochemistry Case v189-new-282-cig-yumurta-tuketimi-sonrasi-dermatit] diagnosis.answerFeedback.optionComparison.Transaminasyon reaksiyonları: Transaminasyon reaksiyonları çoğunlukla piridoksal fosfatla ilişkilidir. Biotin eksikliğiyle beklenen organik asit/açilkarnitin paterni transaminazlardan çok karboksilazları destekler.""}, {""sourceFilePath"": ""src/data/cases.js / src/data/tusPearlCards.js / src/data/tusPearlMedicalBiochemistryFirst74Overrides.js"", ""text"": ""[Medical Biochemistry Case v189-new-282-cig-yumurta-tuketimi-sonrasi-dermatit] diagnosis.answerFeedback.whyWrong.Transaminasyon reaksiyonları: Transaminasyon reaksiyonları çoğunlukla piridoksal fosfatla ilişkilidir. Biotin eksikliğiyle beklenen organik asit/açilkarnitin paterni transaminazlardan çok karboksilazları destekler.""}]"
v399-biochemistry-piruvat-dehidrogenaz-kofaktorleri,Piruvat dehidrogenaz kofaktörleri,"[""Piruvat dehidrogenaz kofaktörleri"", ""PDH kofaktörleri"", ""TPP lipoik asit FAD NAD CoA""]",Tıbbi Biyokimya,Vitamin / enerji metabolizması,P0,"Piruvat dehidrogenaz kompleksinin çalışması için gereken TPP, lipoik asit, FAD, NAD⁺ ve CoA grubudur.","Bu kofaktörler tiamin, lipoat, riboflavin, niasin ve pantotenik asit bilgisini aynı enzim kompleksinde birleştirir. PDH kusuru veya tiamin eksikliği laktik asidoz ve nörolojik bulgularla ilişkilidir.","PDH kofaktörleri klasik ezber: TPP, lipoik asit, FAD, NAD⁺, CoA.",Piruvat karboksilaz biotin bağımlıdır; PDH çoklu B vitamini kofaktörü kullanır.,"[""Piruvat dehidrogenaz"", ""Tiamin pirofosfat"", ""Lipoik asit"", ""NAD+""]",4,"[{""sourceFilePath"": ""src/data/cases.js / src/data/tusPearlCards.js / src/data/tusPearlMedicalBiochemistryFirst74Overrides.js"", ""text"": ""[Medical Biochemistry Case ai-spot-vakasiz-secki-063-piruvat-dehidrogenaz-kofaktorleri] listTitle: Piruvat dehidrogenaz kofaktörleri""}, {""sourceFilePath"": ""src/data/cases.js / src/data/tusPearlCards.js / src/data/tusPearlMedicalBiochemistryFirst74Overrides.js"", ""text"": ""[Medical Biochemistry Case ai-spot-vakasiz-secki-063-piruvat-dehidrogenaz-kofaktorleri] cardTitle: Piruvat dehidrogenaz kofaktörleri""}]"
v399-biochemistry-piruvat-karboksilaz,Piruvat karboksilaz,"[""Piruvat karboksilaz"", ""pyruvate carboxylase""]",Tıbbi Biyokimya,Glukoneogenez / anaplerotik reaksiyon,P0,Piruvatı oksaloasetata çeviren biotin bağımlı mitokondriyal enzimdir.,"Piruvat karboksilaz glukoneogenez başlangıcı ve sitrik asit döngüsüne ara ürün doldurma açısından önemlidir. Asetil-CoA tarafından aktive edilmesi, yağ asidi yıkımıyla glukoz üretimi arasındaki bağlantıyı gösterir.",Piruvat karboksilaz biotin bağımlıdır ve asetil-CoA ile aktive olur.,Piruvat dehidrogenaz piruvatı asetil-CoA’ya götürür; piruvat karboksilaz oksaloasetata götürür.,"[""Biotin"", ""Oksaloasetat"", ""Glukoneogenez"", ""Asetil-CoA""]",83,"[{""sourceFilePath"": ""src/data/cases.js / src/data/tusPearlCards.js / src/data/tusPearlMedicalBiochemistryFirst74Overrides.js"", ""text"": ""[Medical Biochemistry Case v173-new-088-norolojik-bulgular-ve-laktik-asidoz] diagnosis.options[3]: Pirüvat karboksilaz aktivitesinin azalması""}, {""sourceFilePath"": ""src/data/cases.js / src/data/tusPearlCards.js / src/data/tusPearlMedicalBiochemistryFirst74Overrides.js"", ""text"": ""[Medical Biochemistry Case v173-new-088-norolojik-bulgular-ve-laktik-asidoz] diagnosis.answerFeedback.optionComparison.Pirüvat karboksilaz aktivitesinin azalması: Pirüvat karboksilaz biotin bağımlı olarak pirüvatı oksaloasetata çevirir; eksikliğinde laktik asidoz görülebilir. Ancak bu vakada karbonhidrat sonrası pirüvatın asetil-KoA girişindeki blokla uyumlu laktat-alanin-pirüvat paterni ve üst-normal laktat/pirüvat oranı PDH defektini daha iyi destekler.""}]"
v399-biochemistry-porfirin-sentezi,Porfirin sentezi,"[""Porfirin sentezi"", ""heme biosynthesis"", ""hem sentezi"", ""porphyrin synthesis""]",Tıbbi Biyokimya,Hem metabolizması,P0,Glisin ve süksinil-CoA’dan başlayarak hem üretimine giden mitokondri-sitozol ortak yoludur.,"Hem sentezinde basamak kusurları farklı porfiria tabloları oluşturur. Nörovisseral bulgular, fotosensitivite veya idrar renk değişikliği hangi ara metabolitin biriktiğine göre değişir.",Porfiriler hem sentez basamak kusurlarıdır; biriken prekürsör klinik fenotipi belirler.,Hem yıkımı bilirubin yoludur; porfirin sentezi hem üretim yoludur.,"[""ALA sentaz"", ""Porfobilinojen"", ""Üroporfirinojen dekarboksilaz"", ""Akut intermittan porfiri""]",49,"[{""sourceFilePath"": ""src/data/cases.js / src/data/tusPearlCards.js / src/data/tusPearlMedicalBiochemistryFirst74Overrides.js"", ""text"": ""[Medical Biochemistry Case v186-new-238-bakla-sonrasi-sarilik-ve-koyu-idrar] diagnosis.answerFeedback.optionComparison.Ferroşelataz aktivitesinin azalması: Ferroşelataz eksikliği hem sentezinin son basamağını etkileyerek porfiri/sideroblastik paternle ilişkilidir; akut oksidatif hemoliz ve Heinz cisimciği bu mekanizmayla açıklanmaz.""}, {""sourceFilePath"": ""src/data/cases.js / src/data/tusPearlCards.js / src/data/tusPearlMedicalBiochemistryFirst74Overrides.js"", ""text"": ""[Medical Biochemistry Case v186-new-238-bakla-sonrasi-sarilik-ve-koyu-idrar] diagnosis.answerFeedback.whyWrong.Ferroşelataz aktivitesinin azalması: Ferroşelataz eksikliği hem sentezinin son basamağını etkileyerek porfiri/sideroblastik paternle ilişkilidir; akut oksidatif hemoliz ve Heinz cisimciği bu mekanizmayla açıklanmaz.""}]"
v399-biochemistry-porfobilinojen,Porfobilinojen,"[""Porfobilinojen"", ""PBG"", ""porphobilinogen""]",Tıbbi Biyokimya,Hem metabolizması,P0,ALA’dan oluşan ve porfirin halkasına giden erken hem sentezi ara ürünüdür.,"Akut intermittan porfiride porfobilinojen deaminaz kusuru nedeniyle PBG ve ALA artar. Atakta karın ağrısı, nöropsikiyatrik bulgu ve koyulaşan idrar ipucu olabilir.",Akut intermittan porfiride ALA ve porfobilinojen artışı beklenir.,Porfobilinojen akut nörovisseral porfirilerle; üroporfirinler daha çok kutanöz fotosensitiviteyle ilişkilidir.,"[""Porfobilinojen deaminaz"", ""Akut intermittan porfiri"", ""ALA"", ""Hem sentezi""]",107,"[{""sourceFilePath"": ""src/data/cases.js / src/data/tusPearlCards.js / src/data/tusPearlMedicalBiochemistryFirst74Overrides.js"", ""text"": ""[Medical Biochemistry Case ai-spot-vakasiz-secki-193] options[0].text: Porfobilinojen deaminaz eksikliğiyle ALA ve porfobilinojen birikmesi""}, {""sourceFilePath"": ""src/data/cases.js / src/data/tusPearlCards.js / src/data/tusPearlMedicalBiochemistryFirst74Overrides.js"", ""text"": ""[Medical Biochemistry Case ai-spot-vakasiz-secki-193] correctOptionText: Porfobilinojen deaminaz eksikliğiyle ALA ve porfobilinojen birikmesi""}]"
v399-biochemistry-porfobilinojen-deaminaz,Porfobilinojen deaminaz,"[""Porfobilinojen deaminaz"", ""PBG deaminaz"", ""hydroxymethylbilane synthase""]",Tıbbi Biyokimya,Hem metabolizması,P0,Porfobilinojeni hidroksimetilbilana dönüştüren hem sentezi enzimidir.,Eksikliği akut intermittan porfiriye yol açar. Hem sentez yolu tıkandığında ALA ve PBG birikir; karın ağrısı ve nörolojik bulgular bu prekürsör toksisitesiyle ilişkilidir.,Akut intermittan porfirinin klasik enzim kusuru porfobilinojen deaminazdır.,Porphyria cutanea tarda üroporfirinojen dekarboksilaz kusurudur; AIP PBG deaminaz kusurudur.,"[""Akut intermittan porfiri"", ""Porfobilinojen"", ""ALA"", ""Hem feedback inhibisyonu""]",53,"[{""sourceFilePath"": ""src/data/cases.js / src/data/tusPearlCards.js / src/data/tusPearlMedicalBiochemistryFirst74Overrides.js"", ""text"": ""[Medical Biochemistry Case ai-spot-vakasiz-secki-193] options[0].text: Porfobilinojen deaminaz eksikliğiyle ALA ve porfobilinojen birikmesi""}, {""sourceFilePath"": ""src/data/cases.js / src/data/tusPearlCards.js / src/data/tusPearlMedicalBiochemistryFirst74Overrides.js"", ""text"": ""[Medical Biochemistry Case ai-spot-vakasiz-secki-193] correctOptionText: Porfobilinojen deaminaz eksikliğiyle ALA ve porfobilinojen birikmesi""}]"
v399-biochemistry-prolin-lizin-hidroksilasyonu,Prolin-lizin hidroksilasyonu,"[""Prolin-lizin hidroksilasyonu"", ""proline lysine hydroxylation"", ""kollajen hidroksilasyonu""]",Tıbbi Biyokimya,Bağ dokusu biyokimyası,P0,Kollajen sentezinde prolin ve lizin artıklarının C vitamini bağımlı hidroksillenmesidir.,Bu hidroksilasyon üçlü heliks stabilitesi ve kollajen dayanıklılığı için gereklidir. C vitamini eksikliğinde skorbüt bulguları bu basamağın aksamasıyla oluşur.,Skorbütte temel sorun kollajen hidroksilasyonunun bozulmasıdır.,Ehlers-Danlos bazı tiplerde kollajen işlenmesi/çapraz bağ sorunlarıyla; skorbüt C vitamini eksikliğiyle ayrılır.,"[""Vitamin C"", ""Hidroksiprolin"", ""Hidroksilizin"", ""Skorbüt""]",0,"[{""sourceFilePath"": ""src/data/cases.js / src/data/tusPearlCards.js / src/data/tusPearlMedicalBiochemistryFirst74Overrides.js"", ""text"": ""Terim, taranan Tıbbi Biyokimya olgu/hap kart konusunun mekanizma veya safeNested açıklama ihtiyacından türetildi; exact cümle eşleşmesi bulunmadı.""}]"
v399-biochemistry-purin-kurtarma-yolu,Purin kurtarma yolu,"[""Purin kurtarma yolu"", ""purine salvage pathway"", ""salvage pathway""]",Tıbbi Biyokimya,Nükleotid metabolizması,P0,Serbest pürin bazlarının yeniden nükleotide dönüştürüldüğü enerji tasarruflu yoldur.,"HGPRT ve APRT gibi enzimler bazları PRPP ile birleştirir. HGPRT kusurunda hipoksantin/guanin kurtarılamaz, PRPP artışı de novo sentezi tetikler ve ürik asit yükselir.",Lesch-Nyhan mantığı purin kurtarma yolunun kaybıdır.,De novo sentez sıfırdan yapım; salvage yol geri kazanımdır.,"[""HGPRT"", ""PRPP"", ""Ürik asit"", ""Lesch-Nyhan sendromu""]",53,"[{""sourceFilePath"": ""src/data/cases.js / src/data/tusPearlCards.js / src/data/tusPearlMedicalBiochemistryFirst74Overrides.js"", ""text"": ""[Medical Biochemistry Case v194-new-316-gunesle-artan-dokuntu-ve-ataksi] diagnosis.options[2]: Pürin kurtarma yolunda hipoksantin kullanımında bozukluk""}, {""sourceFilePath"": ""src/data/cases.js / src/data/tusPearlCards.js / src/data/tusPearlMedicalBiochemistryFirst74Overrides.js"", ""text"": ""[Medical Biochemistry Case v195-new-343-erkek-cocukta-kendini-isirma-ve-urik-asit-yuksekligi] question: Bu çocukta pürin kurtarma yolundaki temel enzim defekti hangisidir?""}]"
v399-biochemistry-seruloplazmin,Seruloplazmin,"[""Seruloplazmin"", ""ceruloplasmin""]",Tıbbi Biyokimya,Bakır / demir metabolizması,P0,Bakırı plazmada taşıyan ve demir oksidasyonuna da katkı sağlayan karaciğer kaynaklı proteindir.,Wilson hastalığında seruloplazmin düzeyi düşebilir; bakır dokularda birikir. Seruloplazmin aynı zamanda Fe²⁺’yi Fe³⁺ formuna oksitleyerek transferrine yüklenmeyi kolaylaştırır.,Wilson’da düşük seruloplazmin + bakır birikimi klasik biyokimya ipucudur.,Menkes bakır emilim/taşıma kusurudur; Wilson bakır atılım kusurudur.,"[""Wilson hastalığı"", ""Bakır metabolizması"", ""Kayser-Fleischer halkası"", ""ATP7B""]",95,"[{""sourceFilePath"": ""src/data/cases.js / src/data/tusPearlCards.js / src/data/tusPearlMedicalBiochemistryFirst74Overrides.js"", ""text"": ""[Medical Biochemistry TUS Pearl Card Wilson hastalığı] keywords[3]: seruloplazmin düşük""}, {""sourceFilePath"": ""src/data/cases.js / src/data/tusPearlCards.js / src/data/tusPearlMedicalBiochemistryFirst74Overrides.js"", ""text"": ""[Medical Biochemistry TUS Pearl Card Wilson hastalığı] extraQuestion: Vaka kökünde Wilson, Kayser-Fleischer ve seruloplazmin düşük birlikte verilirse hangi yapı, hücre veya anatomik ilişki öncelikle düşünülür?""}]"
v399-biochemistry-tetrahidrofolat,Tetrahidrofolat,"[""Tetrahidrofolat"", ""THF"", ""tetrahydrofolate""]",Tıbbi Biyokimya,Tek karbon metabolizması,P0,Folatın tek karbon birimlerini taşıyan aktif koenzim formudur.,"THF pürin sentezi, timidilat sentezi ve metiyonin-homosistein döngüsünde tek karbon transferlerini sağlar. Eksikliği DNA sentezini aksatarak megaloblastik anemi yapar.",Folat/THF tek karbon transferi ve DNA sentezi için kritiktir.,B12 eksikliğinde folat THF formlarına geri dönemeyebilir; bu folat tuzağıdır.,"[""Folat tuzağı"", ""Timidilat sentezi"", ""Pürin sentezi"", ""Megaloblastik anemi""]",70,"[{""sourceFilePath"": ""src/data/cases.js / src/data/tusPearlCards.js / src/data/tusPearlMedicalBiochemistryFirst74Overrides.js"", ""text"": ""[Medical Biochemistry Case v168-new-054-tromboz-egilimi-olan-ergen] diagnosis.options[3]: Methylenetetrahydrofolate reductase (MTHFR) eksikliği""}, {""sourceFilePath"": ""src/data/cases.js / src/data/tusPearlCards.js / src/data/tusPearlMedicalBiochemistryFirst74Overrides.js"", ""text"": ""[Medical Biochemistry Case v168-new-054-tromboz-egilimi-olan-ergen] diagnosis.answerFeedback.optionComparison.Methylenetetrahydrofolate reductase (MTHFR) eksikliği: MTHFR, 5-metil-THF sağlayarak remetilasyonu destekler. MTHFR kusurunda metiyonin artışı beklenmez; lens subluksasyonu ile metiyonin-homosistein birlikte yüksekliği transsülfürasyon blokajını daha güçlü gösterir.""}]"
v399-biochemistry-tip-kollajen,Tip III kollajen,"[""Tip III kollajen"", ""type III collagen""]",Tıbbi Biyokimya,Bağ dokusu biyokimyası,P0,"Damar duvarı, deri ve iç organ stromasında önemli olan kollajen tipidir.","Vasküler Ehlers-Danlos sendromunda tip III kollajen kusuru damar ve organ rüptürü riskini artırır. Sınavda ince deri, kolay morarma ve arter rüptürü paternleriyle sorulabilir.",Vasküler Ehlers-Danlos = tip III kollajen kusuru.,Osteogenezis imperfekta tip I kollajen; vasküler EDS tip III kollajenle ilişkilidir.,"[""Ehlers-Danlos sendromu"", ""Kollajen"", ""Damar rüptürü"", ""Bağ dokusu""]",0,"[{""sourceFilePath"": ""src/data/cases.js / src/data/tusPearlCards.js / src/data/tusPearlMedicalBiochemistryFirst74Overrides.js"", ""text"": ""Terim, taranan Tıbbi Biyokimya olgu/hap kart konusunun mekanizma veya safeNested açıklama ihtiyacından türetildi; exact cümle eşleşmesi bulunmadı.""}]"
v399-biochemistry-vlcfa,VLCFA,"[""VLCFA"", ""çok uzun zincirli yağ asitleri"", ""very long-chain fatty acids""]",Tıbbi Biyokimya,Peroksizom metabolizması,P0,Peroksizomal yıkıma ihtiyaç duyan çok uzun zincirli yağ asitleridir.,VLCFA birikimi Zellweger spektrumu veya peroksizomal biyogenez/oksidasyon kusurlarında önemli ipucudur. Nörolojik bulgular ve dismorfik özelliklerle birlikte sorulabilir.,VLCFA artışı peroksizom kusurunu akla getirir.,Orta zincir yağ asidi kusurları MCAD ile; çok uzun zincirli yağ asitleri peroksizomla ilişkilidir.,"[""Peroksizomal beta oksidasyon"", ""Zellweger sendromu"", ""Adrenolökodistrofi"", ""Peroksizom""]",20,"[{""sourceFilePath"": ""src/data/cases.js / src/data/tusPearlCards.js / src/data/tusPearlMedicalBiochemistryFirst74Overrides.js"", ""text"": ""[Medical Biochemistry TUS Pearl Card Zellweger sendromu] explanation: Zellweger spektrumunda peroksizomal fonksiyon bozulur ve çok uzun zincirli yağ asitleri birikir.""}, {""sourceFilePath"": ""src/data/cases.js / src/data/tusPearlCards.js / src/data/tusPearlMedicalBiochemistryFirst74Overrides.js"", ""text"": ""[Medical Biochemistry TUS Pearl Card Zellweger sendromu] keywords[2]: VLCFA""}]"
v399-biochemistry-uroporfirinojen-dekarboksilaz,Üroporfirinojen dekarboksilaz,"[""Üroporfirinojen dekarboksilaz"", ""uroporphyrinogen decarboxylase"", ""UROD""]",Tıbbi Biyokimya,Hem metabolizması,P0,Üroporfirinojeni koproporfirinojene çeviren hem sentezi enzimidir.,Eksikliği porphyria cutanea tarda ile ilişkilidir. Fotosensitivite ve ciltte bül gelişimi daha çok porfirinlerin ışıkla reaksiyona girmesiyle açıklanır.,PCT’nin klasik enzimi üroporfirinojen dekarboksilazdır.,AIP nörovisseral ALA/PBG artışıyla; PCT kutanöz fotosensitiviteyle öne çıkar.,"[""Porphyria cutanea tarda"", ""Porfirin sentezi"", ""Fotosensitivite"", ""Hem sentezi""]",48,"[{""sourceFilePath"": ""src/data/cases.js / src/data/tusPearlCards.js / src/data/tusPearlMedicalBiochemistryFirst74Overrides.js"", ""text"": ""[Medical Biochemistry Case ai-spot-vakasiz-secki-193] options[3].text: Üroporfirinojen dekarboksilaz eksikliğiyle yalnız fotosensitivite gelişmesi""}, {""sourceFilePath"": ""src/data/cases.js / src/data/tusPearlCards.js / src/data/tusPearlMedicalBiochemistryFirst74Overrides.js"", ""text"": ""[Medical Biochemistry Case ai-spot-vakasiz-secki-193] optionFeedback.Üroporfirinojen dekarboksilaz eksikliğiyle yalnız fotosensitivite gelişmesi: Yanlıştır. Üroporfirinojen dekarboksilaz eksikliği porfiria cutanea tarda ile ilişkilidir ve fotosensitivite ön plandadır. Akut intermittan porfirinin nörovisseral mekanizması değildir.""}]"
v399-biochemistry-ala-dehidrataz,ALA dehidrataz,"[""ALA dehidrataz"", ""aminolevulinat dehidrataz"", ""ALAD""]",Tıbbi Biyokimya,Hem metabolizması,P1,İki ALA molekülünü porfobilinojene dönüştüren hem sentezi enzimidir.,ALA dehidrataz sitozolde çalışır ve kurşun tarafından inhibe edilebilir. İnhibisyon ALA birikimi ve hem sentezi bozukluğu ile sonuçlanır.,Kurşun ALA dehidrataz ve ferrokelatazı inhibe eder.,ALA sentaz hız kısıtlayıcı başlangıçtır; ALA dehidrataz ALA’dan PBG oluşumudur.,"[""Delta-aminolevulinik asit"", ""Porfobilinojen"", ""Kurşun zehirlenmesi"", ""Hem sentezi""]",1,"[{""sourceFilePath"": ""src/data/cases.js / src/data/tusPearlCards.js / src/data/tusPearlMedicalBiochemistryFirst74Overrides.js"", ""text"": ""[Medical Biochemistry Hap Card Override tus-pearl-medical-biochemistry-241-extra] differentialNote: Kurşun zehirlenmesi ALA dehidrataz ve ferroşelatazı etkileyerek ALA artışı yapabilir; AIP’nin klasik enzimi PBG deaminazdır.""}, {""sourceFilePath"": ""src/data/cases.js / src/data/tusPearlCards.js / src/data/tusPearlMedicalBiochemistryFirst74Overrides.js"", ""text"": ""[Medical Biochemistry Hap Card Override tus-pearl-medical-biochemistry-241-extra] differentialNote: Kurşun zehirlenmesi ALA dehidrataz ve ferroşelatazı etkileyerek ALA artışı yapabilir; AIP’nin klasik enzimi PBG deaminazdır.""}]"
v399-biochemistry-atp-sentaz,ATP sentaz,"[""ATP sentaz"", ""ATP synthase"", ""kompleks V""]",Tıbbi Biyokimya,Mitokondriyal enerji metabolizması,P1,Proton gradyentini kullanarak ADP’den ATP üreten mitokondriyal enzim kompleksidir.,İç mitokondriyal membran boyunca protonlar ATP sentazdan geri akarken ATP sentezi gerçekleşir. Bu yapı oksidatif fosforilasyonun son enerji üretim basamağıdır.,Proton gradyenti ATP sentazdan geçerek ATP üretir.,Elektron taşıma zinciri gradyent oluşturur; ATP sentaz gradyenti ATP’ye çevirir.,"[""Elektron taşıma zinciri"", ""Proton gradyenti"", ""Oksidatif fosforilasyon"", ""ADP""]",0,"[{""sourceFilePath"": ""src/data/cases.js / src/data/tusPearlCards.js / src/data/tusPearlMedicalBiochemistryFirst74Overrides.js"", ""text"": ""Terim, taranan Tıbbi Biyokimya olgu/hap kart konusunun mekanizma veya safeNested açıklama ihtiyacından türetildi; exact cümle eşleşmesi bulunmadı.""}]"
v399-biochemistry-akcaagac-surubu-kokusu,Akçaağaç şurubu kokusu,"[""Akçaağaç şurubu kokusu"", ""maple syrup odor"", ""tatlı idrar kokusu""]",Tıbbi Biyokimya,Metabolik patern,P1,MSUD’de biriken dallı zincirli metabolitlerle ilişkili karakteristik tatlı idrar/vücut kokusudur.,"Koku tek başına tanı değildir; beslenme bozukluğu, letarji ve dallı zincirli aminoasit/ketoasit birikimi ile birlikte anlamlıdır. Sınavda MSUD için güçlü ipucudur.",Yenidoğanda tatlı idrar kokusu + letarji = MSUD düşün.,Terli ayak kokusu izovalerik asidemiyle daha uyumludur; akçaağaç kokusu MSUD ipucudur.,"[""MSUD"", ""Dallı zincirli aminoasitler"", ""Lösin toksisitesi"", ""BCKD kompleksi""]",28,"[{""sourceFilePath"": ""src/data/cases.js / src/data/tusPearlCards.js / src/data/tusPearlMedicalBiochemistryFirst74Overrides.js"", ""text"": ""[Medical Biochemistry Case v176-new-117-yenidoganda-beslenme-bozulmasi-ve-ozel-idrar-kokusu] diagnosis.evidenceChain[1].text: İdrarda tatlımsı/akçaağaç şurubu kokusu MSUD için klasik klinik ipucudur.""}, {""sourceFilePath"": ""src/data/cases.js / src/data/tusPearlCards.js / src/data/tusPearlMedicalBiochemistryFirst74Overrides.js"", ""text"": ""[Medical Biochemistry Case v176-new-117-yenidoganda-beslenme-bozulmasi-ve-ozel-idrar-kokusu] diagnosis.optionComparison.Branched-chain alpha-ketoacid dehydrogenase kompleks eksikliği: BCKDH kompleksi lösin, izolösin ve valinden oluşan dallı zincirli aminoasitlerin alfa-ketoasitlerinin oksidatif dekarboksilasyonunu yapar. Eksiklikte dallı zincirli aminoasitler ve ketoasitleri birikir; yenidoğanda letarji, beslenme bozulması, metabolik asidoz ve tatlı/akçaağaç şurubu kokusu gelişir.""}]"
v399-biochemistry-alanin-dongusu,Alanin döngüsü,"[""Alanin döngüsü"", ""glukoz-alanin döngüsü"", ""alanine cycle""]",Tıbbi Biyokimya,Aminoasit / glukoneogenez,P1,Kas azotunun alanin şeklinde karaciğere taşınıp glukoneogenezle ilişkilendiği döngüdür.,"Kas piruvatı alanine çevirerek hem karbon iskeletini hem amino azotu karaciğere taşır. Karaciğerde alanin tekrar piruvata döner; azot üre döngüsüne, karbon glukoneogeneze gider.",Alanin döngüsü kas azotunu karaciğere güvenli taşır.,Cori döngüsü laktat taşır; alanin döngüsü amino azot da taşır.,"[""Transaminasyon"", ""Üre döngüsü"", ""Glukoneogenez"", ""Piruvat""]",0,"[{""sourceFilePath"": ""src/data/cases.js / src/data/tusPearlCards.js / src/data/tusPearlMedicalBiochemistryFirst74Overrides.js"", ""text"": ""Terim, taranan Tıbbi Biyokimya olgu/hap kart konusunun mekanizma veya safeNested açıklama ihtiyacından türetildi; exact cümle eşleşmesi bulunmadı.""}]"
v399-biochemistry-alfa-oksidasyon,Alfa oksidasyon,"[""Alfa oksidasyon"", ""alpha oxidation"", ""α-oksidasyon""]",Tıbbi Biyokimya,Peroksizom metabolizması,P1,Beta oksidasyona uygun olmayan dallanmış yağ asitlerinin bir karbon kaydırılarak yıkılmasıdır.,Fitanik asit gibi beta karbonunda dallanma bulunan yağ asitleri alfa oksidasyon gerektirir. Bu basamak bozulduğunda Refsum hastalığı paternleri gelişir.,Fitanik asit beta oksidasyona giremediği için alfa oksidasyon gerekir.,Beta oksidasyon çoğu yağ asidi için; alfa oksidasyon dallanmış fitanik asit için tipiktir.,"[""Fitanik asit"", ""Refsum hastalığı"", ""Peroksizom"", ""Pristanik asit""]",11,"[{""sourceFilePath"": ""src/data/cases.js / src/data/tusPearlCards.js / src/data/tusPearlMedicalBiochemistryFirst74Overrides.js"", ""text"": ""[Medical Biochemistry TUS Pearl Card Refsum hastalığı] explanation: Alfa oksidasyon bozukluğu fitannik asit birikimine yol açar.""}, {""sourceFilePath"": ""src/data/cases.js / src/data/tusPearlCards.js / src/data/tusPearlMedicalBiochemistryFirst74Overrides.js"", ""text"": ""[Medical Biochemistry Hap Card Override tus-pearl-medical-biochemistry-230-extra] differentialNote: Refsum hastalığında fitanik asidin alfa oksidasyonu bozulur; Zellweger’de daha geniş peroksizom biyogenez bozukluğu vardır.""}]"
v399-biochemistry-alfa-1-antitripsin,Alfa-1 antitripsin,"[""Alfa-1 antitripsin"", ""alpha-1 antitrypsin"", ""A1AT""]",Tıbbi Biyokimya,Protein / proteaz inhibitörü,P1,Nötrofil elastazı inhibe eden karaciğer kaynaklı proteaz inhibitörüdür.,Eksikliğinde elastaz aktivitesi artar ve özellikle akciğerde elastik doku yıkımı amfizeme yol açabilir. Karaciğerde yanlış katlanmış protein birikimi de hasar oluşturabilir.,Alfa-1 antitripsin eksikliği erken amfizem + karaciğer hastalığı paternidir.,Kistik fibroz klor kanal kusurudur; A1AT eksikliği proteaz-antiproteaz dengesizliğidir.,"[""Nötrofil elastaz"", ""Amfizem"", ""Karaciğer hasarı"", ""Protein katlanması""]",0,"[{""sourceFilePath"": ""src/data/cases.js / src/data/tusPearlCards.js / src/data/tusPearlMedicalBiochemistryFirst74Overrides.js"", ""text"": ""Terim, taranan Tıbbi Biyokimya olgu/hap kart konusunun mekanizma veya safeNested açıklama ihtiyacından türetildi; exact cümle eşleşmesi bulunmadı.""}]"
v399-biochemistry-alfa-ketoglutarat-dehidrogenaz,Alfa-ketoglutarat dehidrogenaz,"[""Alfa-ketoglutarat dehidrogenaz"", ""alpha-ketoglutarate dehydrogenase"", ""α-ketoglutarat dehidrogenaz""]",Tıbbi Biyokimya,TCA / enzim kofaktörü,P1,TCA döngüsünde alfa-ketoglutaratı süksinil-CoA’ya çeviren çoklu kofaktörlü enzim kompleksidir.,"PDH’ye benzer şekilde TPP, lipoik asit, FAD, NAD⁺ ve CoA kullanır. Tiamin eksikliği bu tip dehidrogenaz komplekslerinde enerji üretimini bozar.",PDH ve alfa-ketoglutarat dehidrogenaz aynı temel kofaktör mantığını paylaşır.,Piruvat dehidrogenaz glikoliz-TCA bağlantısıdır; alfa-ketoglutarat dehidrogenaz TCA iç basamağıdır.,"[""Tiamin pirofosfat"", ""Lipoik asit"", ""FAD"", ""NAD+""]",7,"[{""sourceFilePath"": ""src/data/cases.js / src/data/tusPearlCards.js / src/data/tusPearlMedicalBiochemistryFirst74Overrides.js"", ""text"": ""[Medical Biochemistry Case v189-new-282-cig-yumurta-tuketimi-sonrasi-dermatit] diagnosis.answerFeedback.optionComparison.Oksidatif dekarboksilasyon reaksiyonları: Pirüvat dehidrogenaz ve alfa-ketoglutarat dehidrogenaz gibi oksidatif dekarboksilasyon basamakları TPP, lipoat, FAD, NAD⁺ ve CoA kullanır. Çiğ yumurta akı-biotin ilişkisi bu grubu değil karboksilasyonları hedefler.""}, {""sourceFilePath"": ""src/data/cases.js / src/data/tusPearlCards.js / src/data/tusPearlMedicalBiochemistryFirst74Overrides.js"", ""text"": ""[Medical Biochemistry Case v189-new-282-cig-yumurta-tuketimi-sonrasi-dermatit] diagnosis.answerFeedback.whyWrong.Oksidatif dekarboksilasyon reaksiyonları: Pirüvat dehidrogenaz ve alfa-ketoglutarat dehidrogenaz gibi oksidatif dekarboksilasyon basamakları TPP, lipoat, FAD, NAD⁺ ve CoA kullanır. Çiğ yumurta akı-biotin ilişkisi bu grubu değil karboksilasyonları hedefler.""}]"
v399-biochemistry-argininosuksinat,Argininosüksinat,"[""Argininosüksinat"", ""argininosuccinate""]",Tıbbi Biyokimya,Üre döngüsü,P1,Sitrülin ile aspartatın birleşmesiyle oluşan üre döngüsü ara ürünüdür.,Argininosüksinat oluşumu ikinci azotun üre döngüsüne girişini temsil eder; aspartat kaynaklı azot bu basamakla döngüye katılır. Sonraki ayrılma arginin ve fumarat üretir.,Üredeki ikinci azot aspartattan gelir ve argininosüksinat basamağıyla eklenir.,Karbamoil fosfat amonyak kaynaklı ilk azotu; aspartat ikinci azotu sağlar.,"[""Sitrülin"", ""Aspartat"", ""Arginin"", ""Fumarat""]",188,"[{""sourceFilePath"": ""src/data/cases.js / src/data/tusPearlCards.js / src/data/tusPearlMedicalBiochemistryFirst74Overrides.js"", ""text"": ""[Medical Biochemistry Case v169-new-069-protein-alimi-sonrasi-ensefalopati] diagnosis.options[1]: Argininosüksinat sentetaz eksikliği""}, {""sourceFilePath"": ""src/data/cases.js / src/data/tusPearlCards.js / src/data/tusPearlMedicalBiochemistryFirst74Overrides.js"", ""text"": ""[Medical Biochemistry Case v169-new-069-protein-alimi-sonrasi-ensefalopati] diagnosis.options[2]: Argininosüksinat liyaz eksikliği""}]"
v399-biochemistry-asetil-coa,Asetil-CoA,"[""Asetil-CoA"", ""acetyl-CoA"", ""asetil koenzim A""]",Tıbbi Biyokimya,Enerji metabolizması,P1,"Karbonhidrat, yağ asidi ve bazı aminoasit yıkımının ortak iki karbonlu metabolik ürünüdür.","Asetil-CoA sitrik asit döngüsüne girer, keton cismi sentezine katılır ve yağ asidi/kolesterol sentezi için çıkış noktasıdır. Fazlalığı piruvat karboksilazı aktive ederek glukoneogenezi destekler.",Asetil-CoA enerji fazlası/yağ yıkımı sinyalini glukoneogenez ve ketogenezle bağlar.,Asetil-CoA net glukoza dönüşemez; oksaloasetat ve glukoneogenez bağlantısı farklıdır.,"[""Sitrik asit döngüsü"", ""Ketogenez"", ""Piruvat karboksilaz"", ""HMG-CoA""]",18,"[{""sourceFilePath"": ""src/data/cases.js / src/data/tusPearlCards.js / src/data/tusPearlMedicalBiochemistryFirst74Overrides.js"", ""text"": ""[Medical Biochemistry TUS Pearl Card Pirüvat dehidrogenaz eksikliği] explanation: Pirüvat asetil-CoA’ya giremediğinde laktata yönelir ve laktik asidoz gelişir.""}, {""sourceFilePath"": ""src/data/cases.js / src/data/tusPearlCards.js / src/data/tusPearlMedicalBiochemistryFirst74Overrides.js"", ""text"": ""[Medical Biochemistry Hap Card Override tus-pearl-medical-biochemistry-223-extra] front: Açlıkta asetil-CoA artışı pirüvat karboksilazı neden aktive eder?""}]"
v399-biochemistry-asetoasetat,Asetoasetat,"[""Asetoasetat"", ""acetoacetate""]",Tıbbi Biyokimya,Keton metabolizması,P1,Ketogenezde oluşan temel keton cisimlerinden biridir.,Asetoasetat beta-hidroksibütirata dönüşebilir veya spontan/aseton yoluna gidebilir. Diyabetik ketoasidoz ve açlık metabolizmasında keton cismi yorumunun parçasıdır.,Keton cisimleri başlıca asetoasetat ve beta-hidroksibütirattır; aseton uçucu yan üründür.,Beta-hidroksibütirat redoks durumunu yansıtır; asetoasetat klasik keton ara ürünüdür.,"[""Ketogenez"", ""Beta-hidroksibütirat"", ""Aseton"", ""Diyabetik ketoasidoz""]",24,"[{""sourceFilePath"": ""src/data/cases.js / src/data/tusPearlCards.js / src/data/tusPearlMedicalBiochemistryFirst74Overrides.js"", ""text"": ""[Medical Biochemistry Case v185-new-212-koyu-idrar-ve-eklem-agrisi] investigations[0].result.values[1][0]: Fumarilasetoasetat/süksinilaseton paterni""}, {""sourceFilePath"": ""src/data/cases.js / src/data/tusPearlCards.js / src/data/tusPearlMedicalBiochemistryFirst74Overrides.js"", ""text"": ""[Medical Biochemistry Case v185-new-212-koyu-idrar-ve-eklem-agrisi] investigations[0].result.rows[1][0]: Fumarilasetoasetat/süksinilaseton paterni""}]"
v399-biochemistry-avidin,Avidin,"[""Avidin"", ""avidin proteini"", ""egg white avidin""]",Tıbbi Biyokimya,Vitamin / beslenme,P1,Çiğ yumurta beyazında bulunan ve biotini bağlayarak emilimini azaltabilen proteindir.,"Uzun süre çiğ yumurta beyazı tüketimi avidin aracılığıyla biotin eksikliği benzeri tabloya yol açabilir. Dermatit, alopesi ve nörolojik bulgular bu bağlamda sorulabilir.",Çiğ yumurta beyazı + dermatit/alopesi = avidinle biotin bağlanmasını düşün.,Biotinidaz eksikliği kalıtsal geri kazanım kusurudur; avidin beslenme kaynaklı bağlama etkisidir.,"[""Biotin"", ""Biotinidaz eksikliği"", ""Dermatit"", ""Alopesi""]",16,"[{""sourceFilePath"": ""src/data/cases.js / src/data/tusPearlCards.js / src/data/tusPearlMedicalBiochemistryFirst74Overrides.js"", ""text"": ""[Medical Biochemistry Case v189-new-282-cig-yumurta-tuketimi-sonrasi-dermatit] learningTarget: Çiğ yumurta akındaki avidin maruziyeti, dermatit-alopesi ve karboksilaz ilişkili metabolitlerden biotin bağımlı karboksilasyon reaksiyonlarını ayırt etme.""}, {""sourceFilePath"": ""src/data/cases.js / src/data/tusPearlCards.js / src/data/tusPearlMedicalBiochemistryFirst74Overrides.js"", ""text"": ""[Medical Biochemistry Case v189-new-282-cig-yumurta-tuketimi-sonrasi-dermatit] diagnosis.explanation: Uzun süreli çiğ yumurta akı tüketimi avidin aracılığıyla biotinin bağırsaktan kullanılabilirliğini azaltabilir. Biotin, karboksilasyon reaksiyonlarında CO₂ taşıyan koenzimdir; pirüvat karboksilaz, propiyonil-KoA karboksilaz, asetil-KoA karboksilaz ve 3-metilkrotonil-KoA karboksilaz gibi enzimler bu nedenle etkilenir. Laktat, C3 propiyonilkarnitin ve 3-hidroksiizovalerik asit sapmaları bu karboksilaz bağla…""}]"
v399-biochemistry-bakir-metabolizmasi,Bakır metabolizması,"[""Bakır metabolizması"", ""copper metabolism""]",Tıbbi Biyokimya,Metal metabolizması,P1,"Bakırın emilimi, hücresel taşınması, seruloplazmine bağlanması ve safra ile atılımını kapsayan süreçtir.","Bakır birçok enzim için kofaktördür; taşınma ve atılım kusurları farklı hastalık paternleri oluşturur. Menkes emilim/dağılım kusuru, Wilson safra atılım kusuru şeklinde ayrılabilir.",Menkes ve Wilson aynı metalin farklı taşıma-atılım basamaklarıdır.,Demir metabolizması ferritin/transferrin/hepcidin eksenidir; bakır metabolizması ATP7A/ATP7B ve seruloplazminle düşünülür.,"[""Menkes hastalığı"", ""Wilson hastalığı"", ""Seruloplazmin"", ""Lizil oksidaz""]",32,"[{""sourceFilePath"": ""src/data/cases.js / src/data/tusPearlCards.js / src/data/tusPearlMedicalBiochemistryFirst74Overrides.js"", ""text"": ""[Medical Biochemistry Case v194-new-317-genc-hastada-karaciger-ve-hareket-bulgulari] clinicalFocus: Ergen hastada karaciğer enzim yüksekliği, hareket bozukluğu ve bakır metabolizması panelini birlikte yorumlayarak primer bakır taşıyıcı defektini ayırt etme.""}, {""sourceFilePath"": ""src/data/cases.js / src/data/tusPearlCards.js / src/data/tusPearlMedicalBiochemistryFirst74Overrides.js"", ""text"": ""[Medical Biochemistry Case v194-new-317-genc-hastada-karaciger-ve-hareket-bulgulari] investigations[0].label: Bakır metabolizması paneli""}]"
v399-biochemistry-cpt,CPT I,"[""CPT I"", ""karnitin palmitoiltransferaz I"", ""carnitine palmitoyltransferase I""]",Tıbbi Biyokimya,Lipid metabolizması,P1,Uzun zincirli açil-CoA’yı dış mitokondri zarında açilkarnitine çeviren enzimdir.,"CPT I yağ asitlerinin mitokondriye girişinde ilk karnitin basamağıdır ve malonil-CoA tarafından inhibe edilir. Bu inhibisyon, yağ asidi sentezi aktifken yağ asidi yıkımını kapatır.",Malonil-CoA CPT I’i inhibe eder; sentez varken yıkım baskılanır.,CPT II iç zar/matriks tarafında açilkarnitini tekrar açil-CoA’ya çevirir.,"[""Karnitin şatılı"", ""Malonil-CoA"", ""Yağ asidi beta oksidasyonu"", ""Açilkarnitin""]",198,"[{""sourceFilePath"": ""src/data/cases.js / src/data/tusPearlCards.js / src/data/tusPearlMedicalBiochemistryFirst74Overrides.js"", ""text"": ""[Medical Biochemistry Case v174-new-095-aclik-sonrasi-hipoglisemik-atak] diagnosis.options[2]: Carnitine palmitoyltransferase I eksikliği""}, {""sourceFilePath"": ""src/data/cases.js / src/data/tusPearlCards.js / src/data/tusPearlMedicalBiochemistryFirst74Overrides.js"", ""text"": ""[Medical Biochemistry Case v174-new-095-aclik-sonrasi-hipoglisemik-atak] diagnosis.answerFeedback.optionComparison.Carnitine palmitoyltransferase I eksikliği: CPT I uzun zincirli yağ asitlerinin mitokondriye girişinde görev yapar ve uzun zincirli açilkarnitin paterniyle ilişkilidir. Bu vakada orta zincirli açilkarnitin artışı MCAD eksikliğini daha doğrudan gösterir.""}]"
v399-biochemistry-cpt,CPT II,"[""CPT II"", ""karnitin palmitoiltransferaz II"", ""carnitine palmitoyltransferase II""]",Tıbbi Biyokimya,Lipid metabolizması,P1,Açilkarnitini mitokondri matriksinde tekrar açil-CoA’ya çeviren karnitin şatılı enzimidir.,"CPT II kusuru özellikle uzun süreli egzersiz veya açlık sonrası kas ağrısı, miyoglobinüri ve rabdomiyolizle sorulabilir. Bu patern kas enerji ihtiyacında uzun zincirli yağ asidi kullanımının bozulmasıyla açıklanır.",Egzersiz/açlık sonrası miyoglobinüri + yağ asidi oksidasyon kusuru CPT II’yi düşündürebilir.,MCAD daha çok orta zincirli yağ asidi oksidasyonudur; CPT II uzun zincirli giriş sistemindedir.,"[""CPT II eksikliği"", ""Karnitin şatılı"", ""Miyoglobinüri"", ""Rabdomiyoliz""]",56,"[{""sourceFilePath"": ""src/data/cases.js / src/data/tusPearlCards.js / src/data/tusPearlMedicalBiochemistryFirst74Overrides.js"", ""text"": ""[Medical Biochemistry TUS Pearl Card CPT II eksikliği] topic: CPT II eksikliği""}, {""sourceFilePath"": ""src/data/cases.js / src/data/tusPearlCards.js / src/data/tusPearlMedicalBiochemistryFirst74Overrides.js"", ""text"": ""[Medical Biochemistry TUS Pearl Card CPT II eksikliği] mainAnswer: Karnitin palmitoiltransferaz II eksikliği.""}]"
v399-biochemistry-cori-dongusu,Cori döngüsü,"[""Cori döngüsü"", ""laktat-glukoz döngüsü"", ""Cori cycle""]",Tıbbi Biyokimya,Karbonhidrat metabolizması,P1,Kas veya eritrositte oluşan laktatın karaciğerde glukoza çevrilip tekrar periferik dokulara gönderilmesidir.,Anaerobik glikolizde oluşan laktat karaciğere taşınır ve glukoneogenezle glukoza dönüştürülür. Bu döngü enerji maliyetini karaciğere yükleyerek periferik dokuların glukoz kullanımını sürdürür.,Laktat karaciğerde glukoza döner: Cori döngüsü.,Alanin döngüsü amino azot taşır; Cori döngüsü laktat-karbon taşır.,"[""Laktat"", ""Glukoneogenez"", ""Anaerobik glikoliz"", ""Alanin döngüsü""]",0,"[{""sourceFilePath"": ""src/data/cases.js / src/data/tusPearlCards.js / src/data/tusPearlMedicalBiochemistryFirst74Overrides.js"", ""text"": ""Terim, taranan Tıbbi Biyokimya olgu/hap kart konusunun mekanizma veya safeNested açıklama ihtiyacından türetildi; exact cümle eşleşmesi bulunmadı.""}]"
v399-biochemistry-dalli-zincirli-alfa-ketoasitler,Dallı zincirli alfa-ketoasitler,"[""Dallı zincirli alfa-ketoasitler"", ""branched-chain alpha-ketoacids"", ""BCKA""]",Tıbbi Biyokimya,Aminoasit metabolizması,P1,Dallı zincirli aminoasitlerin transaminasyon sonrası oluşan ketoasit formlarıdır.,MSUD’de BCKD kompleksi çalışmadığı için bu alfa-ketoasitler oksidatif dekarboksilasyona giremez ve birikir. Birikim nörolojik toksisite ve karakteristik kokuya katkı sağlar.,MSUD’de sadece aminoasitler değil alfa-ketoasitleri de birikir.,Organik asidemiler farklı acil metabolit paternleri yapar; MSUD dallı zincirli ketoasitlerle ayrılır.,"[""Dallı zincirli aminoasitler"", ""BCKD kompleksi"", ""MSUD"", ""Lösin""]",42,"[{""sourceFilePath"": ""src/data/cases.js / src/data/tusPearlCards.js / src/data/tusPearlMedicalBiochemistryFirst74Overrides.js"", ""text"": ""[Medical Biochemistry Case v176-new-117-yenidoganda-beslenme-bozulmasi-ve-ozel-idrar-kokusu] investigations[1].summary: Dallı zincirli alfa-ketoasitlerin ve ketonların artması, amino asit transaminasyonundan sonra oksidatif dekarboksilasyon basamağında ilerleyemeyen metabolit yükünü gösterir.""}, {""sourceFilePath"": ""src/data/cases.js / src/data/tusPearlCards.js / src/data/tusPearlMedicalBiochemistryFirst74Overrides.js"", ""text"": ""[Medical Biochemistry Case v176-new-117-yenidoganda-beslenme-bozulmasi-ve-ozel-idrar-kokusu] investigations[1].clinicalMeaning: Dallı zincirli alfa-ketoasitlerin ve ketonların artması, amino asit transaminasyonundan sonra oksidatif dekarboksilasyon basamağında ilerleyemeyen metabolit yükünü gösterir.""}]"
v399-biochemistry-elastin,Elastin,"[""Elastin"", ""elastin protein""]",Tıbbi Biyokimya,Bağ dokusu biyokimyası,P1,Dokulara esneklik kazandıran elastik lif proteinidir.,"Elastin özellikle akciğer, damar ve deri esnekliği için önemlidir. Fibrillin mikrofibrilleri elastik lif organizasyonunda iskelet görevi görür.",Elastin esneklik sağlar; fibrillin elastik lif organizasyonunda önemlidir.,Kollajen çekme dayanıklılığı; elastin esneklik sağlar.,"[""Fibrillin-1"", ""Elastik lif"", ""Aort duvarı"", ""Lizil oksidaz""]",2,"[{""sourceFilePath"": ""src/data/cases.js / src/data/tusPearlCards.js / src/data/tusPearlMedicalBiochemistryFirst74Overrides.js"", ""text"": ""[Medical Biochemistry Hap Card Override tus-pearl-medical-biochemistry-236-extra] explanation: Lizil oksidaz, kollajen ve elastinde lizil kalıntılarının oksidatif deaminasyonunu yaparak çapraz bağ oluşumunu başlatır. Bakır eksikliği veya bakır taşınma bozukluklarında bağ dokusu dayanıklılığı azalabilir.""}, {""sourceFilePath"": ""src/data/cases.js / src/data/tusPearlCards.js / src/data/tusPearlMedicalBiochemistryFirst74Overrides.js"", ""text"": ""[Medical Biochemistry Hap Card Override tus-pearl-medical-biochemistry-238-extra] explanation: Lizil oksidaz kollajen ve elastin çapraz bağlanmasında bakır bağımlı çalışır. Menkes’te dokulara bakır taşınamadığı için bu enzim yeterince çalışamaz; damar, deri, saç ve bağ dokusu dayanıklılığı azalır.""}]"
v399-biochemistry-fad,FAD,"[""FAD"", ""flavin adenine dinucleotide"", ""flavin adenin dinükleotid""]",Tıbbi Biyokimya,Vitamin / redoks kofaktörü,P1,Riboflavin kaynaklı elektron taşıyıcı koenzimdir.,"FAD özellikle dehidrogenaz reaksiyonlarında elektron alıp verir. Süksinat dehidrogenaz, açil-CoA dehidrogenaz ve PDH/α-ketoglutarat dehidrogenaz kompleksleriyle ilişkilidir.",FAD B2 kökenlidir ve dehidrogenazlarda sık karşına çıkar.,NAD⁺ çoğunlukla hidrit alıcıdır; FAD enzim bağlı flavin kofaktörü olarak çalışabilir.,"[""Riboflavin"", ""Açil-CoA dehidrogenaz"", ""Süksinat dehidrogenaz"", ""Piruvat dehidrogenaz""]",109,"[{""sourceFilePath"": ""src/data/cases.js / src/data/tusPearlCards.js / src/data/tusPearlMedicalBiochemistryFirst74Overrides.js"", ""text"": ""[Medical Biochemistry Case v169-new-069-protein-alimi-sonrasi-ensefalopati] stem: Doğumdan sonraki ilk gün belirgin sorunu olmayan erkek yenidoğanın, anne sütü ve formula alımı arttıkça emmesinin bozulduğu, kusma ve giderek artan uykuya eğilim geliştiği öğrenilir. Aile, benzer şekilde yenidoğan döneminde kaybedilmiş erkek bebek öyküsü olduğunu ifade eder. Ateş, belirgin enfeksiyon odağı veya ağır dehidratasyon saptanmamıştır. Klinik kötüleşme özellikle protein yükünün artmasıyla belirginleşmiştir.""}, {""sourceFilePath"": ""src/data/cases.js / src/data/tusPearlCards.js / src/data/tusPearlMedicalBiochemistryFirst74Overrides.js"", ""text"": ""[Medical Biochemistry Case v169-new-069-protein-alimi-sonrasi-ensefalopati] patientIntro.historySummary: Doğumdan sonraki ilk gün belirgin sorunu olmayan erkek yenidoğanın, anne sütü ve formula alımı arttıkça emmesinin bozulduğu, kusma ve giderek artan uykuya eğilim geliştiği öğrenilir. Aile, benzer şekilde yenidoğan döneminde kaybedilmiş erkek bebek öyküsü olduğunu ifade eder. Ateş, belirgin enfeksiyon odağı veya ağır dehidratasyon saptanmamıştır. Klinik kötüleşme özellikle protein yükünün artmasıyla bel…""}]"
v399-biochemistry-fenilketonlar,Fenilketonlar,"[""Fenilketonlar"", ""phenylketones"", ""fenilketon metabolitleri""]",Tıbbi Biyokimya,Aminoasit metabolizması,P1,Fenilalanin birikimi sonrası oluşan alternatif aromatik metabolit grubudur.,"Fenilalanin hidroksilaz yolu tıkanınca fenilalanin transaminasyonla fenilketonlara yönelir. Bu metabolitler klasik PKU’daki koku, nörotoksisite ve tarama mantığıyla ilişkilendirilir.",Fenilketonüri adını fenilketon metabolitlerinin birikiminden alır.,Fenilketon birikimi PKU; dallı zincirli ketoasit birikimi MSUD için tipiktir.,"[""Fenilpirüvat"", ""Fenilketonüri"", ""Fenilalanin hidroksilaz"", ""BH4""]",4,"[{""sourceFilePath"": ""src/data/cases.js / src/data/tusPearlCards.js / src/data/tusPearlMedicalBiochemistryFirst74Overrides.js"", ""text"": ""[Medical Biochemistry Case v185-new-211-bebekte-gelisim-geriligi-ve-kuf-kokusu] diagnosis.answerFeedback.coreKnowledge: Fenilalanin hidroksilaz eksikliğinde fenilalanin tirozine çevrilemez; fenilalanin/fenilketonlar birikir, tirozin göreceli azalır ve tirozin çocukta koşullu esansiyel hale gelir.""}, {""sourceFilePath"": ""src/data/cases.js / src/data/tusPearlCards.js / src/data/tusPearlMedicalBiochemistryFirst74Overrides.js"", ""text"": ""[Medical Biochemistry Case v185-new-211-bebekte-gelisim-geriligi-ve-kuf-kokusu] diagnosis.coreKnowledge: Fenilalanin hidroksilaz eksikliğinde fenilalanin tirozine çevrilemez; fenilalanin/fenilketonlar birikir, tirozin göreceli azalır ve tirozin çocukta koşullu esansiyel hale gelir.""}]"
v399-biochemistry-fenilpiruvat,Fenilpirüvat,"[""Fenilpirüvat"", ""phenylpyruvate""]",Tıbbi Biyokimya,Aminoasit metabolizması,P1,Fenilalanin birikimi sonrası alternatif yollarda oluşan fenilketon metabolitidir.,Klasik PKU’da fenilalanin tirozine dönüşemediğinde fenilpirüvat ve ilişkili fenilketonlar artar. İdrarda/kanda fenilketon birikimi hastalığın adını ve nörotoksisite mantığını açıklar.,PKU’da fenilketonların artışı fenilalaninin alternatif yollara kaymasıyla oluşur.,Fenilpirüvat PKU metabolitidir; homogentisik asit alkaptonüriyle ilişkilidir.,"[""Fenilketonüri"", ""Fenilalanin"", ""Fenilketonlar"", ""Tirozin""]",0,"[{""sourceFilePath"": ""src/data/cases.js / src/data/tusPearlCards.js / src/data/tusPearlMedicalBiochemistryFirst74Overrides.js"", ""text"": ""Terim, taranan Tıbbi Biyokimya olgu/hap kart konusunun mekanizma veya safeNested açıklama ihtiyacından türetildi; exact cümle eşleşmesi bulunmadı.""}]"
v399-biochemistry-ferroportin,Ferroportin,"[""Ferroportin"", ""ferroportin""]",Tıbbi Biyokimya,Demir metabolizması,P1,Enterosit ve makrofajlardan kana demir çıkışını sağlayan demir eksport proteinidir.,Hepcidin ferroportini baskılayarak demirin kana geçişini azaltır. İnflamasyon anemisinde hepcidin artışı demir mobilizasyonunu kısıtlar.,Hepcidin ferroportini kapatır; serum demiri azalır.,Transferrin demiri kanda taşır; ferroportin hücreden kana çıkarır.,"[""Hepcidin"", ""Demir metabolizması"", ""Transferrin"", ""Ferritin""]",18,"[{""sourceFilePath"": ""src/data/cases.js / src/data/tusPearlCards.js / src/data/tusPearlMedicalBiochemistryFirst74Overrides.js"", ""text"": ""[Medical Biochemistry Case v194-new-317-genc-hastada-karaciger-ve-hareket-bulgulari] diagnosis.options[4]: Ferroportin aracılı makrofaj ve hepatosit demir çıkışının bozulması""}, {""sourceFilePath"": ""src/data/cases.js / src/data/tusPearlCards.js / src/data/tusPearlMedicalBiochemistryFirst74Overrides.js"", ""text"": ""[Medical Biochemistry Case v194-new-317-genc-hastada-karaciger-ve-hareket-bulgulari] diagnosis.answerFeedback.optionComparison.Ferroportin aracılı makrofaj ve hepatosit demir çıkışının bozulması: Ferroportin hastalığında demir çıkışı ve ferritin/transferrin satürasyonu paterni ön plandadır. Olgudaki ayırıcı veriler demir homeostazından çok bakırın serüloplazmin ve safra hattındaki işlenmesine yöneliktir.""}]"
v399-biochemistry-fruktoz-1-6-bisfosfat,"Fruktoz-1,6-bisfosfat","[""Fruktoz-1,6-bisfosfat"", ""fructose-1,6-bisphosphate"", ""F1,6BP""]",Tıbbi Biyokimya,Glukoneogenez / glikoliz,P1,Glikoliz ve glukoneogenez arasında kontrol noktası olan fosforillenmiş fruktoz ara ürünüdür.,"Glikolizde fosfofruktokinaz-1 ile oluşur; glukoneogenezde fruktoz-1,6-bisfosfataz tarafından geri çevrilir. Bu nedenle enerji durumuna göre glukoz yıkımı veya üretimi yönünü belirleyen önemli bir kavşaktır.","PFK-1 glikolizin hız kısıtlayıcı basamağıdır; F1,6BP bu karar noktasının ürünüdür.","Fruktoz-1-fosfat herediter fruktoz intoleransında; fruktoz-1,6-bisfosfat glikoliz/glukoneogenez kontrolünde önemlidir.","[""PFK-1"", ""Fruktoz-1,6-bisfosfataz"", ""Glikoliz"", ""Glukoneogenez""]",136,"[{""sourceFilePath"": ""src/data/cases.js / src/data/tusPearlCards.js / src/data/tusPearlMedicalBiochemistryFirst74Overrides.js"", ""text"": ""[Medical Biochemistry Case v194-new-315-meyve-puresi-sonrasi-kusma-ve-hipoglisemi] diagnosis.options[4]: Fruktoz-1,6-bisfosfataz eksikliği""}, {""sourceFilePath"": ""src/data/cases.js / src/data/tusPearlCards.js / src/data/tusPearlMedicalBiochemistryFirst74Overrides.js"", ""text"": ""[Medical Biochemistry Case ai-spot-vakasiz-secki-071] options[1].text: Fosfofruktokinaz-1 aktivasyonu ve fruktoz-1,6-bisfosfataz inhibisyonu""}]"
v399-biochemistry-galaktitol,Galaktitol,"[""Galaktitol"", ""galactitol""]",Tıbbi Biyokimya,Galaktoz metabolizması,P1,Galaktozun aldol redüktazla indirgenmesiyle oluşan alkol şekerdir.,Galaktitol lens içinde osmotik birikir ve katarakt gelişimine katkı sağlar. Galaktoz metabolizma bozukluklarında göz bulgusunu bu osmotic birikim açıklar.,Galaktozemide katarakt soruluyorsa galaktitol birikimini düşün.,Galaktoz-1-fosfat sistemik toksisiteyi; galaktitol lens/katarakt bulgusunu açıklar.,"[""Katarakt"", ""Klasik galaktozemi"", ""Aldol redüktaz"", ""Galaktoz-1-fosfat""]",9,"[{""sourceFilePath"": ""src/data/cases.js / src/data/tusPearlCards.js / src/data/tusPearlMedicalBiochemistryFirst74Overrides.js"", ""text"": ""[Medical Biochemistry Hap Card Override tus-pearl-medical-biochemistry-227-spot] explanation: GALT, galaktoz-1-fosfatı UDP-glukozla reaksiyona sokarak UDP-galaktoz oluşturur. Eksiklikte galaktoz-1-fosfat karaciğer ve böbrekte toksik birikir; galaktitol lens içinde osmotik hasar yaparak katarakta katkı verir.""}, {""sourceFilePath"": ""src/data/cases.js / src/data/tusPearlCards.js / src/data/tusPearlMedicalBiochemistryFirst74Overrides.js"", ""text"": ""[Medical Biochemistry Hap Card Override tus-pearl-medical-biochemistry-227-spot] keywords[2]: galaktitol""}]"
v399-biochemistry-glikojenez,Glikojenez,"[""Glikojenez"", ""glycogenesis"", ""glikojen sentezi""]",Tıbbi Biyokimya,Glikojen metabolizması,P1,Glukoz fazlasının glikojen halinde depolanmasıdır.,Toklukta insülin etkisiyle glikojen sentezi artar ve karaciğer ile kas depoları dolar. Bu süreç enerji fazlasını kısa-orta vadeli karbonhidrat deposuna çevirir.,İnsülin glikojenezi artırır; glukagon ve adrenalin glikojenolizi artırır.,Glikojenez depolama yoludur; glikojenoliz depo yıkımıdır.,"[""İnsülin"", ""Glikojenoliz"", ""UDP-glukoz"", ""Glikojen sentaz""]",3,"[{""sourceFilePath"": ""src/data/cases.js / src/data/tusPearlCards.js / src/data/tusPearlMedicalBiochemistryFirst74Overrides.js"", ""text"": ""[Medical Biochemistry Hap Card Override tus-pearl-medical-biochemistry-225-extra] back: Glukoz-6-fosfat serbest glukoza çevrilemediği için glikojen sentezine geri yönelir.""}, {""sourceFilePath"": ""src/data/cases.js / src/data/tusPearlCards.js / src/data/tusPearlMedicalBiochemistryFirst74Overrides.js"", ""text"": ""[Medical Biochemistry Hap Card Override tus-pearl-medical-biochemistry-225-extra] answer: Glukoz-6-fosfat serbest glukoza çevrilemediği için glikojen sentezine geri yönelir.""}]"
v399-biochemistry-hfe-proteini,HFE proteini,"[""HFE proteini"", ""HFE"", ""HFE protein""]",Tıbbi Biyokimya,Demir metabolizması,P1,Hepcidin düzenlenmesine katılan ve herediter hemokromatozla ilişkili demir metabolizması proteinidir.,"HFE kusurunda hepcidin yanıtı yetersiz kalabilir; bağırsaktan demir emilimi artar ve dokularda demir birikir. Karaciğer, pankreas, kalp ve eklem bulguları bu yüklenmeyle ilişkilidir.",HFE mutasyonu demir emilimi artışı ve hemokromatoz paternini açıklar.,Wilson bakır birikimi; hemokromatoz demir birikimi hastalığıdır.,"[""Herediter hemokromatoz"", ""Hepcidin"", ""Transferrin satürasyonu"", ""Ferritin""]",20,"[{""sourceFilePath"": ""src/data/cases.js / src/data/tusPearlCards.js / src/data/tusPearlMedicalBiochemistryFirst74Overrides.js"", ""text"": ""[Medical Biochemistry Case v194-new-317-genc-hastada-karaciger-ve-hareket-bulgulari] diagnosis.options[1]: HFE aracılı hepsidin regülasyonunun bozulmasıyla intestinal demir emiliminin artması""}, {""sourceFilePath"": ""src/data/cases.js / src/data/tusPearlCards.js / src/data/tusPearlMedicalBiochemistryFirst74Overrides.js"", ""text"": ""[Medical Biochemistry Case v194-new-317-genc-hastada-karaciger-ve-hareket-bulgulari] diagnosis.answerFeedback.optionComparison.HFE aracılı hepsidin regülasyonunun bozulmasıyla intestinal demir emiliminin artması: HFE ilişkili hemokromatoz demir yüklenmesi, ferritin/transferrin satürasyonu yüksekliği ve erişkin başlangıçlı organ hasarıyla düşünülür. Serüloplazmin düşüklüğü, idrar bakırı artışı ve korneal pigment halkası demir değil bakır metabolizması ayrımını yapar.""}]"
v399-biochemistry-hmg-coa-liyaz,HMG-CoA liyaz,"[""HMG-CoA liyaz"", ""HMG-CoA lyase"", ""3-hidroksi-3-metilglutaril-CoA liyaz""]",Tıbbi Biyokimya,Keton metabolizması,P1,HMG-CoA’yı asetoasetata parçalayarak keton cismi oluşumunu sağlayan enzimdir.,HMG-CoA liyaz ketogenezde asetoasetat üretir. Kusurunda açlıkta keton üretimi bozulabilir ve hipoketotik hipoglisemi gelişebilir.,HMG-CoA liyaz keton cismi üretiminde asetoasetat basamağıdır.,HMG-CoA sentaz HMG-CoA oluşturur; HMG-CoA liyaz bunu asetoasetata çevirir.,"[""Ketogenez"", ""Asetoasetat"", ""Hipoketotik hipoglisemi"", ""HMG-CoA sentaz""]",1,"[{""sourceFilePath"": ""src/data/cases.js / src/data/tusPearlCards.js / src/data/tusPearlMedicalBiochemistryFirst74Overrides.js"", ""text"": ""[Medical Biochemistry TUS Pearl Card HMG-CoA redüktaz] trap: HMG-CoA liyaz keton cisimciği üretimiyle ilişkilidir.""}, {""sourceFilePath"": ""src/data/cases.js / src/data/tusPearlCards.js / src/data/tusPearlMedicalBiochemistryFirst74Overrides.js"", ""text"": ""[Medical Biochemistry TUS Pearl Card HMG-CoA redüktaz] trap: HMG-CoA liyaz keton cisimciği üretimiyle ilişkilidir.""}]"
v399-biochemistry-hmg-coa-sentaz,HMG-CoA sentaz,"[""HMG-CoA sentaz"", ""HMG-CoA synthase"", ""3-hidroksi-3-metilglutaril-CoA sentaz""]",Tıbbi Biyokimya,Keton metabolizması,P1,Karaciğer mitokondrisinde keton cismi sentezinde HMG-CoA oluşumunu sağlayan enzimdir.,Ketogenezde asetil-CoA önce HMG-CoA’ya yönelir; HMG-CoA sentaz bu yolun karakteristik basamağıdır. Açlıkta yağ asidi oksidasyonundan gelen asetil-CoA keton üretimine aktarılır.,Ketogenezde mitokondriyal HMG-CoA sentaz kilit basamaktır.,HMG-CoA redüktaz kolesterol sentezindedir; HMG-CoA sentaz ketogenezle ilişkilidir.,"[""Ketogenez"", ""HMG-CoA liyaz"", ""Asetil-CoA"", ""Keton cisimleri""]",14,"[{""sourceFilePath"": ""src/data/cases.js / src/data/tusPearlCards.js / src/data/tusPearlMedicalBiochemistryFirst74Overrides.js"", ""text"": ""[Medical Biochemistry Case v174-new-095-aclik-sonrasi-hipoglisemik-atak] diagnosis.options[1]: HMG-CoA sentaz eksikliği""}, {""sourceFilePath"": ""src/data/cases.js / src/data/tusPearlCards.js / src/data/tusPearlMedicalBiochemistryFirst74Overrides.js"", ""text"": ""[Medical Biochemistry Case v174-new-095-aclik-sonrasi-hipoglisemik-atak] diagnosis.answerFeedback.optionComparison.HMG-CoA sentaz eksikliği: HMG-CoA sentaz eksikliği ketogenez basamağını bozar ve hipoketotik hipoglisemi yapabilir. Ancak orta zincirli açilkarnitin birikimi beta-oksidasyonun MCAD basamağında durduğunu gösterir.""}]"
v399-biochemistry-hem-feedback-inhibisyonu,Hem feedback inhibisyonu,"[""Hem feedback inhibisyonu"", ""heme feedback"", ""hem negatif feedback""]",Tıbbi Biyokimya,Hem metabolizması,P1,Hemin/hemin etkisinin ALA sentazı baskılayarak hem sentez yolunu azaltmasıdır.,Karaciğerde hem düzeyi yüksek olduğunda ALAS1 baskılanır. Akut porfiri tedavisinde hemin verilmesi prekürsör üretimini azaltma mantığıyla çalışır.,Hemin akut porfiride ALA sentazı baskılayarak toksik prekürsör üretimini azaltır.,Glukoz da ALAS1 ekspresyonunu azaltabilir; hemin daha doğrudan feedback sağlar.,"[""ALA sentaz"", ""Akut intermittan porfiri"", ""Hemin"", ""Porfobilinojen""]",0,"[{""sourceFilePath"": ""src/data/cases.js / src/data/tusPearlCards.js / src/data/tusPearlMedicalBiochemistryFirst74Overrides.js"", ""text"": ""Terim, taranan Tıbbi Biyokimya olgu/hap kart konusunun mekanizma veya safeNested açıklama ihtiyacından türetildi; exact cümle eşleşmesi bulunmadı.""}]"
v399-biochemistry-hidroksilizin,Hidroksilizin,"[""Hidroksilizin"", ""hydroxylysine""]",Tıbbi Biyokimya,Bağ dokusu biyokimyası,P1,Kollajen sentezinde lizin hidroksilasyonu ile oluşan ve glikozilasyon/bağlanma için önemli aminoasit türevidir.,"Lizin hidroksilasyonu C vitamini gerektirir. Kollajen sentez bozukluklarında damar kırılganlığı, yara iyileşmesi bozukluğu ve bağ dokusu zayıflığı gelişebilir.",Lizin ve prolin hidroksilasyonu C vitamini bağımlıdır.,Lizil oksidaz bakır bağımlı çapraz bağ yapar; hidroksilasyon C vitamini bağımlıdır.,"[""Vitamin C"", ""Tropokollajen"", ""Kollajen sentezi"", ""Lizil oksidaz""]",0,"[{""sourceFilePath"": ""src/data/cases.js / src/data/tusPearlCards.js / src/data/tusPearlMedicalBiochemistryFirst74Overrides.js"", ""text"": ""Terim, taranan Tıbbi Biyokimya olgu/hap kart konusunun mekanizma veya safeNested açıklama ihtiyacından türetildi; exact cümle eşleşmesi bulunmadı.""}]"
v399-biochemistry-hidroksiprolin,Hidroksiprolin,"[""Hidroksiprolin"", ""hydroxyproline""]",Tıbbi Biyokimya,Bağ dokusu biyokimyası,P1,Kollajen üçlü heliks stabilitesi için önemli hidroksillenmiş prolin türevidir.,"Prolin hidroksilasyonu C vitamini gerektirir. C vitamini eksikliğinde kollajen stabilitesi azalır; diş eti kanaması, peteşi ve yara iyileşmesi bozukluğu görülebilir.",C vitamini prolin ve lizin hidroksilasyonu için gereklidir.,Hidroksiprolin stabilite sağlar; lizil oksidaz çapraz bağ oluşturur.,"[""Vitamin C"", ""Kollajen sentezi"", ""Skorbüt"", ""Tropokollajen""]",0,"[{""sourceFilePath"": ""src/data/cases.js / src/data/tusPearlCards.js / src/data/tusPearlMedicalBiochemistryFirst74Overrides.js"", ""text"": ""Terim, taranan Tıbbi Biyokimya olgu/hap kart konusunun mekanizma veya safeNested açıklama ihtiyacından türetildi; exact cümle eşleşmesi bulunmadı.""}]"
v399-biochemistry-hiperamonyemi-normal-orotik-asit,Hiperamonyemi + normal orotik asit,"[""Hiperamonyemi + normal orotik asit"", ""amonyak yüksekliği + normal orotik asit"", ""normal orotik asitli hiperamonyemi""]",Tıbbi Biyokimya,Metabolik patern,P1,Amonyak yüksekliğine rağmen orotik asidin artmadığı üre döngüsü paternidir.,"Karbamoil fosfat üretimi azsa pirimidin yoluna kaçacak substrat da az olur. Bu nedenle CPS I veya NAGS kusurları, OTC’ye göre normal/düşük orotik asitle ayrılabilir.",Hiperamonyemi var ama orotik asit artmıyorsa CPS I/NAGS tarafını düşün.,OTC eksikliğinde orotik asit artar; CPS I eksikliğinde beklenen artış belirgin değildir.,"[""CPS I eksikliği"", ""N-asetilglutamat"", ""Üre döngüsü"", ""OTC eksikliği""]",0,"[{""sourceFilePath"": ""src/data/cases.js / src/data/tusPearlCards.js / src/data/tusPearlMedicalBiochemistryFirst74Overrides.js"", ""text"": ""Terim, taranan Tıbbi Biyokimya olgu/hap kart konusunun mekanizma veya safeNested açıklama ihtiyacından türetildi; exact cümle eşleşmesi bulunmadı.""}]"
v399-biochemistry-hipoksantin,Hipoksantin,"[""Hipoksantin"", ""hypoxanthine""]",Tıbbi Biyokimya,Pürin metabolizması,P1,Pürin yıkım ve kurtarma yolunda HGPRT ile IMP’ye geri kazanılabilen bazdır.,HGPRT hipoksantini PRPP ile birleştirip IMP yapar. Bu kurtarma olmazsa hipoksantin ksantin/ürik asit yoluna gider ve pürin yıkımı artar.,HGPRT hipoksantini kurtarır; kayıp olursa ürik asit artar.,Guanin de HGPRT ile kurtarılır; adenin daha çok APRT ile ilişkilidir.,"[""HGPRT"", ""Purin kurtarma yolu"", ""PRPP"", ""Ürik asit""]",203,"[{""sourceFilePath"": ""src/data/cases.js / src/data/tusPearlCards.js / src/data/tusPearlMedicalBiochemistryFirst74Overrides.js"", ""text"": ""[Medical Biochemistry Case v172-new-076-hiperurisemi-ve-davranissal-bulgular] diagnosis.correct: Hipoksantin-guanin fosforiboziltransferaz (HGPRT) eksikliği""}, {""sourceFilePath"": ""src/data/cases.js / src/data/tusPearlCards.js / src/data/tusPearlMedicalBiochemistryFirst74Overrides.js"", ""text"": ""[Medical Biochemistry Case v172-new-076-hiperurisemi-ve-davranissal-bulgular] diagnosis.options[2]: Hipoksantin-guanin fosforiboziltransferaz (HGPRT) eksikliği""}]"
v399-biochemistry-karaciger-glikojeni,Karaciğer glikojeni,"[""Karaciğer glikojeni"", ""hepatic glycogen"", ""karaciğer glikojen deposu""]",Tıbbi Biyokimya,Glikojen metabolizması,P1,Karaciğerde depolanan ve açlıkta kan glukozunu korumaya yarayan glikojendir.,Karaciğer glikojeni glukoz-6-fosfataz içerdiği için serbest glukoz üretimine katkı sağlar. Bu nedenle hepatik glikojen hastalıkları açlık hipoglisemisi ve hepatomegali ile gelebilir.,Karaciğer glikojeni sistemik glukoz dengesini korur.,Kas glikojeni kana doğrudan glukoz veremez; kasın kendi enerji ihtiyacına gider.,"[""Glikojenoliz"", ""Glukoz-6-fosfataz"", ""Kas glikojeni"", ""Hepatomegali""]",0,"[{""sourceFilePath"": ""src/data/cases.js / src/data/tusPearlCards.js / src/data/tusPearlMedicalBiochemistryFirst74Overrides.js"", ""text"": ""Terim, taranan Tıbbi Biyokimya olgu/hap kart konusunun mekanizma veya safeNested açıklama ihtiyacından türetildi; exact cümle eşleşmesi bulunmadı.""}]"
v399-biochemistry-kas-glikojeni,Kas glikojeni,"[""Kas glikojeni"", ""muscle glycogen"", ""iskelet kası glikojeni""]",Tıbbi Biyokimya,Glikojen metabolizması,P1,Kas hücresinde depolanan ve egzersizde kasın kendi ATP üretimi için kullanılan glikojendir.,Kas glikoz-6-fosfataz içermez; bu yüzden kas glikojeni kan glukozunu doğrudan yükseltmez. McArdle hastalığında egzersiz intoleransı bu kas içi enerji kullanım kusuruyla ilişkilidir.,"Kas glikojeni kas için enerji deposudur, kan glukozu için kaynak değildir.",Karaciğer glikojeni açlık glukozunu korur; kas glikojeni lokal enerji sağlar.,"[""McArdle hastalığı"", ""Kas glikojen fosforilaz"", ""Egzersiz intoleransı"", ""Glikojenoliz""]",6,"[{""sourceFilePath"": ""src/data/cases.js / src/data/tusPearlCards.js / src/data/tusPearlMedicalBiochemistryFirst74Overrides.js"", ""text"": ""[Medical Biochemistry Hap Card Override tus-pearl-medical-biochemistry-021-spot] explanation: McArdle hastalığında kas glikojen fosforilaz eksiktir ve iskelet kası glikojeni egzersiz sırasında glukoza mobilize edilemez. İlk eforda enerji açığı kramplara yol açar; kan akımı ve alternatif yakıt kullanımı artınca ikinci nefes fenomeni görülebilir.""}, {""sourceFilePath"": ""src/data/cases.js / src/data/tusPearlCards.js / src/data/tusPearlMedicalBiochemistryFirst74Overrides.js"", ""text"": ""[Medical Biochemistry Hap Card Override tus-pearl-medical-biochemistry-021-spot] differentialNote: CPT II eksikliğinde uzun süreli egzersiz veya açlık sonrası yağ asidi oksidasyon kusuru öne çıkar; McArdle kısa yoğun eforda kas glikojenini kullanamaz.""}]"
v399-biochemistry-ketoliz,Ketoliz,"[""Ketoliz"", ""ketone body utilization"", ""keton cismi kullanımı""]",Tıbbi Biyokimya,Keton metabolizması,P1,Keton cisimlerinin ekstrahepatik dokularda asetil-CoA’ya çevrilip enerji için kullanılmasıdır.,"Kalp, kas ve uzamış açlıkta beyin ketonları enerji kaynağı olarak kullanabilir. Karaciğerde tiyoforaz olmadığı için ürettiği ketonu kendisi yakamaz.",Karaciğer keton üretir ama tiyoforaz eksikliği nedeniyle ketonu kullanamaz.,Ketogenez üretimdir; ketoliz kullanım/yıkımdır.,"[""Tiyoforaz"", ""Asetoasetat"", ""Beta-hidroksibütirat"", ""Asetil-CoA""]",0,"[{""sourceFilePath"": ""src/data/cases.js / src/data/tusPearlCards.js / src/data/tusPearlMedicalBiochemistryFirst74Overrides.js"", ""text"": ""Terim, taranan Tıbbi Biyokimya olgu/hap kart konusunun mekanizma veya safeNested açıklama ihtiyacından türetildi; exact cümle eşleşmesi bulunmadı.""}]"
v399-biochemistry-koenzim-a,Koenzim A,"[""Koenzim A"", ""CoA"", ""coenzyme A"", ""KoA""]",Tıbbi Biyokimya,Vitamin / metabolik taşıyıcı,P1,Pantotenik asit kaynaklı açil grubu taşıyıcı koenzimdir.,"Koenzim A asetil-CoA, süksinil-CoA ve açil-CoA gibi metabolitlerde karbon gruplarını taşır. Karbonhidrat, yağ asidi ve aminoasit metabolizmasının ortak bağlantı noktalarında yer alır.",Koenzim A B5 kökenlidir ve açil grubu taşıyıcısıdır.,NAD/FAD elektron taşır; CoA açil grubu taşır.,"[""Asetil-CoA"", ""Süksinil-CoA"", ""Açil-CoA"", ""Pantotenik asit""]",761,"[{""sourceFilePath"": ""src/data/cases.js / src/data/tusPearlCards.js / src/data/tusPearlMedicalBiochemistryFirst74Overrides.js"", ""text"": ""[Medical Biochemistry Case v173-new-088-norolojik-bulgular-ve-laktik-asidoz] learningTarget: Laktat ve alanin yüksekliğiyle giden nörolojik tabloda pirüvatın asetil-KoA’ya girişini sağlayan PDH kompleks defektini tanıma.""}, {""sourceFilePath"": ""src/data/cases.js / src/data/tusPearlCards.js / src/data/tusPearlMedicalBiochemistryFirst74Overrides.js"", ""text"": ""[Medical Biochemistry Case v173-new-088-norolojik-bulgular-ve-laktik-asidoz] diagnosis.options[4]: Medium-chain acyl-CoA dehydrogenase aktivitesinin azalması""}]"
v399-biochemistry-losin-toksisitesi,Lösin toksisitesi,"[""Lösin toksisitesi"", ""leucine toxicity""]",Tıbbi Biyokimya,Aminoasit metabolizması,P1,Özellikle MSUD’de yüksek lösin düzeylerinin santral sinir sistemi üzerindeki toksik etkisidir.,"Lösin ve ilişkili ketoasitlerin birikimi yenidoğanda letarji, beslenme bozukluğu ve ensefalopatiyle ilişkilidir. Bu nedenle MSUD’de nörolojik bulgular metabolit toksisitesiyle açıklanır.",MSUD’de nörotoksisiteyi en çok düşündüren aminoasit lösindir.,Fenilalanin toksisitesi PKU’da; lösin toksisitesi MSUD’de öne çıkar.,"[""MSUD"", ""Dallı zincirli aminoasitler"", ""BCKD kompleksi"", ""Ensefalopati""]",2,"[{""sourceFilePath"": ""src/data/cases.js / src/data/tusPearlCards.js / src/data/tusPearlMedicalBiochemistryFirst74Overrides.js"", ""text"": ""[Medical Biochemistry Hap Card Override tus-pearl-medical-biochemistry-018-extra] keywords[2]: lösin toksisitesi""}, {""sourceFilePath"": ""src/data/cases.js / src/data/tusPearlCards.js / src/data/tusPearlMedicalBiochemistryFirst74Overrides.js"", ""text"": ""[Medical Biochemistry Hap Card Override tus-pearl-medical-biochemistry-018-extra] keywords[2]: lösin toksisitesi""}]"
v399-biochemistry-mthfr,MTHFR,"[""MTHFR"", ""metilentetrahidrofolat redüktaz"", ""methylenetetrahydrofolate reductase""]",Tıbbi Biyokimya,Tek karbon metabolizması,P1,"5,10-metilen-THF’yi 5-metil-THF’ye dönüştüren folat enzimi­dir.",MTHFR aktivitesi homosisteinin metiyonine remetilasyonu için metil donörü üretir. Aktivite azalırsa homosistein artabilir ve damar riskiyle ilişkilendirilebilir.,"MTHFR, homosistein remetilasyonu için 5-metil-THF üretir.",CBS transsülfürasyon yoludur; MTHFR remetilasyon yolunun folat tarafıdır.,"[""Homosistein"", ""Folat"", ""Metiyonin sentaz"", ""5-metil-THF""]",57,"[{""sourceFilePath"": ""src/data/cases.js / src/data/tusPearlCards.js / src/data/tusPearlMedicalBiochemistryFirst74Overrides.js"", ""text"": ""[Medical Biochemistry Case v168-new-054-tromboz-egilimi-olan-ergen] diagnosis.options[3]: Methylenetetrahydrofolate reductase (MTHFR) eksikliği""}, {""sourceFilePath"": ""src/data/cases.js / src/data/tusPearlCards.js / src/data/tusPearlMedicalBiochemistryFirst74Overrides.js"", ""text"": ""[Medical Biochemistry Case v168-new-054-tromboz-egilimi-olan-ergen] diagnosis.answerFeedback.optionComparison.Methylenetetrahydrofolate reductase (MTHFR) eksikliği: MTHFR, 5-metil-THF sağlayarak remetilasyonu destekler. MTHFR kusurunda metiyonin artışı beklenmez; lens subluksasyonu ile metiyonin-homosistein birlikte yüksekliği transsülfürasyon blokajını daha güçlü gösterir.""}]"
v399-biochemistry-makrositik-megaloblastik-anemi,Makrositik megaloblastik anemi,"[""Makrositik megaloblastik anemi"", ""megaloblastik makrositik anemi"", ""macrocytic megaloblastic anemia""]",Tıbbi Biyokimya,Vitamin / hematoloji biyokimyası,P1,DNA sentezi bozukluğu nedeniyle büyük ve olgunlaşması gecikmiş eritroid hücrelerle giden anemi tipidir.,B12 veya folat eksikliğinde timidilat sentezi bozulur; çekirdek olgunlaşması sitoplazmaya göre geri kalır. B12 eksikliğinde nörolojik bulgu ve metilmalonik asit artışı ayırıcıdır.,B12 ve folat DNA sentezi üzerinden megaloblastik anemi yapar.,Demir eksikliği mikrositik; B12/folat eksikliği makrositik megaloblastik anemidir.,"[""Vitamin B12"", ""Folat"", ""Timidilat sentaz"", ""Metilmalonik asit""]",0,"[{""sourceFilePath"": ""src/data/cases.js / src/data/tusPearlCards.js / src/data/tusPearlMedicalBiochemistryFirst74Overrides.js"", ""text"": ""Terim, taranan Tıbbi Biyokimya olgu/hap kart konusunun mekanizma veya safeNested açıklama ihtiyacından türetildi; exact cümle eşleşmesi bulunmadı.""}]"
v399-biochemistry-malat-aspartat-satili,Malat-aspartat şatılı,"[""Malat-aspartat şatılı"", ""malate-aspartate shuttle"", ""malat aspartat taşıma sistemi""]",Tıbbi Biyokimya,Enerji metabolizması,P1,Sitozolik NADH elektronlarını mitokondriye taşıyan yüksek verimli şatıl sistemidir.,Sitozolik NADH mitokondri iç membranını doğrudan geçemez. Malat-aspartat şatılı elektron eşdeğerini matrikse aktararak oksidatif fosforilasyonda daha fazla ATP üretimine katkı sağlar.,Kalp ve karaciğerde malat-aspartat şatılı sitozolik NADH’yi verimli taşır.,Gliserol-3-fosfat şatılı daha düşük ATP verimlidir; malat-aspartat daha yüksek verimlidir.,"[""NADH"", ""Oksidatif fosforilasyon"", ""Gliserol-3-fosfat şatılı"", ""Mitokondri""]",0,"[{""sourceFilePath"": ""src/data/cases.js / src/data/tusPearlCards.js / src/data/tusPearlMedicalBiochemistryFirst74Overrides.js"", ""text"": ""Terim, taranan Tıbbi Biyokimya olgu/hap kart konusunun mekanizma veya safeNested açıklama ihtiyacından türetildi; exact cümle eşleşmesi bulunmadı.""}]"
v399-biochemistry-nad,NAD+,"[""NAD+"", ""nicotinamide adenine dinucleotide"", ""nikotinamid adenin dinükleotid""]",Tıbbi Biyokimya,Vitamin / redoks kofaktörü,P1,Niasin kaynaklı oksitlenmiş elektron taşıyıcı koenzimdir.,"NAD⁺ glikoliz, TCA döngüsü ve beta oksidasyonda elektron alarak NADH’a dönüşür. Enerji üretimi açısından NADH elektron taşıma zincirine indirgeme gücü sağlar.",NAD⁺ B3 kökenlidir; NADH enerji üretimine elektron taşır.,NADPH daha çok indirgeme biyosentezi/antioksidan savunma içindir; NADH enerji üretiminde öne çıkar.,"[""Niasin"", ""NADH"", ""Glikoliz"", ""Sitrik asit döngüsü""]",25,"[{""sourceFilePath"": ""src/data/cases.js / src/data/tusPearlCards.js / src/data/tusPearlMedicalBiochemistryFirst74Overrides.js"", ""text"": ""[Medical Biochemistry Case v189-new-280-karbonhidrat-sonrasi-laktik-asidoz] diagnosis.coreKnowledge: PDH kompleksi TPP, lipoat, FAD, NAD+ ve CoA kullanır; eksiklikte pirüvat laktat ve alanine yönelir.""}, {""sourceFilePath"": ""src/data/cases.js / src/data/tusPearlCards.js / src/data/tusPearlMedicalBiochemistryFirst74Overrides.js"", ""text"": ""[Medical Biochemistry Case v189-new-282-cig-yumurta-tuketimi-sonrasi-dermatit] diagnosis.optionComparison.Dehidrogenazlar: Dehidrogenazlar çoğunlukla NAD+, FAD veya lipoat gibi kofaktörlerle ilişkilidir. Biotin eksikliğinin klasik hedefi karboksilazlardır, dehidrogenazlar değil.""}]"
v399-biochemistry-nonoksidatif-faz,Nonoksidatif faz,"[""Nonoksidatif faz"", ""non-oxidative phase"", ""pentoz fosfat nonoksidatif faz""]",Tıbbi Biyokimya,Pentoz fosfat yolu,P1,Pentoz fosfat yolunda riboz şekerleri ile glikoliz ara ürünleri arasında dönüşüm yapan bölümdür.,Transketolaz ve transaldolaz reaksiyonları hücrenin riboz ihtiyacı ile glikoliz ara ürünleri ihtiyacını dengeler. Transketolaz tiamin bağımlı olduğu için B1 eksikliğiyle ilişkilendirilebilir.,Nonoksidatif faz riboz-karbon iskeleti dönüşümlerini yapar.,Oksidatif faz NADPH üretir; nonoksidatif faz karbon iskeletlerini yeniden düzenler.,"[""Transketolaz"", ""Riboz-5-fosfat"", ""Fruktoz-6-fosfat"", ""Gliseraldehit-3-fosfat""]",0,"[{""sourceFilePath"": ""src/data/cases.js / src/data/tusPearlCards.js / src/data/tusPearlMedicalBiochemistryFirst74Overrides.js"", ""text"": ""Terim, taranan Tıbbi Biyokimya olgu/hap kart konusunun mekanizma veya safeNested açıklama ihtiyacından türetildi; exact cümle eşleşmesi bulunmadı.""}]"
v399-biochemistry-oksaloasetat,Oksaloasetat,"[""Oksaloasetat"", ""oxaloacetate"", ""OAA""]",Tıbbi Biyokimya,TCA / glukoneogenez,P1,Sitrik asit döngüsü ve glukoneogenez arasında köprü görevi gören dört karbonlu ara metabolittir.,Oksaloasetat asetil-CoA ile birleşerek sitrat oluşturur; aynı zamanda glukoneogenezde PEP’e dönüşebilir. Enerji ve karbon akışını anlamak için merkezi bir kavramdır.,Asetil-CoA tek başına glukoza dönemez; oksaloasetat glukoneogenez bağlantısını sağlar.,Piruvat karboksilaz oksaloasetat yapar; piruvat dehidrogenaz asetil-CoA yapar.,"[""Piruvat karboksilaz"", ""Sitrik asit döngüsü"", ""PEP karboksikinaz"", ""Asetil-CoA""]",26,"[{""sourceFilePath"": ""src/data/cases.js / src/data/tusPearlCards.js / src/data/tusPearlMedicalBiochemistryFirst74Overrides.js"", ""text"": ""[Medical Biochemistry Case v173-new-088-norolojik-bulgular-ve-laktik-asidoz] diagnosis.answerFeedback.optionComparison.Pirüvat karboksilaz aktivitesinin azalması: Pirüvat karboksilaz biotin bağımlı olarak pirüvatı oksaloasetata çevirir; eksikliğinde laktik asidoz görülebilir. Ancak bu vakada karbonhidrat sonrası pirüvatın asetil-KoA girişindeki blokla uyumlu laktat-alanin-pirüvat paterni ve üst-normal laktat/pirüvat oranı PDH defektini daha iyi destekler.""}, {""sourceFilePath"": ""src/data/cases.js / src/data/tusPearlCards.js / src/data/tusPearlMedicalBiochemistryFirst74Overrides.js"", ""text"": ""[Medical Biochemistry Case v173-new-088-norolojik-bulgular-ve-laktik-asidoz] diagnosis.answerFeedback.whyWrong.Pirüvat karboksilaz aktivitesinin azalması: Pirüvat karboksilaz biotin bağımlı olarak pirüvatı oksaloasetata çevirir; eksikliğinde laktik asidoz görülebilir. Ancak bu vakada karbonhidrat sonrası pirüvatın asetil-KoA girişindeki blokla uyumlu laktat-alanin-pirüvat paterni ve üst-normal laktat/pirüvat oranı PDH defektini daha iyi destekler.""}]"
v399-biochemistry-oksidatif-faz,Oksidatif faz,"[""Oksidatif faz"", ""oxidative phase"", ""pentoz fosfat oksidatif faz""]",Tıbbi Biyokimya,Pentoz fosfat yolu,P1,Pentoz fosfat yolunun NADPH üreten geri dönüşsüz ilk bölümüdür.,"Oksidatif fazda glukoz-6-fosfat dehidrogenaz hız belirleyici basamaktır. NADPH üretimi, eritrosit antioksidan savunması ve yağ asidi/kolesterol sentezi için önemlidir.",Pentoz fosfat yolunda NADPH oksidatif fazda üretilir.,Nonoksidatif faz riboz şekerlerini glikoliz ara ürünlerine dönüştürür; NADPH üretimi oksidatif fazdadır.,"[""G6PD"", ""NADPH"", ""Glutatyon redüktaz"", ""Riboz-5-fosfat""]",19,"[{""sourceFilePath"": ""src/data/cases.js / src/data/tusPearlCards.js / src/data/tusPearlMedicalBiochemistryFirst74Overrides.js"", ""text"": ""[Medical Biochemistry Case v176-new-118-ilac-sonrasi-koyu-idrar-ve-sarilik] diagnosis.correct: Pentoz fosfat yolunun oksidatif fazında NADPH üretiminin azalması""}, {""sourceFilePath"": ""src/data/cases.js / src/data/tusPearlCards.js / src/data/tusPearlMedicalBiochemistryFirst74Overrides.js"", ""text"": ""[Medical Biochemistry Case v176-new-118-ilac-sonrasi-koyu-idrar-ve-sarilik] diagnosis.options[2]: Pentoz fosfat yolunun oksidatif fazında NADPH üretiminin azalması""}]"
v399-biochemistry-okside-glutatyon,Okside glutatyon,"[""Okside glutatyon"", ""GSSG"", ""oxidized glutathione""]",Tıbbi Biyokimya,Antioksidan sistem,P1,Oksidatif reaksiyon sonrası oluşan disülfit bağlı glutatyon formudur.,GSSG tekrar GSH’a indirgenmezse hücrenin antioksidan kapasitesi düşer. Bu dönüşüm glutatyon redüktaz ve NADPH gerektirir.,GSSG’nin GSH’a dönüşmesi için NADPH gerekir.,GSH peroksitleri azaltır; GSSG bu reaksiyondan sonra oluşan oksitlenmiş formdur.,"[""İndirgenmiş glutatyon"", ""Glutatyon redüktaz"", ""NADPH"", ""G6PD eksikliği""]",31,"[{""sourceFilePath"": ""src/data/cases.js / src/data/tusPearlCards.js / src/data/tusPearlMedicalBiochemistryFirst74Overrides.js"", ""text"": ""[Medical Biochemistry Case v176-new-118-ilac-sonrasi-koyu-idrar-ve-sarilik] diagnosis.answerFeedback.whyCorrect: Oksidatif tetikleyiciye bağlı hemoliz ve Heinz cisimcikleri ATP üretim kusurundan çok redoks savunma kusurunu gösterir. NADPH azalması, okside glutatyonun indirgenmiş forma döndürülememesine ve hemoglobin denatürasyonuna yol açar.""}, {""sourceFilePath"": ""src/data/cases.js / src/data/tusPearlCards.js / src/data/tusPearlMedicalBiochemistryFirst74Overrides.js"", ""text"": ""[Medical Biochemistry Case v186-new-238-bakla-sonrasi-sarilik-ve-koyu-idrar] diagnosis.answerFeedback.optionComparison.Glukoz-6-fosfat dehidrogenaz aktivitesinin azalması: Glukoz-6-fosfat dehidrogenaz pentoz fosfat yolunda NADPH üretir. NADPH azalınca okside glutatyon indirgenmiş forma çevrilemez; oksidatif ilaç veya bakla sonrası hemoglobin oksidasyonu, Heinz cisimcikleri, ısırık hücreleri ve akut hemoliz gelişir.""}]"
v399-biochemistry-organik-asidemi,Organik asidemi,"[""Organik asidemi"", ""organic acidemia"", ""organik asitüri""]",Tıbbi Biyokimya,Kalıtsal metabolizma hastalığı,P1,Organik asit metabolizması kusuruyla asidik metabolitlerin biriktiği kalıtsal metabolik bozukluk grubudur.,"Propiyonik, metilmalonik veya izovalerik asidemi gibi tablolar metabolik asidoz, ketozis, hiperamonyemi ve yenidoğan ensefalopatisiyle gelebilir. Ayırıcı tanı biriken metabolite göre yapılır.",Yenidoğanda metabolik asidoz + ketozis + beslenme bozukluğu organik asidemiyi düşündürür.,Üre döngüsü kusurları genellikle ağır hiperamonyemi ve respiratuvar alkalozla; organik asidemiler metabolik asidozla ayrılabilir.,"[""Metilmalonik asidemi"", ""Propiyonil-CoA karboksilaz"", ""Metabolik asidoz"", ""Hiperamonyemi""]",22,"[{""sourceFilePath"": ""src/data/cases.js / src/data/tusPearlCards.js / src/data/tusPearlMedicalBiochemistryFirst74Overrides.js"", ""text"": ""[Medical Biochemistry Case v176-new-117-yenidoganda-beslenme-bozulmasi-ve-ozel-idrar-kokusu] diagnosis.pearls[0].text: Yenidoğanda protein alımıyla kötüleşen letarji + tatlımsı idrar kokusu + alloizolösin/BCAA artışı, BCKDH kompleks eksikliğini organik asidemilerden ayıran yüksek verimli paterndir.""}, {""sourceFilePath"": ""src/data/cases.js / src/data/tusPearlCards.js / src/data/tusPearlMedicalBiochemistryFirst74Overrides.js"", ""text"": ""[Medical Biochemistry Case v176-new-117-yenidoganda-beslenme-bozulmasi-ve-ozel-idrar-kokusu] diagnosis.answerFeedback.examPearl: Yenidoğanda protein alımıyla kötüleşen letarji + tatlımsı idrar kokusu + alloizolösin/BCAA artışı, BCKDH kompleks eksikliğini organik asidemilerden ayıran yüksek verimli paterndir.""}]"
v399-biochemistry-ornitin,Ornitin,"[""Ornitin"", ""ornithine""]",Tıbbi Biyokimya,Üre döngüsü,P1,Üre döngüsünde karbamoil fosfatı alarak sitrülin oluşumunu başlatan taşıyıcı aminoasit benzeri ara üründür.,"Ornitin tüketilmez, döngü içinde yenilenir. OTC eksikliğinde ornitin ile karbamoil fosfat birleşemez ve karbamoil fosfat alternatif yola kaçar.",Ornitin üre döngüsünün döngüsel taşıyıcı iskeletidir.,Arginin üre oluşumuna yakın son basamaktır; ornitin döngünün yeniden başlayan formudur.,"[""OTC"", ""Sitrülin"", ""Arginin"", ""Üre döngüsü""]",125,"[{""sourceFilePath"": ""src/data/cases.js / src/data/tusPearlCards.js / src/data/tusPearlMedicalBiochemistryFirst74Overrides.js"", ""text"": ""[Medical Biochemistry Case v169-new-069-protein-alimi-sonrasi-ensefalopati] diagnosis.correct: Ornitin transkarbamilaz eksikliği""}, {""sourceFilePath"": ""src/data/cases.js / src/data/tusPearlCards.js / src/data/tusPearlMedicalBiochemistryFirst74Overrides.js"", ""text"": ""[Medical Biochemistry Case v169-new-069-protein-alimi-sonrasi-ensefalopati] diagnosis.options[3]: Ornitin transkarbamilaz eksikliği""}]"
v399-biochemistry-prpp-sentetaz,PRPP sentetaz,"[""PRPP sentetaz"", ""PRPP synthetase"", ""fosforibozil pirofosfat sentetaz""]",Tıbbi Biyokimya,Nükleotid metabolizması,P1,Riboz-5-fosfattan PRPP oluşturan pürin/pirimidin sentezi başlangıç enzimi­dir.,PRPP nükleotid sentezinde aktive riboz donörüdür. Fazla aktivite pürin sentezini artırıp hiperürisemiye katkı sağlayabilir.,PRPP artışı pürin sentezini ve ürik asit üretimini artırabilir.,HGPRT kaybı salvage yolunu bozar; PRPP artışı de novo sentezi iter.,"[""PRPP"", ""Riboz-5-fosfat"", ""Purin sentezi"", ""Hiperürisemi""]",0,"[{""sourceFilePath"": ""src/data/cases.js / src/data/tusPearlCards.js / src/data/tusPearlMedicalBiochemistryFirst74Overrides.js"", ""text"": ""Terim, taranan Tıbbi Biyokimya olgu/hap kart konusunun mekanizma veya safeNested açıklama ihtiyacından türetildi; exact cümle eşleşmesi bulunmadı.""}]"
v399-biochemistry-plazmalojen,Plazmalojen,"[""Plazmalojen"", ""plasmalogen""]",Tıbbi Biyokimya,Peroksizom / membran lipidi,P1,Özellikle miyelin ve hücre membranlarında bulunan eter fosfolipid tipidir.,Plazmalojen sentezinin erken basamakları peroksizomla ilişkilidir. Peroksizomal biyogenez kusurlarında miyelin ve nörolojik gelişim etkilenebilir.,Peroksizom sadece yağ asidi yıkımı değil plazmalojen sentezi için de önemlidir.,Sfingomiyelin lizozomal depo hastalıklarıyla; plazmalojen peroksizomal biyogenezle ilişkilidir.,"[""Peroksizom"", ""Zellweger sendromu"", ""Miyelin"", ""Eter fosfolipid""]",1,"[{""sourceFilePath"": ""src/data/cases.js / src/data/tusPearlCards.js / src/data/tusPearlMedicalBiochemistryFirst74Overrides.js"", ""text"": ""[Medical Biochemistry Hap Card Override tus-pearl-medical-biochemistry-230-spot] explanation: Peroksizomlar çok uzun zincirli yağ asitlerinin kısaltılması, plazmalojen sentezi ve bazı oksidatif reaksiyonlar için gereklidir. Zellweger spektrumunda peroksizom oluşumu bozulur; VLCFA birikimi, nörolojik bulgular ve karaciğer etkilenimi gelişir.""}, {""sourceFilePath"": ""src/data/cases.js / src/data/tusPearlCards.js / src/data/tusPearlMedicalBiochemistryFirst74Overrides.js"", ""text"": ""[Medical Biochemistry Hap Card Override tus-pearl-medical-biochemistry-230-spot] explanation: Peroksizomlar çok uzun zincirli yağ asitlerinin kısaltılması, plazmalojen sentezi ve bazı oksidatif reaksiyonlar için gereklidir. Zellweger spektrumunda peroksizom oluşumu bozulur; VLCFA birikimi, nörolojik bulgular ve karaciğer etkilenimi gelişir.""}]"
v399-biochemistry-propiyonil-coa-karboksilaz,Propiyonil-CoA karboksilaz,"[""Propiyonil-CoA karboksilaz"", ""propionyl-CoA carboxylase""]",Tıbbi Biyokimya,Organik asit metabolizması,P1,Propiyonil-CoA’yı metilmalonil-CoA’ya çeviren biotin bağımlı karboksilazdır.,Tek zincirli yağ asitleri ve bazı aminoasitlerin yıkımında propiyonil-CoA bu basamaktan geçer. Kusurunda organik asidemi ve metabolik asidoz gelişebilir.,Propiyonil-CoA karboksilaz biotin bağımlıdır.,Metilmalonil-CoA mutaz B12 bağımlıdır; propiyonil-CoA karboksilaz biotin bağımlıdır.,"[""Biotin"", ""Metilmalonil-CoA mutaz"", ""Organik asidemi"", ""Propiyonil-CoA""]",3,"[{""sourceFilePath"": ""src/data/cases.js / src/data/tusPearlCards.js / src/data/tusPearlMedicalBiochemistryFirst74Overrides.js"", ""text"": ""[Medical Biochemistry Hap Card Override tus-pearl-medical-biochemistry-229-extra] explanation: Pirüvat karboksilaz, asetil-CoA karboksilaz, propiyonil-CoA karboksilaz ve metilkrotonil-CoA karboksilaz biotin kullanır. Bu nedenle biotin yetersizliğinde glukoneogenez, yağ asidi sentezi ve bazı aminoasit/tek zincirli yağ asidi katabolizması birlikte etkilenebilir.""}, {""sourceFilePath"": ""src/data/cases.js / src/data/tusPearlCards.js / src/data/tusPearlMedicalBiochemistryFirst74Overrides.js"", ""text"": ""[Medical Biochemistry Hap Card Override tus-pearl-medical-biochemistry-229-extra] differentialNote: B12, metilmalonil-CoA mutaz kofaktörüdür; propiyonil-CoA karboksilaz ise biotin bağımlıdır.""}]"
v399-biochemistry-proton-gradyenti,Proton gradyenti,"[""Proton gradyenti"", ""proton motive force"", ""H+ gradyenti""]",Tıbbi Biyokimya,Mitokondriyal enerji metabolizması,P1,Mitokondri iç membranı boyunca proton yoğunluğu ve elektrik potansiyeli farkıdır.,Elektron taşıma zinciri protonları membranlar arası aralığa pompalar. Proton gradyenti geri akarken ATP sentaz ATP üretir; ayrıştırıcılar bu gradyenti boşa harcar.,"Oksidatif fosforilasyonda enerji önce proton gradyentine, sonra ATP’ye çevrilir.",Substrat düzeyinde fosforilasyon doğrudan ATP üretir; oksidatif fosforilasyon proton gradyenti kullanır.,"[""Elektron taşıma zinciri"", ""ATP sentaz"", ""Oksidatif fosforilasyon"", ""Ayrıştırıcı protein""]",0,"[{""sourceFilePath"": ""src/data/cases.js / src/data/tusPearlCards.js / src/data/tusPearlMedicalBiochemistryFirst74Overrides.js"", ""text"": ""Terim, taranan Tıbbi Biyokimya olgu/hap kart konusunun mekanizma veya safeNested açıklama ihtiyacından türetildi; exact cümle eşleşmesi bulunmadı.""}]"
v399-biochemistry-reduktan-madde-testi,Redüktan madde testi,"[""Redüktan madde testi"", ""urine reducing substances"", ""idrar redüktan madde testi""]",Tıbbi Biyokimya,Laboratuvar / karbonhidrat,P1,İdrarda glukoz dışı indirgen şekerlerin varlığını düşündüren tarama testidir.,Galaktozemi veya fruktoz metabolizma bozukluklarında idrarda indirgen şeker saptanabilir. Glukoz spesifik test negatifken redüktan madde pozitifliği ayırıcı tanıda değerlidir.,Süt sonrası hastalanan bebekte redüktan madde pozitifliği galaktozemi lehine ipucudur.,Glukoz oksidaz testi glukoza özgüdür; redüktan madde testi farklı indirgen şekerleri de yakalayabilir.,"[""Galaktozemi"", ""Galaktoz-1-fosfat"", ""Fruktoz intoleransı"", ""İdrar şekeri""]",0,"[{""sourceFilePath"": ""src/data/cases.js / src/data/tusPearlCards.js / src/data/tusPearlMedicalBiochemistryFirst74Overrides.js"", ""text"": ""Terim, taranan Tıbbi Biyokimya olgu/hap kart konusunun mekanizma veya safeNested açıklama ihtiyacından türetildi; exact cümle eşleşmesi bulunmadı.""}]"
v399-biochemistry-riboz-5-fosfat,Riboz-5-fosfat,"[""Riboz-5-fosfat"", ""ribose-5-phosphate"", ""R5P""]",Tıbbi Biyokimya,Nükleotid metabolizması,P1,Nükleotid sentezi için kullanılan beş karbonlu şeker fosfattır.,Pentoz fosfat yolu riboz-5-fosfat sağlayarak DNA/RNA nükleotidlerinin şeker iskeletini oluşturur. Hızlı bölünen hücrelerde nükleotid sentezi için önemlidir.,NADPH antioksidan/indirgeme gücüdür; riboz-5-fosfat nükleotid sentezine gider.,Riboz-5-fosfat şeker iskeletidir; PRPP ise nükleotid sentezinde aktive riboz formudur.,"[""Pentoz fosfat yolu"", ""PRPP"", ""Purin sentezi"", ""Pirimidin sentezi""]",0,"[{""sourceFilePath"": ""src/data/cases.js / src/data/tusPearlCards.js / src/data/tusPearlMedicalBiochemistryFirst74Overrides.js"", ""text"": ""Terim, taranan Tıbbi Biyokimya olgu/hap kart konusunun mekanizma veya safeNested açıklama ihtiyacından türetildi; exact cümle eşleşmesi bulunmadı.""}]"
v399-biochemistry-sitrik-asit-dongusu,Sitrik asit döngüsü,"[""Sitrik asit döngüsü"", ""TCA döngüsü"", ""Krebs döngüsü"", ""citric acid cycle""]",Tıbbi Biyokimya,Enerji metabolizması,P1,"Asetil-CoA’nın oksidasyonu ile NADH, FADH₂ ve GTP üreten mitokondriyal enerji döngüsüdür.",Sitrik asit döngüsü doğrudan çok ATP üretmez; asıl değerini elektron taşıma zincirine NADH/FADH₂ sağlayarak gösterir. Ara ürünleri aminoasit ve glukoneogenez metabolizmasıyla da bağlantılıdır.,TCA döngüsü NADH/FADH₂ üretir; ATP’nin çoğu oksidatif fosforilasyonda oluşur.,Glikoliz sitozoldedir; TCA döngüsü mitokondri matriksinde yürür.,"[""Asetil-CoA"", ""NADH"", ""FADH2"", ""Oksidatif fosforilasyon""]",52,"[{""sourceFilePath"": ""src/data/cases.js / src/data/tusPearlCards.js / src/data/tusPearlMedicalBiochemistryFirst74Overrides.js"", ""text"": ""[Medical Biochemistry Case v173-new-088-norolojik-bulgular-ve-laktik-asidoz] diagnosis.answerFeedback.optionComparison.Pirüvat dehidrogenaz kompleks aktivitesinin azalması: PDH kompleksi glikolizden gelen pirüvatı mitokondride asetil-KoA’ya dönüştürerek TCA döngüsüne bağlar. Aktivite azalınca pirüvat laktat ve alanine kayar; karbonhidrat yüküyle laktik asidoz ve nörolojik enerji yetersizliği belirginleşir.""}, {""sourceFilePath"": ""src/data/cases.js / src/data/tusPearlCards.js / src/data/tusPearlMedicalBiochemistryFirst74Overrides.js"", ""text"": ""[Medical Biochemistry Case v173-new-088-norolojik-bulgular-ve-laktik-asidoz] diagnosis.optionComparison.Pirüvat dehidrogenaz kompleks aktivitesinin azalması: PDH kompleksi glikolizden gelen pirüvatı mitokondride asetil-KoA’ya dönüştürerek TCA döngüsüne bağlar. Aktivite azalınca pirüvat laktat ve alanine kayar; karbonhidrat yüküyle laktik asidoz ve nörolojik enerji yetersizliği belirginleşir.""}]"
v399-biochemistry-sitrulin,Sitrülin,"[""Sitrülin"", ""citrulline""]",Tıbbi Biyokimya,Üre döngüsü,P1,Ornitin ile karbamoil fosfattan oluşan ve üre döngüsünde sitozole taşınan ara metabolittir.,OTC basamağı sitrülin oluşturur; sonraki basamaklarda aspartat azotu eklenerek argininosüksinat oluşur. Üre döngüsü lokalizasyon sorularında sitrülin mitokondriden sitozole geçiş noktasıdır.,Sitrülin üre döngüsünde mitokondriden sitozole çıkan ara üründür.,Ornitin karbamoil fosfatla birleşir; sitrülin sitozolde aspartatla devam eder.,"[""Ornitin"", ""Karbamoil fosfat"", ""Argininosüksinat"", ""Üre döngüsü""]",461,"[{""sourceFilePath"": ""src/data/cases.js / src/data/tusPearlCards.js / src/data/tusPearlMedicalBiochemistryFirst74Overrides.js"", ""text"": ""[Medical Biochemistry Case v169-new-069-protein-alimi-sonrasi-ensefalopati] learningTarget: Yenidoğanda protein alımıyla belirginleşen hiperammonemide orotik asit ve sitrülin paternini kullanarak OTC eksikliğini tanıma.""}, {""sourceFilePath"": ""src/data/cases.js / src/data/tusPearlCards.js / src/data/tusPearlMedicalBiochemistryFirst74Overrides.js"", ""text"": ""[Medical Biochemistry Case v169-new-069-protein-alimi-sonrasi-ensefalopati] investigations[1].summary: Orotik asit yüksekliği ve sitrülin düşüklüğü, üre döngüsünde erken mitokondriyal basamaklardan sonra pirimidin sentezine kaçış olduğunu gösteren ayırıcı metabolit paternidir.""}]"
v399-biochemistry-timidilat-sentaz,Timidilat sentaz,"[""Timidilat sentaz"", ""thymidylate synthase"", ""dUMP dTMP dönüşümü""]",Tıbbi Biyokimya,Nükleotid metabolizması,P1,dUMP’yi dTMP’ye çevirerek DNA sentezi için timidin oluşturan enzimdir.,Timidilat sentezi folat bağımlı tek karbon transferi gerektirir. Folat eksikliğinde DNA sentezi aksar ve megaloblastik değişiklikler gelişir.,Folat eksikliği DNA sentezini timidilat sentezi üzerinden bozar.,RNA sentezi folata daha az bağımlı olabilir; DNA sentezinde dTMP üretimi kritik basamaktır.,"[""Tetrahidrofolat"", ""Folat"", ""dUMP"", ""dTMP""]",0,"[{""sourceFilePath"": ""src/data/cases.js / src/data/tusPearlCards.js / src/data/tusPearlMedicalBiochemistryFirst74Overrides.js"", ""text"": ""Terim, taranan Tıbbi Biyokimya olgu/hap kart konusunun mekanizma veya safeNested açıklama ihtiyacından türetildi; exact cümle eşleşmesi bulunmadı.""}]"
v399-biochemistry-tirozin-goreli-esansiyel,Tirozin göreli esansiyel,"[""Tirozin göreli esansiyel"", ""tirozin relatif esansiyel"", ""tyrosine becomes essential""]",Tıbbi Biyokimya,Aminoasit metabolizması,P1,Fenilalaninden yeterli tirozin üretilemediğinde tirozin dışarıdan alınması gereken hale gelir.,Fenilalanin hidroksilaz kusurunda fenilalanin tirozin üretimine yeterince giremez. Bu nedenle PKU’da fenilalanin kısıtlanırken tirozin desteği gerekebilir.,"PKU’da fenilalanin kısıtlanır, tirozin göreli esansiyel hale gelir.",Tirozinemi tirozin yıkım kusurudur; PKU tirozin üretim azalmasıdır.,"[""Fenilalanin hidroksilaz"", ""Fenilketonüri"", ""Fenilalanin kısıtlaması"", ""Tirozin""]",6,"[{""sourceFilePath"": ""src/data/cases.js / src/data/tusPearlCards.js / src/data/tusPearlMedicalBiochemistryFirst74Overrides.js"", ""text"": ""[Medical Biochemistry Hap Card Override tus-pearl-medical-biochemistry-016-spot] explanation: Fenilalanin hidroksilaz, fenilalanini tirozine çevirir ve tetrahidrobiopterin (BH4) kofaktörünü kullanır. Enzim eksikliğinde fenilalanin ve fenilketonlar birikir, tirozin göreli esansiyel hale gelir; tedavide fenilalanin kısıtlanır ve tirozin desteği verilebilir.""}, {""sourceFilePath"": ""src/data/cases.js / src/data/tusPearlCards.js / src/data/tusPearlMedicalBiochemistryFirst74Overrides.js"", ""text"": ""[Medical Biochemistry Hap Card Override tus-pearl-medical-biochemistry-016-extra] back: Fenilalanin kısıtlanır; tirozin göreli esansiyel hale gelir.""}]"
v399-biochemistry-transsulfurasyon-yolu,Transsülfürasyon yolu,"[""Transsülfürasyon yolu"", ""transsulfuration pathway"", ""homosistein-sistein yolu""]",Tıbbi Biyokimya,Aminoasit metabolizması,P1,Homosisteinin sistatiyonin üzerinden sisteine dönüştüğü metabolik yoldur.,"Bu yol B6 bağımlıdır ve homosistein yükünü azaltır. CBS kusurunda yol tıkanır, homosistein artar ve damar/endotel etkileri belirginleşir.",Transsülfürasyon homosisteini sisteine yönlendirir; CBS bu yolun temel basamağıdır.,Remetilasyon homosisteini metiyonine döndürür; transsülfürasyon sisteine götürür.,"[""Sistatiyonin beta-sentaz"", ""Homosistein"", ""Sistein"", ""Piridoksal fosfat""]",34,"[{""sourceFilePath"": ""src/data/cases.js / src/data/tusPearlCards.js / src/data/tusPearlMedicalBiochemistryFirst74Overrides.js"", ""text"": ""[Medical Biochemistry Case v168-new-054-tromboz-egilimi-olan-ergen] investigations[0].summary: Total homosistein ve metiyoninin birlikte yükselmesi, homosisteinin remetilasyondan çok transsülfürasyon yoluna girişinde sorun olduğunu düşündüren ayırıcı bir amino asit paternidir.""}, {""sourceFilePath"": ""src/data/cases.js / src/data/tusPearlCards.js / src/data/tusPearlMedicalBiochemistryFirst74Overrides.js"", ""text"": ""[Medical Biochemistry Case v168-new-054-tromboz-egilimi-olan-ergen] investigations[0].clinicalMeaning: Total homosistein ve metiyoninin birlikte yükselmesi, homosisteinin remetilasyondan çok transsülfürasyon yoluna girişinde sorun olduğunu düşündüren ayırıcı bir amino asit paternidir.""}]"
v399-biochemistry-tropokollajen,Tropokollajen,"[""Tropokollajen"", ""tropocollagen""]",Tıbbi Biyokimya,Bağ dokusu biyokimyası,P1,Kollajen fibrillerinin temel üçlü heliks öncül birimidir.,"Tropokollajen oluşumu hidroksilasyon, glikozilasyon, üçlü heliks formasyonu ve ekstrasellüler çapraz bağlanma adımlarını içerir. Bu basamaklar C vitamini, bakır ve kollajen gen kusurlarıyla ilişkili soruların temelidir.","Kollajen biyosentezi önce hücre içinde üçlü heliks, sonra dışarıda çapraz bağlanma şeklinde düşünülür.",Prokollajen hücreden salgılanan öncül formdur; tropokollajen fibril yapısına katılan birimdir.,"[""Tip I kollajen"", ""Hidroksiprolin"", ""Lizil oksidaz"", ""Vitamin C""]",0,"[{""sourceFilePath"": ""src/data/cases.js / src/data/tusPearlCards.js / src/data/tusPearlMedicalBiochemistryFirst74Overrides.js"", ""text"": ""Terim, taranan Tıbbi Biyokimya olgu/hap kart konusunun mekanizma veya safeNested açıklama ihtiyacından türetildi; exact cümle eşleşmesi bulunmadı.""}]"
v399-biochemistry-udp-galaktoz,UDP-galaktoz,"[""UDP-galaktoz"", ""UDP galactose"", ""uridin difosfat galaktoz""]",Tıbbi Biyokimya,Galaktoz metabolizması,P1,Galaktoz metabolizmasında GALT sonrası oluşan aktive galaktoz formudur.,Galaktozun glukoz metabolizmasına bağlanması UDP-şeker dönüşümleriyle olur. GALT kusurunda bu akış bozulduğu için galaktoz-1-fosfat birikir.,GALT galaktoz-1-fosfatı UDP-glukozla ilişkilendirerek UDP-galaktoz oluşumuna götürür.,Galaktoz-1-fosfat birikimi hastalık yapar; UDP-galaktoz normal metabolik akışın ürünüdür.,"[""GALT eksikliği"", ""Galaktoz-1-fosfat"", ""UDP-glukoz"", ""Klasik galaktozemi""]",13,"[{""sourceFilePath"": ""src/data/cases.js / src/data/tusPearlCards.js / src/data/tusPearlMedicalBiochemistryFirst74Overrides.js"", ""text"": ""[Medical Biochemistry Case v175-new-106-sutle-beslenme-sonrasi-yenidogan-sariligi] diagnosis.options[3]: UDP-galaktoz 4-epimeraz eksikliği""}, {""sourceFilePath"": ""src/data/cases.js / src/data/tusPearlCards.js / src/data/tusPearlMedicalBiochemistryFirst74Overrides.js"", ""text"": ""[Medical Biochemistry Case v175-new-106-sutle-beslenme-sonrasi-yenidogan-sariligi] diagnosis.answerFeedback.optionComparison.UDP-galaktoz 4-epimeraz eksikliği: UDP-galaktoz 4-epimeraz eksikliği galaktoz metabolizmasının daha distal ve değişken fenotipli bir kusurudur. Bu soruda galaktoz-1-fosfat birikimi ve yenidoğan hepatik tablo klasik GALT basamağını daha doğrudan destekler.""}]"
v399-biochemistry-udp-glukoz,UDP-glukoz,"[""UDP-glukoz"", ""UDP glucose"", ""uridin difosfat glukoz""]",Tıbbi Biyokimya,Karbonhidrat metabolizması,P1,Glikojen sentezi ve bazı konjugasyon reaksiyonlarında kullanılan aktive glukoz formudur.,Glikojen sentezinde glukoz birimleri doğrudan serbest glukozdan değil UDP-glukoz üzerinden eklenir. Bu yapı glikojenez mantığını anlamada temel ara metabolittir.,Glikojen sentezinde aktif glukoz taşıyıcısı UDP-glukozdur.,UDP-galaktoz galaktoz metabolizmasında; UDP-glukoz glikojen sentezinde öne çıkar.,"[""Glikojenez"", ""Glikojen sentaz"", ""UDP-galaktoz"", ""Glukoz-1-fosfat""]",4,"[{""sourceFilePath"": ""src/data/cases.js / src/data/tusPearlCards.js / src/data/tusPearlMedicalBiochemistryFirst74Overrides.js"", ""text"": ""[Medical Biochemistry Case v175-new-106-sutle-beslenme-sonrasi-yenidogan-sariligi] diagnosis.answerFeedback.optionComparison.Galaktoz-1-fosfat üridiltransferaz (GALT) eksikliği: GALT, galaktoz-1-fosfat ile UDP-glukozdan UDP-galaktoz ve glukoz-1-fosfat oluşmasını sağlar. Eksiklikte galaktoz-1-fosfat birikir; laktoz alımı sonrası kusma, kilo alamama, konjuge hiperbilirubinemi, hepatik disfonksiyon ve indirgen madde pozitifliği aynı biyokimyasal zincirle açıklanır.""}, {""sourceFilePath"": ""src/data/cases.js / src/data/tusPearlCards.js / src/data/tusPearlMedicalBiochemistryFirst74Overrides.js"", ""text"": ""[Medical Biochemistry Case v175-new-106-sutle-beslenme-sonrasi-yenidogan-sariligi] diagnosis.optionComparison.Galactose-1-phosphate uridyltransferase (GALT) eksikliği: GALT, galaktoz-1-fosfatı UDP-glukozla reaksiyona sokarak UDP-galaktoz ve glukoz-1-fosfat oluşturur. Eksiklikte galaktoz-1-fosfat birikir; sütle beslenme sonrası kusma, sarılık, hepatoselüler hasar, indirgen madde pozitifliği ve E. coli sepsis riski görülebilir.""}]"
v399-biochemistry-urik-asit-uretimi,Ürik asit üretimi,"[""Ürik asit üretimi"", ""uric acid production"", ""pürin yıkımı sonucu ürik asit""]",Tıbbi Biyokimya,Pürin metabolizması,P1,Pürin bazlarının yıkımı sonucunda oluşan son ürik asit oluşum sürecidir.,Pürin yıkımı artarsa veya salvage yol bozulursa ürik asit yükü artabilir. Lesch-Nyhan ve bazı tümör lizis durumları bu mantıkla yorumlanır.,Pürin yıkımı son ürün olarak ürik aside gider.,Ürik asit üretimi artışı ile ürik asit atılım azalması klinik olarak ayrılmalıdır.,"[""Ksantin oksidaz"", ""HGPRT"", ""PRPP"", ""Hiperürisemi""]",90,"[{""sourceFilePath"": ""src/data/cases.js / src/data/tusPearlCards.js / src/data/tusPearlMedicalBiochemistryFirst74Overrides.js"", ""text"": ""[Medical Biochemistry Case v172-new-076-hiperurisemi-ve-davranissal-bulgular] investigations[0].summary: Ürik asit üretiminin serum ve idrar düzeyinde artması, pürin bazlarının geri kazanılamayıp yıkıma ve de novo sentez artışına kaydığını düşündürür.""}, {""sourceFilePath"": ""src/data/cases.js / src/data/tusPearlCards.js / src/data/tusPearlMedicalBiochemistryFirst74Overrides.js"", ""text"": ""[Medical Biochemistry Case v172-new-076-hiperurisemi-ve-davranissal-bulgular] investigations[0].clinicalMeaning: Ürik asit üretiminin serum ve idrar düzeyinde artması, pürin bazlarının geri kazanılamayıp yıkıma ve de novo sentez artışına kaydığını düşündürür.""}]"
v399-biochemistry-aseton,Aseton,"[""Aseton"", ""acetone""]",Tıbbi Biyokimya,Keton metabolizması,P2,Asetoasetattan oluşan uçucu keton cismidir.,Aseton solunumla atılabilir ve ketoasidozda karakteristik meyvemsi kokuya katkı sağlar. Enerji üretiminde asetoasetat ve beta-hidroksibütirat kadar merkezi değildir.,Ketoasidozda meyvemsi nefes kokusu asetonla ilişkilidir.,Aseton uçucu yan üründür; beta-hidroksibütirat ve asetoasetat enerji metabolizmasında daha işlevseldir.,"[""Asetoasetat"", ""Beta-hidroksibütirat"", ""Diyabetik ketoasidoz"", ""Ketogenez""]",19,"[{""sourceFilePath"": ""src/data/cases.js / src/data/tusPearlCards.js / src/data/tusPearlMedicalBiochemistryFirst74Overrides.js"", ""text"": ""[Medical Biochemistry Case v185-new-212-koyu-idrar-ve-eklem-agrisi] investigations[0].result.values[1][0]: Fumarilasetoasetat/süksinilaseton paterni""}, {""sourceFilePath"": ""src/data/cases.js / src/data/tusPearlCards.js / src/data/tusPearlMedicalBiochemistryFirst74Overrides.js"", ""text"": ""[Medical Biochemistry Case v185-new-212-koyu-idrar-ve-eklem-agrisi] investigations[0].result.rows[1][0]: Fumarilasetoasetat/süksinilaseton paterni""}]"
v399-biochemistry-substrat-birikimi,Substrat birikimi,"[""Substrat birikimi"", ""substrate accumulation"", ""substrat akümülasyonu""]",Tıbbi Biyokimya,Enzimopatiler,P2,Bir metabolik basamak bloklandığında enzim öncesi maddelerin artmasıdır.,"Kalıtsal metabolizma hastalıklarında klinik bulgular çoğu zaman toksik substrat birikimi, ürün eksikliği veya alternatif yol aktivasyonu ile açıklanır. Bu mantık PKU, MSUD, porfiri ve glikojen depo hastalıklarını birlikte anlamayı sağlar.","Enzim blokajında önce substrat birikir, sonra alternatif yollar ve ürün eksikliği tabloyu belirler.",Ürün eksikliği ayrı mekanizmadır; substrat birikimi toksisiteyi açıklar.,"[""Enzim eksikliği"", ""Ürün eksikliği"", ""Alternatif metabolik yol"", ""Kalıtsal metabolizma hastalığı""]",4,"[{""sourceFilePath"": ""src/data/cases.js / src/data/tusPearlCards.js / src/data/tusPearlMedicalBiochemistryFirst74Overrides.js"", ""text"": ""[Medical Biochemistry Case ai-spot-vakasiz-secki-083] explanation: Doğru cevap C’dir. Hem OTC eksikliği hem de CPS1 eksikliği hiperamonyemiye yol açabilir; bu nedenle amonyak artışı ayırıcı değildir. OTC eksikliğinde karbamoil fosfat üretimi devam eder ancak ornitinle sitrülin oluşturma basamağı aksar. Biriken karbamoil fosfat sitozolik pirimidin sentezine kaçar ve orotik asit artışına neden olur. CPS1 eksikliğinde ise karbamoil fosfat sentezinin ilk basamağı bozuk olduğu için bu substrat birikimi ve beli…""}, {""sourceFilePath"": ""src/data/cases.js / src/data/tusPearlCards.js / src/data/tusPearlMedicalBiochemistryFirst74Overrides.js"", ""text"": ""[Medical Biochemistry Case ai-spot-vakasiz-secki-083] diagnosis.explanation: Doğru cevap C’dir. Hem OTC eksikliği hem de CPS1 eksikliği hiperamonyemiye yol açabilir; bu nedenle amonyak artışı ayırıcı değildir. OTC eksikliğinde karbamoil fosfat üretimi devam eder ancak ornitinle sitrülin oluşturma basamağı aksar. Biriken karbamoil fosfat sitozolik pirimidin sentezine kaçar ve orotik asit artışına neden olur. CPS1 eksikliğinde ise karbamoil fosfat sentezinin ilk basamağı bozuk olduğu için bu substrat biriki…""}]"
v399-biochemistry-urun-eksikligi,Ürün eksikliği,"[""Ürün eksikliği"", ""product deficiency""]",Tıbbi Biyokimya,Enzimopatiler,P2,Bir metabolik basamak çalışmadığında enzim sonrası ürünün azalmasıdır.,"Bazı metabolik hastalıklarda sorun yalnızca biriken madde değil, eksik kalan ürünün biyolojik etkisidir. PKU’da tirozin azalması, bazı vitamin/kofaktör kusurlarında enerji üretimi azalması bu mantıkla okunur.",Metabolik hastalıkları substrat birikimi + ürün eksikliği + alternatif yol üçlüsüyle çöz.,Substrat birikimi toksisiteyi; ürün eksikliği fonksiyon kaybını açıklar.,"[""Substrat birikimi"", ""Enzim eksikliği"", ""Fenilketonüri"", ""Tirozin göreli esansiyel""]",0,"[{""sourceFilePath"": ""src/data/cases.js / src/data/tusPearlCards.js / src/data/tusPearlMedicalBiochemistryFirst74Overrides.js"", ""text"": ""Terim, taranan Tıbbi Biyokimya olgu/hap kart konusunun mekanizma veya safeNested açıklama ihtiyacından türetildi; exact cümle eşleşmesi bulunmadı.""}]"
