id,term,aliases,category,subcategory,priority,shortDefinition,postAnswerExpandedExplanation,tusPearl,differentialPoint,safeNestedTerms,occurrenceCount,sourceTextExamples
v396-anatomy-cerrahi-boyun,Cerrahi boyun,"[""Cerrahi boyun"", ""humerus cerrahi boynu"", ""surgical neck of humerus"", ""humerusun cerrahi boynu""]",Anatomi / üst ekstremite,Humerus anatomisi,P0,Humerusun baş-boyun bölgesinde tuberküllerin distalindeki kırık açısından önemli anatomik daralma bölgesidir.,Cerrahi boyun kırığında aksiller sinir ve posterior humeral sirkumfleks arter komşuluk nedeniyle risk altındadır; deltoid zayıflığı ve lateral omuz duyusu değerlendirilir.,Proksimal humerus cerrahi boyun kırığı + abdüksiyon zayıflığı + lateral omuz duyu kaybı aksiller sinir lezyonunu düşündürür.,Anatomik boyun eklem kapsülüyle daha ilişkilidir; cerrahi boyun ise aksiller sinir komşuluğu nedeniyle kliniktir.,"[""Aksiller sinir"", ""Deltoid kas"", ""Lateral omuz rozet alanı"", ""Posterior humeral sirkumfleks arter""]",111,"[{""sourceFilePath"": ""src/data/cases.js / src/data/tusPearlCards.js"", ""text"": ""[CASE v163-new-009-omuz-travmasi-sonrasi-guc-kaybi] learningTarget: Cerrahi boyun komşuluğundaki sinir-damar ilişkisini omuz abdüksiyonu ve lateral omuz duyusu üzerinden yorumlayabilme.""}, {""sourceFilePath"": ""src/data/cases.js / src/data/tusPearlCards.js"", ""text"": ""[CASE v163-new-009-omuz-travmasi-sonrasi-guc-kaybi] investigations[0].summary: Sağ omuz AP grafisinde proksimal humerusta cerrahi boyun düzeyini içeren kırık hattı izlenir. Bulgular travmanın omuz çevresi nörovasküler komşuluklar açısından değerlendirilmesini gerektirir.""}]"
v396-anatomy-lateral-omuz-rozet-alani,Lateral omuz rozet alanı,"[""Lateral omuz rozet alanı"", ""regimental badge area"", ""deltoid rozet alanı"", ""omuz rozet alanı""]",Anatomi / nöroanatomi,Duyu alanı,P0,Deltoid üzerindeki lateral omuz deri alanıdır ve aksiller sinirin üst lateral kutanöz dalıyla ilişkilidir.,"Bu alanda duyu azalması, omuz abdüksiyon güçsüzlüğüyle birlikteyse aksiller sinir lezyonunu lokalize eder.",Lateral omuz rozet alanı duyu kaybı aksiller sinir için lokalize edici ipucudur.,Radial sinir duyu kaybı daha çok posterior kol/önkol ve el dorsoradyal yüzüyle ilişkilidir.,"[""Aksiller sinir"", ""Deltoid kas"", ""Cerrahi boyun""]",77,"[{""sourceFilePath"": ""src/data/cases.js / src/data/tusPearlCards.js"", ""text"": ""[CASE v163-new-009-omuz-travmasi-sonrasi-guc-kaybi] exam[2]: Lateral omuz rozet alanında karşı tarafa göre hafif dokunma duyusu azalmıştır.""}, {""sourceFilePath"": ""src/data/cases.js / src/data/tusPearlCards.js"", ""text"": ""[CASE v163-new-009-omuz-travmasi-sonrasi-guc-kaybi] question: Bu hastada travma sonrası abdüksiyon zayıflığı ve lateral omuz rozet alanında duyu azalmasını en iyi açıklayan sinir hasarı hangisidir?""}]"
v396-anatomy-dortgen-aralik,Dörtgen aralık,"[""Dörtgen aralık"", ""quadrangular space"", ""quadrilateral space"", ""kuadrangular aralık""]",Anatomi / üst ekstremite,Omuz nörovasküler geçiş alanı,P1,"Teres minor, teres major, triceps uzun başı ve humerus cerrahi boynu arasında kalan omuz geçiş alanıdır.",Aksiller sinir ve posterior humeral sirkumfleks arter bu aralıktan geçer; omuz travması veya kitlelerde deltoid-teres minor fonksiyonu etkilenebilir.,Dörtgen aralık aksiller sinir + posterior humeral sirkumfleks arter birlikteliğiyle sorulur.,Üçgen aralıktan daha çok sirkumfleks skapular arter geçer; dörtgen aralık aksiller sinirle ayırt edilir.,"[""Aksiller sinir"", ""Posterior humeral sirkumfleks arter"", ""Teres minor"", ""Teres major""]",24,"[{""sourceFilePath"": ""src/data/cases.js / src/data/tusPearlCards.js"", ""text"": ""[CASE v163-new-009-omuz-travmasi-sonrasi-guc-kaybi] diagnosis.explanation: Nervus axillaris, quadrangular space içinden posterior circumflex humeral damarlarla birlikte geçer ve humerus cerrahi boynuna yakındır. Deltoid kasın 15 dereceden sonraki abdüksiyondaki ana rolü ve lateral omuz rozet alanının duyusu bu sinirin motor-duyusal dağılımıyla uyumludur. El bileği ve parmak ekstansiyonunun korunması radiali…""}, {""sourceFilePath"": ""src/data/cases.js / src/data/tusPearlCards.js"", ""text"": ""[CASE v163-new-009-omuz-travmasi-sonrasi-guc-kaybi] diagnosis.answerFeedback.whyCorrect: Nervus axillaris, quadrangular space içinden posterior circumflex humeral damarlarla birlikte geçer ve humerus cerrahi boynuna yakındır. Deltoid kasın 15 dereceden sonraki abdüksiyondaki ana rolü ve lateral omuz rozet alanının duyusu bu sinirin motor-duyusal dağılımıyla uyumludur. El bileği ve parmak ekstansiyonunun kor…""}]"
v396-anatomy-posterior-humeral-sirkumfleks-arter,Posterior humeral sirkumfleks arter,"[""Posterior humeral sirkumfleks arter"", ""posterior circumflex humeral artery"", ""arteria circumflexa humeri posterior""]",Anatomi / damar,Omuz arter anatomisi,P1,Aksiller arterden çıkan ve aksiller sinirle birlikte dörtgen aralıktan geçen omuz çevresi arteridir.,Cerrahi boyun kırıkları ve omuz cerrahilerinde aksiller sinirle birlikte risk altındadır; deltoid bölge perfüzyonuyla ilişkilidir.,Aksiller sinir sorularında eşlik eden damar genellikle posterior humeral sirkumfleks arterdir.,Anterior humeral sirkumfleks arter daha küçük dal olarak biseps oluğu çevresinde seyreder.,"[""Dörtgen aralık"", ""Aksiller sinir"", ""Cerrahi boyun""]",2,"[{""sourceFilePath"": ""src/data/cases.js / src/data/tusPearlCards.js"", ""text"": ""[CARD tus-pearl-anatomy-176-extra] back: Arteria circumflexa humeri posterior.""}, {""sourceFilePath"": ""src/data/cases.js / src/data/tusPearlCards.js"", ""text"": ""[CARD tus-pearl-anatomy-176-extra] answer: Arteria circumflexa humeri posterior.""}]"
v396-anatomy-spiral-oluk,Spiral oluk,"[""Spiral oluk"", ""radial sulcus"", ""humerusun spiral oluğu"", ""sulcus nervi radialis""]",Anatomi / üst ekstremite,Radial sinir komşuluğu,P1,Humerus şaftının posterior yüzünde radial sinirin seyrettiği oluk bölgesidir.,Humerus şaft kırığında radial sinir spiral olukta yaralanabilir; el bileği ekstansiyon kaybı ve posterior el duyusu değerlendirilir.,Humerus şaft kırığı sorusunda spiral oluk radial sinir lokalizasyonunu verir.,"Cerrahi boyun aksiller sinirle, medial epikondil ulnar sinirle ilişkilidir.","[""Radial sinir"", ""Düşük el"", ""Humerus şaft kırığı""]",46,"[{""sourceFilePath"": ""src/data/cases.js / src/data/tusPearlCards.js"", ""text"": ""[CASE v163-new-009-omuz-travmasi-sonrasi-guc-kaybi] diagnosis.answerFeedback.evidenceChain[3].text: El bileği-parmak ekstansiyonunun korunması → spiral oluk düzeyindeki radialis etkilenimini desteklemez.""}, {""sourceFilePath"": ""src/data/cases.js / src/data/tusPearlCards.js"", ""text"": ""[CASE v163-new-009-omuz-travmasi-sonrasi-guc-kaybi] diagnosis.evidenceChain[3].text: El bileği-parmak ekstansiyonunun korunması → spiral oluk düzeyindeki radialis etkilenimini desteklemez.""}]"
v396-anatomy-posterior-interosseoz-sinir,Posterior interosseöz sinir,"[""Posterior interosseöz sinir"", ""posterior interosseous nerve"", ""PIN"", ""radial sinirin derin dalı""]",Anatomi / periferik sinir,Radial sinir dalı,P1,Radial sinirin derin motor dalıdır; önkol ekstansör kompartman kaslarını innerve eder.,Posterior interosseöz sinir lezyonunda parmak ekstansiyonu bozulabilir ancak saf motor dal olduğu için belirgin duyu kaybı beklenmez.,Parmak ekstansiyon kaybı + duyu kaybı yoksa posterior interosseöz sinir düzeyi düşünülür.,Radial sinir ana gövde lezyonunda triseps/bilek ekstansiyonu ve duyu alanları daha geniş etkilenebilir.,"[""Radial sinir"", ""Düşük el"", ""Önkol ekstansör kompartmanı""]",213,"[{""sourceFilePath"": ""src/data/cases.js / src/data/tusPearlCards.js"", ""text"": ""[CASE v163-new-009-omuz-travmasi-sonrasi-guc-kaybi] diagnosis.answerFeedback.clinicalPearls[0].text: Başlangıç abdüksiyonunda supraspinatus, 15 dereceden sonraki güçlü abdüksiyonda deltoid baskındır; bu ayrım suprascapular ve axillary sinir lezyonlarını ayırmada kullanılır.""}, {""sourceFilePath"": ""src/data/cases.js / src/data/tusPearlCards.js"", ""text"": ""[CASE v163-new-009-omuz-travmasi-sonrasi-guc-kaybi] diagnosis.answerFeedback.optionComparison.Nervus suprascapularis: Nervus suprascapularis supraspinatus ve infraspinatus kaslarıyla abdüksiyonun başlangıcı ve dış rotasyonda önemlidir. Lateral omuz rozet alanı duyusunu taşımaz; bu nedenle motor-duyusal birlikteliği tek başına açıklamaz.""}]"
v396-anatomy-dusuk-ayak,Düşük ayak,"[""Düşük ayak"", ""foot drop"", ""ayak düşüklüğü""]",Anatomi / klinik bulgu,Fibular sinir bulgusu,P0,Ayak dorsifleksiyonunun zayıflaması nedeniyle ayağın yere takılma eğiliminde olmasıdır.,Düşük ayak en sık common fibular sinirin fibula boynu çevresindeki lezyonlarında görülür; yürüyüşte steppage paterni gelişebilir.,Fibula boynu travması + düşük ayak = common fibular sinir lezyonu.,Tibial sinir lezyonu plantar fleksiyon ve taban duyusu kaybıyla ayrılır.,"[""Common fibular sinir"", ""Derin fibular sinir"", ""Steppage yürüyüş"", ""Fibula boynu""]",37,"[{""sourceFilePath"": ""src/data/cases.js / src/data/tusPearlCards.js"", ""text"": ""[CASE v185-new-202-diz-dis-yan-travmasi-sonrasi-dusuk-ayak] title: Diz dış yan travması sonrası düşük ayak""}, {""sourceFilePath"": ""src/data/cases.js / src/data/tusPearlCards.js"", ""text"": ""[CASE v185-new-202-diz-dis-yan-travmasi-sonrasi-dusuk-ayak] clinicalFocus: Diz dış yan travması sonrası düşük ayak paternini fibula boynu komşuluğu, bacak kompartmanları ve periferik sinir dallarıyla ilişkilendirme.""}]"
v396-anatomy-steppage-yuruyus,Steppage yürüyüş,"[""Steppage yürüyüş"", ""steppage gait"", ""yüksek adımlama yürüyüşü""]",Anatomi / yürüyüş bulgusu,Dorsifleksiyon kaybı,P1,Düşük ayağı telafi etmek için kalça ve dizin aşırı fleksiyona getirildiği yürüyüş paternidir.,Dorsifleksiyon kaybı nedeniyle ayak ucu yere takılır; hasta ayağı kaldırmak için abartılı adım atar. Common fibular sinir ve derin fibular dal değerlendirilmelidir.,Düşük ayak sorusunda steppage yürüyüş ortak ipucudur.,Trendelenburg yürüyüşü kalça abdüktör zayıflığına bağlı pelvis düşmesiyle ayrılır.,"[""Düşük ayak"", ""Common fibular sinir"", ""Derin fibular sinir""]",8,"[{""sourceFilePath"": ""src/data/cases.js / src/data/tusPearlCards.js"", ""text"": ""[CASE v185-new-202-diz-dis-yan-travmasi-sonrasi-dusuk-ayak] patientIntro.presentation: Dış yan diz travması sonrası düşük ayak, steppage yürüyüş ve ayak sırtı duyusal yakınması gelişmiştir.""}, {""sourceFilePath"": ""src/data/cases.js / src/data/tusPearlCards.js"", ""text"": ""[CASE v185-new-202-diz-dis-yan-travmasi-sonrasi-dusuk-ayak] diagnosis.optionComparison.Nervus fibularis superficialis: Yüzeyel fibular sinir eversiyon ve ayak sırtı duyusuyla ilişkilidir, fakat dorsifleksiyon kaybını ve steppage yürüyüşü tek başına açıklamaz. Dorsifleksiyon ve eversiyonun birlikte bozulması daha proksimal ana gövde etkilenimini gösterir.""}]"
v396-anatomy-derin-fibular-sinir,Derin fibular sinir,"[""Derin fibular sinir"", ""deep fibular nerve"", ""derin peroneal sinir"", ""nervus fibularis profundus""]",Anatomi / periferik sinir,Alt ekstremite siniri,P1,Common fibular sinirin anterior bacak kompartmanını ve birinci parmak aralığı duyusunu taşıyan dalıdır.,Derin fibular sinir lezyonunda dorsifleksiyon ve başparmak ekstansiyonu zayıflar; birinci web space duyusu ayırt edici olabilir.,Birinci parmak aralığı duyusu derin fibular sinir için klasik lokalizasyon ipucudur.,Yüzeyel fibular sinir ayak dorsumunun çoğu duyusu ve eversiyonla ilişkilidir.,"[""Common fibular sinir"", ""Düşük ayak"", ""Bacağın anterior kompartmanı""]",18,"[{""sourceFilePath"": ""src/data/cases.js / src/data/tusPearlCards.js"", ""text"": ""[CASE v185-new-202-diz-dis-yan-travmasi-sonrasi-dusuk-ayak] diagnosis.options[3]: Nervus fibularis profundus""}, {""sourceFilePath"": ""src/data/cases.js / src/data/tusPearlCards.js"", ""text"": ""[CASE v185-new-202-diz-dis-yan-travmasi-sonrasi-dusuk-ayak] diagnosis.optionComparison.Nervus fibularis profundus: Derin fibular sinir dorsifleksiyon ve birinci web aralığı duyusunu açıklar; ancak eversiyon zayıflığı ve daha geniş ayak sırtı duyusu azalması tek başına bu distal dal lezyonundan beklenmez.""}]"
v396-anatomy-yuzeyel-fibular-sinir,Yüzeyel fibular sinir,"[""Yüzeyel fibular sinir"", ""superficial fibular nerve"", ""superficial peroneal nerve"", ""yüzeyel peroneal sinir""]",Anatomi / periferik sinir,Alt ekstremite siniri,P1,Common fibular sinirin lateral bacak kompartmanı ve ayak dorsumu duyusuyla ilişkili dalıdır.,Yüzeyel fibular sinir eversiyon kaslarını innerve eder; ayak dorsumu duyusunun çoğunu taşır fakat birinci web space derin fibular sinire aittir.,Ayak dorsumu duyusu + eversiyon kaybı yüzeyel fibular dalı düşündürür.,Derin fibular sinir dorsifleksiyon ve birinci web space duyusuyla ayrılır.,"[""Common fibular sinir"", ""Bacağın lateral kompartmanı"", ""Derin fibular sinir""]",7,"[{""sourceFilePath"": ""src/data/cases.js / src/data/tusPearlCards.js"", ""text"": ""[CASE v185-new-202-diz-dis-yan-travmasi-sonrasi-dusuk-ayak] diagnosis.optionComparison.Nervus fibularis superficialis: Yüzeyel fibular sinir eversiyon ve ayak sırtı duyusuyla ilişkilidir, fakat dorsifleksiyon kaybını ve steppage yürüyüşü tek başına açıklamaz. Dorsifleksiyon ve eversiyonun birlikte bozulması daha proksimal ana gövde etkilenimini gösterir.""}, {""sourceFilePath"": ""src/data/cases.js / src/data/tusPearlCards.js"", ""text"": ""[CASE v185-new-202-diz-dis-yan-travmasi-sonrasi-dusuk-ayak] diagnosis.answerFeedback.optionComparison.Nervus fibularis superficialis: Yüzeyel fibular sinir eversiyon ve ayak sırtı duyusuyla ilişkilidir, fakat dorsifleksiyon kaybını ve steppage yürüyüşü tek başına açıklamaz. Dorsifleksiyon ve eversiyonun birlikte bozulması daha proksimal ana gövde etkilenimini gösterir.""}]"
v396-anatomy-bacagin-anterior-kompartmani,Bacağın anterior kompartmanı,"[""Bacağın anterior kompartmanı"", ""anterior leg compartment"", ""anterior crural compartment""]",Anatomi / kompartman,Alt ekstremite kas grubu,P2,Tibia önünde yer alan ve ayak bileği dorsifleksiyonu ile parmak ekstansiyonunu sağlayan kas kompartmanıdır.,Bu kompartmanın motor innervasyonu derin fibular sinirdir; kompartman sendromu ve fibular sinir lezyonlarında dorsifleksiyon kaybı gelişir.,Dorsifleksiyon kaybı anterior kompartman + derin fibular sinir ilişkisini düşündürür.,"Lateral kompartman eversiyon, posterior kompartman plantar fleksiyonla ilişkilidir.","[""Derin fibular sinir"", ""Düşük ayak"", ""Dorsifleksiyon""]",0,[]
v396-anatomy-bacagin-lateral-kompartmani,Bacağın lateral kompartmanı,"[""Bacağın lateral kompartmanı"", ""lateral leg compartment"", ""fibularis kompartmanı""]",Anatomi / kompartman,Alt ekstremite kas grubu,P2,"Fibularis longus ve brevis kaslarını içeren, ayak eversiyonu ile ilişkili bacak kompartmanıdır.",Lateral kompartman yüzeyel fibular sinirle innerve edilir; eversiyon zayıflığı ve ayak dorsumu duyusu birlikte değerlendirilebilir.,Eversiyon kaybı yüzeyel fibular sinir ve lateral kompartman bilgisini gerektirir.,Anterior kompartman dorsifleksiyon; posterior kompartman plantar fleksiyon ile ayrılır.,"[""Yüzeyel fibular sinir"", ""Eversiyon"", ""Common fibular sinir""]",0,[]
v396-anatomy-tibial-sinir,Tibial sinir,"[""Tibial sinir"", ""tibial nerve"", ""nervus tibialis""]",Anatomi / periferik sinir,Alt ekstremite siniri,P1,Siyatik sinirin medial terminal dalıdır; posterior bacak kompartmanı ve ayak tabanı duyusuyla ilişkilidir.,"Tibial sinir plantar fleksiyon, parmak fleksiyonu ve plantar duyu için önemlidir; tarsal tünelde sıkışabilir.",Plantar fleksiyon/taban duyusu tibial sinir; düşük ayak ise fibular sinir lehinedir.,Common fibular sinir dorsifleksiyon ve ayak dorsumu duyusuyla ayrılır.,"[""Tarsal tünel"", ""Medial plantar sinir"", ""Lateral plantar sinir""]",31,"[{""sourceFilePath"": ""src/data/cases.js / src/data/tusPearlCards.js"", ""text"": ""[CASE v185-new-202-diz-dis-yan-travmasi-sonrasi-dusuk-ayak] diagnosis.options[2]: Nervus tibialis""}, {""sourceFilePath"": ""src/data/cases.js / src/data/tusPearlCards.js"", ""text"": ""[CASE v185-new-202-diz-dis-yan-travmasi-sonrasi-dusuk-ayak] diagnosis.explanation: Nervus fibularis communis fibula boynu çevresinde yüzeyel seyrettiği için dış yan diz travmalarında yaralanmaya açıktır. Ana gövde etkilenirse derin dalın dorsifleksiyon/birinci web aralığı fonksiyonu ve yüzeyel dalın eversiyon/ayak sırtı duyusu birlikte bozulabilir. Plantar fleksiyon ile aşil refleksinin korunması tibial sin…""}]"
v396-anatomy-tarsal-tunel,Tarsal tünel,"[""Tarsal tünel"", ""tarsal tunnel"", ""ayak bileği tarsal tüneli""]",Anatomi / kanal,Alt ekstremite sinir geçişi,P1,Medial malleol posteriorunda fleksör retinakulum altında tibial sinirin geçtiği anatomik tüneldir.,Tarsal tünel sendromunda tibial sinir sıkışması ayak tabanında yanma/uyuşma oluşturabilir; karpal tünelin ayak bileği analoğu gibi düşünülebilir.,Medial malleol arkası + taban parestezisi = tarsal tünel/tibial sinir.,Karpal tünel median sinir; tarsal tünel tibial sinir ile ilişkilidir.,"[""Tibial sinir"", ""Fleksör retinakulum"", ""Medial plantar sinir""]",13,"[{""sourceFilePath"": ""src/data/cases.js / src/data/tusPearlCards.js"", ""text"": ""[CARD tus-pearl-anatomy-003-spot] differentialNote: Tibial sinir plantar fleksiyon, taban duyusu ve tarsal tünel ile ilişkilidir; düşük ayak daha çok fibular sinir hasarıdır.""}, {""sourceFilePath"": ""src/data/cases.js / src/data/tusPearlCards.js"", ""text"": ""[CARD tus-pearl-anatomy-129-spot] topic: Tarsal tünel sendromu""}]"
v396-anatomy-fleksor-retinakulum,Fleksör retinakulum,"[""Fleksör retinakulum"", ""flexor retinaculum"", ""retinaculum flexorum""]",Anatomi / bağ yapısı,Tünel tavanı,P2,Tendon ve sinirlerin bilek/ayak bileği düzeyinde geçişini sabitleyen kalın bağ dokusu bandıdır.,"El bileğinde karpal tünel tavanını, ayak bileğinde tarsal tünel tavanını oluşturur; altında geçen sinirlerin sıkışması klinik sendrom yapabilir.","Karpal tünelde median sinir, tarsal tünelde tibial sinir fleksör retinakulum altında sıkışabilir.",Ekstansör retinakulum dorsal tendonları sabitler; fleksör retinakulum palmar/plantar geçişlerle ilişkilidir.,"[""Karpal tünel"", ""Tarsal tünel"", ""Median sinir"", ""Tibial sinir""]",33,"[{""sourceFilePath"": ""src/data/cases.js / src/data/tusPearlCards.js"", ""text"": ""[CASE v173-new-089-gece-artan-el-uyusmasi] diagnosis.answerFeedback.clinicalPearls[0].text: Nervus medianus karpal tünelde fleksör tendonlarla birlikte seyreder; palmar kutanöz dalı ise tünelden önce ayrılıp fleksör retinakulumun yüzeyelinden geçer. Bu nedenle karpal tünel basısında dijital duyu ve tenar motor bulgular belirginleşirken tenar avuç içi duyusu korunabilir.""}, {""sourceFilePath"": ""src/data/cases.js / src/data/tusPearlCards.js"", ""text"": ""[CASE v173-new-089-gece-artan-el-uyusmasi] diagnosis.answerFeedback.coreKnowledge: Nervus medianus karpal tünelde fleksör tendonlarla birlikte seyreder; palmar kutanöz dalı ise tünelden önce ayrılıp fleksör retinakulumun yüzeyelinden geçer. Bu nedenle karpal tünel basısında dijital duyu ve tenar motor bulgular belirginleşirken tenar avuç içi duyusu korunabilir.""}]"
v396-anatomy-medial-plantar-sinir,Medial plantar sinir,"[""Medial plantar sinir"", ""medial plantar nerve""]",Anatomi / periferik sinir,Ayak tabanı siniri,P2,Tibial sinirin ayak tabanındaki medial terminal dalıdır; medial plantar duyu ve bazı intrinsik kaslarla ilişkilidir.,"Medial plantar sinir, eldeki median sinire benzer şekilde ayak tabanının medial kısmı ve halluks hareketleriyle klinik önem taşır.",Tibial sinir tarsal tünel sonrası medial ve lateral plantar dallara ayrılır.,Lateral plantar sinir daha çok lateral taban ve birçok intrinsik kasla ilişkilidir.,"[""Tibial sinir"", ""Tarsal tünel"", ""Lateral plantar sinir""]",1,"[{""sourceFilePath"": ""src/data/cases.js / src/data/tusPearlCards.js"", ""text"": ""[CARD tus-pearl-anatomy-129-extra] keywords[0]: medial plantar sinir""}]"
v396-anatomy-lateral-plantar-sinir,Lateral plantar sinir,"[""Lateral plantar sinir"", ""lateral plantar nerve""]",Anatomi / periferik sinir,Ayak tabanı siniri,P2,Tibial sinirin ayak tabanındaki lateral terminal dalıdır; lateral plantar duyu ve birçok intrinsik ayak kasıyla ilişkilidir.,Lateral plantar sinir ayak intrinsik kaslarının önemli kısmını innerve eder; eldeki ulnar sinirle fonksiyonel benzerlik kurulabilir.,Ayak tabanı intrinsik kasları sorusunda lateral plantar sinir akılda tutulur.,Medial plantar sinir medial taban ve halluks çevresiyle daha ilişkilidir.,"[""Tibial sinir"", ""Tarsal tünel"", ""Medial plantar sinir""]",3,"[{""sourceFilePath"": ""src/data/cases.js / src/data/tusPearlCards.js"", ""text"": ""[CARD tus-pearl-anatomy-129-extra] keywords[1]: lateral plantar sinir""}, {""sourceFilePath"": ""src/data/cases.js / src/data/tusPearlCards.js"", ""text"": ""[CARD tus-pearl-anatomy-129-extra] back: Medial ve lateral plantar sinirler.""}]"
v396-anatomy-rekurren-motor-dal,Rekürren motor dal,"[""Rekürren motor dal"", ""median sinirin rekürren motor dalı"", ""recurrent motor branch of median nerve"", ""thenar motor dal""]",Anatomi / periferik sinir,Median sinir dalı,P1,Median sinirin thenar kaslara motor lif taşıyan palmar dalıdır.,Karpal tünel veya avuç içi kesilerinde etkilenirse başparmak opozisyonu ve thenar motor fonksiyon bozulabilir; duyu bulgusu eşlik etmeyebilir.,Başparmak opozisyon kaybı median sinirin rekürren motor dalı ile ilişkilidir.,Palmar kutanöz dal karpal tünele girmeden ayrılır ve thenar derisinin duyusunu taşıyabilir.,"[""Median sinir"", ""Thenar kaslar"", ""Başparmak opozisyonu"", ""Karpal tünel""]",0,[]
v396-anatomy-palmar-kutanoz-dal,Palmar kutanöz dal,"[""Palmar kutanöz dal"", ""median sinirin palmar kutanöz dalı"", ""palmar cutaneous branch of median nerve""]",Anatomi / periferik sinir,Median sinir duyu dalı,P1,Median sinirin karpal tünele girmeden önce ayrılan ve thenar avuç derisinin duyusunu taşıyan dalıdır.,Karpal tünel sendromunda palmar kutanöz dal genellikle tünel dışında kaldığı için thenar eminens duyusu korunabilir; bu ayırıcı lokalizasyon sağlar.,Thenar deri duyusu korunmuşsa karpal tünel düzeyi; bozulmuşsa daha proksimal median sinir lezyonu düşünülür.,"Rekürren motor dal thenar motor fonksiyon, palmar kutanöz dal duyu ile ilişkilidir.","[""Median sinir"", ""Karpal tünel"", ""Thenar kaslar""]",87,"[{""sourceFilePath"": ""src/data/cases.js / src/data/tusPearlCards.js"", ""text"": ""[CASE v173-new-089-gece-artan-el-uyusmasi] learningTarget: Karpal tünel düzeyindeki sinir basısını dijital duyu alanı, tenar motor fonksiyon ve palmar kutanöz dal ayrımıyla çözebilme.""}, {""sourceFilePath"": ""src/data/cases.js / src/data/tusPearlCards.js"", ""text"": ""[CASE v173-new-089-gece-artan-el-uyusmasi] investigations[0].postAnswerExplanation: Cevap sonrası değerlendirmede bu patern, karpal tünelde sıkışan ana sinir ile tünel dışından geçen palmar kutanöz dal ayrımını öğretir.""}]"
v396-anatomy-thenar-kaslar,Thenar kaslar,"[""Thenar kaslar"", ""thenar eminens kasları"", ""thenar muscles""]",Anatomi / kas grubu,El intrinsik kasları,P1,"Başparmak tabanındaki abdüksiyon, fleksiyon ve opozisyon hareketlerine katkı veren kas grubudur.",Thenar kasların çoğu median sinirin rekürren motor dalıyla innerve edilir; karpal tünel veya median sinir lezyonunda thenar atrofi ve opozisyon kaybı gelişir.,Thenar atrofi + opozisyon kaybı median sinir lezyonunu destekler.,Hipotenar ve interosseöz kaslar daha çok ulnar sinirle ilişkilidir.,"[""Median sinir"", ""Rekürren motor dal"", ""Başparmak opozisyonu""]",1,"[{""sourceFilePath"": ""src/data/cases.js / src/data/tusPearlCards.js"", ""text"": ""[CARD tus-pearl-anatomy-189-spot] explanation: Median sinir fleksör tendonlarla birlikte karpal tünelden geçer. Bası, lateral 3,5 parmakta parestezi ve thenar kaslarda zayıflık yapabilir; palmar kutanöz dal tünelden geçmediği için avuç içi duyusu görece korunabilir.""}]"
v396-anatomy-adductor-pollicis,Adductor pollicis,"[""Adductor pollicis"", ""m. adductor pollicis"", ""başparmak adduktor kası""]",Anatomi / kas,Ulnar sinir kası,P1,Başparmağı avuç içine doğru adduksiyona getiren derin intrinsik el kasıdır.,Adductor pollicis ulnar sinirin derin dalıyla innerve edilir; Froment belirtisinde zayıflığı başparmak fleksiyonu ile telafi edilir.,Froment belirtisinin mekanizması adductor pollicis zayıflığıdır.,Thenar opponens pollicis median sinir; adductor pollicis ulnar sinirle ayrılır.,"[""Ulnar sinir"", ""Froment belirtisi"", ""Interosseöz kaslar""]",4,"[{""sourceFilePath"": ""src/data/cases.js / src/data/tusPearlCards.js"", ""text"": ""[CARD tus-pearl-anatomy-001-extra] keywords[1]: adductor pollicis""}, {""sourceFilePath"": ""src/data/cases.js / src/data/tusPearlCards.js"", ""text"": ""[CARD tus-pearl-anatomy-001-extra] back: Adductor pollicis zayıflığına bağlı ulnar sinir lezyonu.""}]"
v396-anatomy-nterosseoz-kaslar,Interosseöz kaslar,"[""Interosseöz kaslar"", ""dorsal interossei"", ""palmar interossei"", ""interosseous muscles""]",Anatomi / kas grubu,El intrinsik kasları,P1,Metakarp kemikleri arasında yer alan ve parmak abduksiyon/adduksiyonunu sağlayan kas grubudur.,Interosseöz kaslar ulnar sinirin derin dalıyla innerve edilir; ulnar lezyonda parmakları açıp kapatma zayıflar ve pençe el görülebilir.,Parmak abduksiyon/adduksiyon testi ulnar sinir için değerlidir.,"Lumbrikallerin lateral ikisi median, medial ikisi ulnar sinirle ilişkilidir.","[""Ulnar sinir"", ""Adductor pollicis"", ""Pençe el""]",14,"[{""sourceFilePath"": ""src/data/cases.js / src/data/tusPearlCards.js"", ""text"": ""[CASE v173-new-089-gece-artan-el-uyusmasi] diagnosis.optionComparison.Nervus ulnaris: Nervus ulnaris beşinci parmak, yüzük parmağının ulnar yarısı ve interosseöz kaslarla ilişkilidir. Küçük parmakta baskın duyu kaybı ya da parmak abdüksiyon-adduksiyon zayıflığı olmaması ulnar sinir basısını geri plana iter.""}, {""sourceFilePath"": ""src/data/cases.js / src/data/tusPearlCards.js"", ""text"": ""[CASE v173-new-089-gece-artan-el-uyusmasi] diagnosis.answerFeedback.optionComparison.Nervus ulnaris: Nervus ulnaris beşinci parmak, yüzük parmağının ulnar yarısı ve interosseöz kaslarla ilişkilidir. Küçük parmakta baskın duyu kaybı ya da parmak abdüksiyon-adduksiyon zayıflığı olmaması ulnar sinir basısını geri plana iter.""}]"
v396-anatomy-trendelenburg-yuruyusu,Trendelenburg yürüyüşü,"[""Trendelenburg yürüyüşü"", ""Trendelenburg gait"", ""Trendelenburg bulgusu"", ""Trendelenburg sign""]",Anatomi / yürüyüş bulgusu,Kalça abdüktör zayıflığı,P0,Kalça abdüktör mekanizma zayıflığı nedeniyle yürüme sırasında pelvisin karşı tarafa düşmesidir.,Superior gluteal sinir veya gluteus medius-minimus hasarında görülür; kalça cerrahisi ve gluteal enjeksiyon sonrası lokalizasyon sorularında değerlidir.,Karşı pelvis düşmesi = superior gluteal sinir/gluteus medius-minimus zayıflığı.,Steppage yürüyüş düşük ayakla; Trendelenburg yürüyüşü kalça abdüktör zayıflığıyla ayrılır.,"[""Superior gluteal sinir"", ""Gluteus medius"", ""Gluteus minimus""]",13,"[{""sourceFilePath"": ""src/data/cases.js / src/data/tusPearlCards.js"", ""text"": ""[CASE v169-new-067-kalca-cerrahisi-sonrasi-yurume-bozuklugu] learningTarget: Trendelenburg bulgusunu destek bacak tarafındaki abdüktör kas fonksiyonu ve gluteal sinir ayrımıyla açıklayabilme.""}, {""sourceFilePath"": ""src/data/cases.js / src/data/tusPearlCards.js"", ""text"": ""[CASE v169-new-067-kalca-cerrahisi-sonrasi-yurume-bozuklugu] diagnosis.pearls[0].text: Trendelenburg bulgusunda pelvis, zayıf abdüktörlerin karşı tarafına düşer; lezyon destek bacak tarafındaki nervus gluteus superiordadır.""}]"
v396-anatomy-gluteus-medius,Gluteus medius,"[""Gluteus medius"", ""m. gluteus medius"", ""orta gluteal kas""]",Anatomi / kas,Kalça abdüktörü,P1,Kalça abdüksiyonu ve yürüme sırasında pelvis stabilizasyonunda görevli gluteal kastır.,Superior gluteal sinirle innerve edilir; zayıflığında karşı pelvis düşer ve Trendelenburg bulgusu oluşur.,Gluteus medius yürüme sırasında pelvisin karşı tarafa düşmesini engeller.,Gluteus maximus kalça ekstansiyonu ve inferior gluteal sinirle ilişkilidir.,"[""Superior gluteal sinir"", ""Trendelenburg yürüyüşü"", ""Gluteus minimus""]",33,"[{""sourceFilePath"": ""src/data/cases.js / src/data/tusPearlCards.js"", ""text"": ""[CASE v169-new-067-kalca-cerrahisi-sonrasi-yurume-bozuklugu] diagnosis.explanation: Nervus gluteus superior gluteus medius, gluteus minimus ve tensor fasciae latae kaslarını innerve eder. Bu kaslar tek ayak duruşunda destek bacak tarafında kasılarak karşı hemipelvisin düşmesini engeller. Sağ bacak üzerinde dururken sol pelvisin düşmesi, sağ kalça abdüktör mekanizmasının zayıfladığını gösterir; diz ekstansiy…""}, {""sourceFilePath"": ""src/data/cases.js / src/data/tusPearlCards.js"", ""text"": ""[CASE v169-new-067-kalca-cerrahisi-sonrasi-yurume-bozuklugu] diagnosis.answerFeedback.whyCorrect: Nervus gluteus superior gluteus medius, gluteus minimus ve tensor fasciae latae kaslarını innerve eder. Bu kaslar tek ayak duruşunda destek bacak tarafında kasılarak karşı hemipelvisin düşmesini engeller. Sağ bacak üzerinde dururken sol pelvisin düşmesi, sağ kalça abdüktör mekanizmasının zayıfladığını gösterir;…""}]"
v396-anatomy-gluteus-minimus,Gluteus minimus,"[""Gluteus minimus"", ""m. gluteus minimus"", ""küçük gluteal kas""]",Anatomi / kas,Kalça abdüktörü,P2,"Kalça abdüksiyonu ve medial rotasyona katkı veren, superior gluteal sinirle innerve edilen kastır.",Gluteus medius ile birlikte pelvis stabilizasyonunu sağlar; superior gluteal sinir lezyonunda fonksiyonu azalır.,Kalça abdüktör mekanizması gluteus medius + minimus üzerinden sorulur.,"Gluteus maximus ekstansiyon, medius/minimus abdüksiyon-stabilizasyon ağırlıklıdır.","[""Superior gluteal sinir"", ""Gluteus medius"", ""Trendelenburg yürüyüşü""]",19,"[{""sourceFilePath"": ""src/data/cases.js / src/data/tusPearlCards.js"", ""text"": ""[CASE v169-new-067-kalca-cerrahisi-sonrasi-yurume-bozuklugu] diagnosis.explanation: Nervus gluteus superior gluteus medius, gluteus minimus ve tensor fasciae latae kaslarını innerve eder. Bu kaslar tek ayak duruşunda destek bacak tarafında kasılarak karşı hemipelvisin düşmesini engeller. Sağ bacak üzerinde dururken sol pelvisin düşmesi, sağ kalça abdüktör mekanizmasının zayıfladığını gösterir; diz ekstansiy…""}, {""sourceFilePath"": ""src/data/cases.js / src/data/tusPearlCards.js"", ""text"": ""[CASE v169-new-067-kalca-cerrahisi-sonrasi-yurume-bozuklugu] diagnosis.answerFeedback.whyCorrect: Nervus gluteus superior gluteus medius, gluteus minimus ve tensor fasciae latae kaslarını innerve eder. Bu kaslar tek ayak duruşunda destek bacak tarafında kasılarak karşı hemipelvisin düşmesini engeller. Sağ bacak üzerinde dururken sol pelvisin düşmesi, sağ kalça abdüktör mekanizmasının zayıfladığını gösterir;…""}]"
v396-anatomy-femoral-sinir,Femoral sinir,"[""Femoral sinir"", ""femoral nerve"", ""nervus femoralis""]",Anatomi / periferik sinir,Lomber pleksus dalı,P0,"L2-L4 kökenli, anterior uyluk kaslarını ve anteromedial bacak duyusunu taşıyan sinirdir.","Femoral sinir lezyonunda diz ekstansiyonu zayıflar, patellar refleks azalır ve anterior uyluk/medial bacak duyusu etkilenebilir.",Diz ekstansiyon kaybı + patellar refleks azalması femoral siniri düşündürür.,"Obturator sinir adduksiyon, siyatik sinir posterior uyluk ve distal bacakla daha ilişkilidir.","[""Quadriceps femoris"", ""Patellar refleks"", ""Saphenous sinir""]",205,"[{""sourceFilePath"": ""src/data/cases.js / src/data/tusPearlCards.js"", ""text"": ""[CASE v169-new-067-kalca-cerrahisi-sonrasi-yurume-bozuklugu] diagnosis.options[4]: Nervus femoralis""}, {""sourceFilePath"": ""src/data/cases.js / src/data/tusPearlCards.js"", ""text"": ""[CASE v169-new-067-kalca-cerrahisi-sonrasi-yurume-bozuklugu] diagnosis.answerFeedback.optionComparison.Nervus femoralis: Nervus femoralis quadriceps ve patella refleksiyle ilişkilidir. Diz ekstansiyonu ve patella refleksi korunmuşken pelvis düşmesi femoral sinirden çok kalça abdüktör mekanizmasına aittir.""}]"
v396-anatomy-quadriceps-femoris,Quadriceps femoris,"[""Quadriceps femoris"", ""kuadriseps femoris"", ""quadriceps kası""]",Anatomi / kas grubu,Diz ekstansörleri,P1,Uyluğun anterior kompartmanındaki diz ekstansiyonunu sağlayan ana kas grubudur.,Femoral sinirle innerve edilir; femoral sinir hasarında diz ekstansiyonu ve merdiven çıkma fonksiyonu zayıflar.,Diz ekstansiyonu femoral sinir/quadriceps fonksiyonudur.,Hamstringler siyatik sinir ve diz fleksiyonu ile ayrılır.,"[""Femoral sinir"", ""Patellar refleks"", ""Diz ekstansiyonu""]",1,"[{""sourceFilePath"": ""src/data/cases.js / src/data/tusPearlCards.js"", ""text"": ""[CARD tus-pearl-anatomy-192-spot] explanation: Femoral sinir L2–L4 kökenlidir ve quadriceps femoris kasını innerve eder. Quadriceps diz ekstansiyonunu sağlar ve patellar refleks arkının temel motor bileşenidir.""}]"
v396-anatomy-patellar-refleks,Patellar refleks,"[""Patellar refleks"", ""diz refleksi"", ""knee jerk reflex""]",Anatomi / nörolojik muayene,L2-L4 refleksi,P1,Patellar tendonun uyarılmasıyla quadriceps kasında kontraksiyon oluşturan L2-L4 refleksidir.,Femoral sinir ve L2-L4 segmentleri değerlendirilir; femoral nöropati veya ilgili radikülopatilerde azalabilir.,Patellar refleks L2-L4 ve femoral sinir bilgisini birlikte test eder.,Aşil refleksi S1 ve tibial sinirle daha ilişkilidir.,"[""Femoral sinir"", ""Quadriceps femoris"", ""L2-L4""]",1,"[{""sourceFilePath"": ""src/data/cases.js / src/data/tusPearlCards.js"", ""text"": ""[CARD tus-pearl-anatomy-192-spot] explanation: Femoral sinir L2–L4 kökenlidir ve quadriceps femoris kasını innerve eder. Quadriceps diz ekstansiyonunu sağlar ve patellar refleks arkının temel motor bileşenidir.""}]"
v396-anatomy-saphenous-sinir,Saphenous sinir,"[""Saphenous sinir"", ""nervus saphenus"", ""safen sinir"", ""saphenous nerve""]",Anatomi / periferik sinir,Femoral sinir duyu dalı,P1,Femoral sinirin saf duyu dalıdır; medial bacak ve ayak medial kenar duyusunu taşır.,Adduktor kanaldan geçerek medial bacak duyusunu sağlar; motor kayıp olmadan medial bacak uyuşması yapabilir.,Saphenous sinir femoral sinirin saf duyu dalıdır.,Vena saphena magna yüzeyel ven; saphenous sinir duyu dalıdır.,"[""Femoral sinir"", ""Adduktor kanal"", ""Medial bacak duyusu""]",0,[]
v396-anatomy-obturator-kanal,Obturator kanal,"[""Obturator kanal"", ""obturator canal"", ""canalis obturatorius""]",Anatomi / pelvis,Nörovasküler geçiş,P1,Obturator foramenin üst kısmında obturator sinir ve damarların pelvisten uyluğa geçtiği kanaldır.,Pelvik cerrahi veya lenf nodu diseksiyonunda obturator sinir bu bölgede risk altındadır; adduksiyon zayıflığı ile klinikleşebilir.,Pelvik lenf nodu diseksiyonu + adduksiyon zayıflığı obturator kanal/sinir bilgisini gerektirir.,Femoral sinir anterior uyluk ve diz ekstansiyonu; obturator sinir medial uyluk adduksiyonu ile ayrılır.,"[""Obturator sinir"", ""Pelvik lenf nodu diseksiyonu"", ""Adduktor kaslar""]",29,"[{""sourceFilePath"": ""src/data/cases.js / src/data/tusPearlCards.js"", ""text"": ""[CASE v166-new-037-pelvik-cerrahide-riskli-yapi] diagnosis.answerFeedback.optionComparison.Nervus obturatorius: Nervus obturatorius lateral pelvik duvar ve obturator kanal boyunca önemlidir; pelvik lenfadenektomi gibi işlemlerde riskli olabilir. Ancak uterin arterin serviks lateralindeki ligasyonunda klasik hedef komşuluk üreterdir.""}, {""sourceFilePath"": ""src/data/cases.js / src/data/tusPearlCards.js"", ""text"": ""[CASE v166-new-037-pelvik-cerrahide-riskli-yapi] diagnosis.optionComparison.Nervus obturatorius: Nervus obturatorius lateral pelvik duvar ve obturator kanal boyunca önemlidir; pelvik lenfadenektomi gibi işlemlerde riskli olabilir. Ancak uterin arterin serviks lateralindeki ligasyonunda klasik hedef komşuluk üreterdir.""}]"
v396-anatomy-femoral-halka,Femoral halka,"[""Femoral halka"", ""femoral ring"", ""anulus femoralis""]",Anatomi / kasık bölgesi,Femoral kanal girişi,P1,Femoral kanalın abdominal açıklığıdır; femoral hernilerin geçtiği dar anatomik halkadır.,Femoral halka sert sınırlara sahip olduğu için femoral hernilerde strangülasyon riski daha yüksektir.,Kasık altında şişlik + strangülasyon eğilimi femoral halka/femoral herni bilgisini çağırır.,İnguinal herniler inguinal ligamentin üstünde; femoral herniler altında yerleşir.,"[""Femoral kanal"", ""Femoral herni"", ""Lacunar ligament""]",4,"[{""sourceFilePath"": ""src/data/cases.js / src/data/tusPearlCards.js"", ""text"": ""[CARD tus-pearl-anatomy-188-spot] keywords[1]: femoral halka""}, {""sourceFilePath"": ""src/data/cases.js / src/data/tusPearlCards.js"", ""text"": ""[CARD tus-pearl-anatomy-188-spot] back: Femoral kanalın dar ve sert sınırlı femoral halka içinden geçmesi.""}]"
v396-anatomy-lacunar-ligament,Lacunar ligament,"[""Lacunar ligament"", ""ligamentum lacunare"", ""Gimbernat ligamenti""]",Anatomi / kasık bölgesi,Femoral halka sınırı,P1,İnguinal ligamentin medialde pektineal hatta uzanan keskin fibröz uzantısıdır.,Femoral halkanın medial sınırını oluşturur; femoral herni cerrahisinde kesilmesi gerekebilir ancak komşu damar varyasyonları nedeniyle dikkat ister.,Femoral herni sınır sorularında medial sınır lacunar ligamenttir.,İnguinal ligament femoral/inguinal herni ayrımında genel landmarktır; lacunar ligament femoral halkanın medial sınırıdır.,"[""Femoral halka"", ""Femoral kanal"", ""Femoral herni""]",0,[]
v396-anatomy-inguinal-kanal,İnguinal kanal,"[""İnguinal kanal"", ""inguinal canal"", ""kasık kanalı""]",Anatomi / kasık bölgesi,Abdominal duvar kanalı,P0,Ön karın duvarında derin ve yüzeyel inguinal halkalar arasında uzanan oblik anatomik kanaldır.,"Erkekte spermatik kord, kadında round ligament kanaldan geçer; inguinal herni tiplerini anlamada temel yapıdır.",İnguinal kanal = inguinal herni anatomisinin merkezidir.,Femoral kanal inguinal ligamentin altında yer alır ve femoral herni ile ilişkilidir.,"[""Derin inguinal halka"", ""Yüzeyel inguinal halka"", ""Direkt inguinal herni"", ""İndirekt inguinal herni""]",5,"[{""sourceFilePath"": ""src/data/cases.js / src/data/tusPearlCards.js"", ""text"": ""[CASE v185-new-203-kasik-ameliyati-sonrasi-uyusma] learningTarget: İnguinal kanal çevresindeki L1 kaynaklı sinirleri duyu alanı, cerrahi seyir ve motor korunma bulgularıyla ayırt edebilme.""}, {""sourceFilePath"": ""src/data/cases.js / src/data/tusPearlCards.js"", ""text"": ""[CASE v185-new-203-kasik-ameliyati-sonrasi-uyusma] diagnosis.answerFeedback.learningOutcome: İnguinal kanal çevresindeki L1 kaynaklı sinirleri duyu alanı, cerrahi seyir ve motor korunma bulgularıyla ayırt edebilme.""}]"
v396-anatomy-derin-inguinal-halka,Derin inguinal halka,"[""Derin inguinal halka"", ""deep inguinal ring"", ""internal inguinal ring"", ""iç inguinal halka""]",Anatomi / kasık bölgesi,İnguinal kanal başlangıcı,P1,Transversalis fasyada bulunan ve inguinal kanalın lateral derin açıklığını oluşturan yapıdır.,İndirekt inguinal herni derin inguinal halkadan girer ve inferior epigastrik damarların lateralinden ilerler.,İndirekt inguinal herni derin halkadan ve inferior epigastrik damarların lateralinden gelir.,"Direkt herni Hesselbach üçgeninden, damarların medialinden çıkar.","[""İnguinal kanal"", ""İndirekt inguinal herni"", ""İnferior epigastrik damarlar""]",0,[]
v396-anatomy-yuzeyel-inguinal-halka,Yüzeyel inguinal halka,"[""Yüzeyel inguinal halka"", ""superficial inguinal ring"", ""external inguinal ring"", ""dış inguinal halka""]",Anatomi / kasık bölgesi,İnguinal kanal çıkışı,P1,External oblik aponevrozundaki açıklıktır ve inguinal kanalın yüzeyel çıkışını oluşturur.,Spermatik kord/round ligament kanal boyunca ilerleyip yüzeyel halkadan çıkar; ileri indirekt herniler skrotuma uzanabilir.,İnguinal kanalın çıkışı yüzeyel inguinal halkadır.,"Derin halka transversalis fasyada, yüzeyel halka external oblik aponevrozundadır.","[""İnguinal kanal"", ""Derin inguinal halka"", ""Spermatik kord""]",0,[]
v396-anatomy-inferior-epigastrik-damarlar,İnferior epigastrik damarlar,"[""İnferior epigastrik damarlar"", ""inferior epigastric vessels"", ""inferior epigastrik arter"", ""inferior epigastrik ven""]",Anatomi / damar,Herni landmarkı,P0,Rektus kılıfı arka yüzünde yükselen ve inguinal herni tiplerini ayırmada landmark olan damarlardır.,"Direkt inguinal herni bu damarların medialinden, indirekt inguinal herni lateralinden çıkar; TUS’ta en klasik herni ayrımıdır.","Direkt medial, indirekt lateral: landmark inferior epigastrik damarlardır.",Femoral herni inguinal ligamentin altındadır ve bu medial-lateral ayrımla değil femoral halka ile ilişkilidir.,"[""Direkt inguinal herni"", ""İndirekt inguinal herni"", ""Hesselbach üçgeni""]",0,[]
v396-anatomy-hesselbach-ucgeni,Hesselbach üçgeni,"[""Hesselbach üçgeni"", ""Hesselbach triangle"", ""inguinal üçgen""]",Anatomi / kasık bölgesi,Direkt herni alanı,P0,"Rektus abdominis lateral kenarı, inguinal ligament ve inferior epigastrik damarlarla sınırlı zayıf karın duvarı alanıdır.",Direkt inguinal herniler Hesselbach üçgeninden çıkar ve inferior epigastrik damarların medialinde yer alır.,Direkt inguinal herni = Hesselbach üçgeni + inferior epigastrik damarların mediali.,İndirekt herni derin halkadan girer ve damarların lateralinden geçer.,"[""Direkt inguinal herni"", ""İnferior epigastrik damarlar"", ""İnguinal kanal""]",0,[]
v396-anatomy-direkt-inguinal-herni,Direkt inguinal herni,"[""Direkt inguinal herni"", ""direct inguinal hernia"", ""direkt kasık fıtığı""]",Anatomi / herni,Hesselbach üçgeni,P1,"Karın içeriğinin Hesselbach üçgeninden, inferior epigastrik damarların medialinden protrüze olduğu inguinal hernidir.",Edinsel karın duvarı zayıflığıyla ilişkilidir; genellikle skrotuma inme eğilimi indirekt herniye göre daha azdır.,Direkt herni damarların medialinden çıkar; indirekt herni lateralinden gelir.,Femoral herni inguinal ligamentin altında ve femoral kanaldadır.,"[""Hesselbach üçgeni"", ""İnferior epigastrik damarlar"", ""İnguinal kanal""]",0,[]
v396-anatomy-indirekt-inguinal-herni,İndirekt inguinal herni,"[""İndirekt inguinal herni"", ""indirect inguinal hernia"", ""indirekt kasık fıtığı""]",Anatomi / herni,Derin inguinal halka,P1,Karın içeriğinin derin inguinal halkadan girerek inferior epigastrik damarların lateralinden ilerlediği inguinal hernidir.,Patent processus vaginalis zemininde skrotuma kadar uzanabilir; genç erkeklerde ve konjenital mekanizmalarda sık vurgulanır.,İndirekt herni derin halkadan girer ve damarların lateralindedir.,Direkt herni Hesselbach üçgeninden ve damarların medialinden çıkar.,"[""Derin inguinal halka"", ""Processus vaginalis"", ""İnferior epigastrik damarlar""]",0,[]
v396-anatomy-femoral-herni,Femoral herni,"[""Femoral herni"", ""femoral hernia"", ""femoral fıtık""]",Anatomi / herni,Femoral kanal hernisi,P1,"Karın içeriğinin femoral kanaldan, inguinal ligamentin altından protrüze olduğu hernidir.",Femoral halka dar olduğu için strangülasyon riski yüksektir; kasık ligamentinin altındaki ağrılı şişlik femoral herni lehinedir.,İnguinal ligamentin altında ağrılı şişlik + yüksek strangülasyon riski = femoral herni.,İnguinal herniler ligamentin üstünde; femoral herni altında yerleşir.,"[""Femoral kanal"", ""Femoral halka"", ""Lacunar ligament""]",42,"[{""sourceFilePath"": ""src/data/cases.js / src/data/tusPearlCards.js"", ""text"": ""[CASE v174-new-099-kasik-altinda-agrili-sislik] learningTarget: Femoral kanalın sınırlarını, femoral herninin klinik yerleşimi ve vasküler komşulukları üzerinden ayırt edebilme.""}, {""sourceFilePath"": ""src/data/cases.js / src/data/tusPearlCards.js"", ""text"": ""[CASE v174-new-099-kasik-altinda-agrili-sislik] question: Femoral herni kesesinin geçtiği femoral kanalın lateral komşuluğunu hangi yapı oluşturur?""}]"
v396-anatomy-safen-aciklik,Safen açıklık,"[""Safen açıklık"", ""saphenous opening"", ""fossa ovalis açıklığı"", ""hiatus saphenus""]",Anatomi / yüzeyel ven,Femoral bölge,P1,Vena saphena magna’nın femoral vene katıldığı fascia lata açıklığıdır.,Büyük safen ven femoral vene safen açıklıktan dökülür; varis cerrahisi ve femoral bölge anatomisinde kullanılır.,Vena saphena magna femoral vene safen açıklıkta katılır.,Femoral kanal herni anatomisiyle komşudur ancak venöz açıklık farklı kavramdır.,"[""Vena saphena magna"", ""Fossa ovalis"", ""Femoral ven""]",0,[]
v396-anatomy-fossa-ovalis,Fossa ovalis,"[""Fossa ovalis"", ""fossa ovalis femoris"", ""oval fossa""]",Anatomi / femoral bölge,Safen açıklık bölgesi,P2,Fascia lata üzerindeki safen açıklığın bulunduğu oval zayıf alanı ifade eder.,Vena saphena magna burada derinden femoral vene açılır; kasık cerrahisi ve yüzeyel ven anatomisi için landmarktır.,"Fossa ovalis, büyük safen venin femoral vene katılım bölgesiyle ilişkilidir.",Kalpteki fossa ovalis ile karıştırılmamalıdır; burada femoral bölge anatomisi kastedilir.,"[""Safen açıklık"", ""Vena saphena magna"", ""Femoral ven""]",0,[]
v396-anatomy-parotis-bezi,Parotis bezi,"[""Parotis bezi"", ""glandula parotis"", ""parotid gland""]",Anatomi / baş-boyun,Tükürük bezi,P0,"Kulak önünde yerleşen, içinden fasiyal sinirin dallarının geçtiği büyük tükürük bezidir.",Parotis cerrahisinde fasiyal sinir motor dalları korunmalıdır; bezin sekresyonu auriculotemporal sinir üzerinden gelen parasempatik liflerle ilişkilidir.,Parotis cerrahisi sorusunda korunacak motor sinir fasiyal sinirdir.,Fasiyal sinir parotisten geçer ama parotis sekresyonunun ana parasempatik siniri değildir.,"[""Fasiyal sinir"", ""Auriculotemporal sinir"", ""Otic ganglion""]",46,"[{""sourceFilePath"": ""src/data/cases.js / src/data/tusPearlCards.js"", ""text"": ""[CASE v177-new-124-parotis-ameliyati-sonrasi-yuz-asimetrisi] learningTarget: Parotis bezinden geçen motor siniri; trigeminal mandibular, hipoglossal, glossopharyngeal ve aksesuar sinir bulgularından ayırt edebilme.""}, {""sourceFilePath"": ""src/data/cases.js / src/data/tusPearlCards.js"", ""text"": ""[CASE v177-new-124-parotis-ameliyati-sonrasi-yuz-asimetrisi] stem: Hasta bir hafta önce sağ parotis bezindeki benign kitle nedeniyle cerrahi eksizyon yapıldığını ve ameliyattan sonra yüzünün sağ tarafında asimetri fark ettiğini anlatıyor. Gülerken sağ ağız köşesinin yeterince hareket etmediğini, sağ gözünü sıkıca kapatmakta zorlandığını ve alın kırıştırmasının azaldığını söylüyor. Ameliyat öncesinde yüz har…""}]"
v396-anatomy-auriculotemporal-sinir,Auriculotemporal sinir,"[""Auriculotemporal sinir"", ""auriculotemporal nerve"", ""nervus auriculotemporalis""]",Anatomi / baş-boyun,Mandibular sinir dalı,P1,V3 dalı olan ve parotis bezine postganglionik parasempatik lifleri taşıyan duyu ağırlıklı sinirdir.,Otic gangliondan çıkan sekretomotor lifler auriculotemporal sinirle parotise ulaşır; Frey sendromu ve parotis innervasyonu için önemlidir.,Parotis sekresyonu glossopharyngeal → otic ganglion → auriculotemporal sinir hattıyla sorulur.,Fasiyal sinir mimik kaslarına motor lif taşır; parotis sekresyonunu ana olarak sağlamaz.,"[""Parotis bezi"", ""Otic ganglion"", ""Mandibular sinir""]",2,"[{""sourceFilePath"": ""src/data/cases.js / src/data/tusPearlCards.js"", ""text"": ""[CARD tus-pearl-anatomy-004-extra] keywords[3]: auriculotemporal sinir""}, {""sourceFilePath"": ""src/data/cases.js / src/data/tusPearlCards.js"", ""text"": ""[CARD tus-pearl-anatomy-004-extra] explanation: Parotisin parasempatik yolu inferior salivatory nucleus, nervus glossopharyngeus, tympanic plexus, lesser petrosal nerve ve otic ganglion üzerinden ilerler. Postganglionik lifler auriculotemporal sinirle parotis bezine taşınır.""}]"
v396-anatomy-otic-ganglion,Otic ganglion,"[""Otic ganglion"", ""ganglion oticum"", ""otik gangliyon""]",Anatomi / baş-boyun,Parasempatik ganglion,P1,Glossopharyngeal sinir kökenli preganglionik liflerin sinaps yaptığı parasempatik gangliondur.,Otic gangliondan çıkan postganglionik lifler auriculotemporal sinirle parotis bezine gider; parotis sekresyon sorularında ana düğümdür.,Parotis parasempatiği otic ganglion üzerinden taşınır.,Pterygopalatine ganglion lakrimal/nazal; submandibular ganglion submandibular-sublingual bezlerle ilişkilidir.,"[""Glossopharyngeal sinir"", ""Auriculotemporal sinir"", ""Parotis bezi""]",8,"[{""sourceFilePath"": ""src/data/cases.js / src/data/tusPearlCards.js"", ""text"": ""[CARD tus-pearl-anatomy-004-spot] keywords[3]: otic ganglion""}, {""sourceFilePath"": ""src/data/cases.js / src/data/tusPearlCards.js"", ""text"": ""[CARD tus-pearl-anatomy-004-spot] explanation: Fasiyal sinir stylomastoid foramenden çıktıktan sonra parotis bezinin içinde dallanır ve mimik kaslarına motor lif verir. Parotisin sekretomotor parasempatik lifleri ise fasiyal sinirden değil glossopharyngeal sinir-otic ganglion yolundan gelir.""}]"
v396-anatomy-retromandibular-ven,Retromandibular ven,"[""Retromandibular ven"", ""retromandibular vein"", ""vena retromandibularis""]",Anatomi / baş-boyun damar,Parotis içi damar,P2,Parotis bezi içinde oluşan ve yüzeyel temporal ile maksiller venlerin birleşimiyle ilişkili venöz yapıdır.,"Parotis içi yapı sıralaması ve cerrahi anatomi sorularında fasiyal sinir, retromandibular ven ve external karotis arter ilişkisi önemlidir.","Parotis içinden geçen başlıca yapılar fasiyal sinir dalları, retromandibular ven ve external karotis arterdir.",Fasiyal sinir motor; retromandibular ven venöz drenaj yapısıdır.,"[""Parotis bezi"", ""Fasiyal sinir"", ""External karotis arter""]",0,[]
v396-anatomy-krikotiroid-kas,Krikotiroid kas,"[""Krikotiroid kas"", ""cricothyroid muscle"", ""m. cricothyroideus""]",Anatomi / larenks,Ses teli gerici kası,P0,Vokal kordları gererek sesin incelmesine katkı veren intrinsik larenks kasıdır.,Krikotiroid kas external laringeal sinirle innerve edilir; rekürren laringeal sinirden farklı olarak bu kas istisna kabul edilir.,Rekürren laringeal sinir tüm intrinsik larenks kaslarını innerve eder; krikotiroid istisnadır.,Posterior krikoaritenoid vokal kord abdüksiyonunu sağlar ve rekürren laringeal sinirle innerve edilir.,"[""Eksternal laringeal sinir"", ""Superior laringeal sinir"", ""Rekürren laringeal sinir""]",47,"[{""sourceFilePath"": ""src/data/cases.js / src/data/tusPearlCards.js"", ""text"": ""[CASE v187-new-242-tiroid-ameliyati-sonrasi-ses-kisikligi] diagnosis.optionComparison.Nervus laryngeus superior - ramus externus: Eksternal superior laringeal dal m. cricothyroideusu innerve eder; lezyonunda özellikle ses perdesini yükseltme ve yüksek ses çıkarma bozulur. Bu olguda esas bulgu vokal fold hareket kaybı olduğu için rekürren laringeal sinir daha uygundur.""}, {""sourceFilePath"": ""src/data/cases.js / src/data/tusPearlCards.js"", ""text"": ""[CASE v187-new-242-tiroid-ameliyati-sonrasi-ses-kisikligi] diagnosis.answerFeedback.clinicalPearls[0].text: Nervus laryngeus recurrens, m. cricothyroideus dışında larenksin intrinsik kaslarını innerve eder; unilateral hasarı ses kısıklığı ve vokal fold hareket azalmasıyla ortaya çıkar.""}]"
v396-anatomy-eksternal-laringeal-sinir,Eksternal laringeal sinir,"[""Eksternal laringeal sinir"", ""external laryngeal nerve"", ""superior laringeal sinirin eksternal dalı""]",Anatomi / larenks,Motor dal,P1,Superior laringeal sinirin krikotiroid kası innerve eden motor dalıdır.,Lezyonunda sesin inceltilmesi ve yüksek frekanslı fonasyon bozulabilir; tiroid üst kutup cerrahisinde risk altındadır.,Tiroid üst pol cerrahisi + tiz ses kaybı external laringeal siniri düşündürür.,Rekürren laringeal sinir lezyonu daha çok ses kısıklığı/vokal kord paralizisiyle gider.,"[""Superior laringeal sinir"", ""Krikotiroid kas"", ""Tiroid cerrahisi""]",14,"[{""sourceFilePath"": ""src/data/cases.js / src/data/tusPearlCards.js"", ""text"": ""[CASE v175-new-109-tiroid-ameliyati-sonrasi-ses-degisikligi] diagnosis.explanation: Tiroid cerrahisi sonrası gelişen nefesli ses ve tek taraflı vokal kord hareket azalması, intrinsik larenks kaslarının çoğunu innerve eden recurrent laringeal sinir hasarıyla uyumludur. Superior laringeal sinirin eksternal dalı daha çok krikotiroit kas ve yüksek perdeli ses kontrolünü etkiler; hipoglossal, aksesuar ve glossop…""}, {""sourceFilePath"": ""src/data/cases.js / src/data/tusPearlCards.js"", ""text"": ""[CASE v175-new-109-tiroid-ameliyati-sonrasi-ses-degisikligi] diagnosis.optionComparison.Nervus laryngeus superior - ramus externus: Superior laringeal sinirin eksternal dalı krikotiroit kasını innerve eder; özellikle yüksek perdeli ses çıkarma ve sesin inceltilmesi bozulur. Tek taraflı vokal kord abduksiyon-adduksiyon kısıtlılığı bu dal için tipik değildir.""}]"
v396-anatomy-nternal-laringeal-sinir,Internal laringeal sinir,"[""Internal laringeal sinir"", ""internal laryngeal nerve"", ""superior laringeal sinirin internal dalı""]",Anatomi / larenks,Duyu dalı,P2,Superior laringeal sinirin tirohiyoid membrandan geçen ve vokal kord üstü larenks duyusunu taşıyan dalıdır.,Yabancı cisim/aspirasyon refleksleri ve supraglottik duyu için önemlidir; motor fonksiyonu external dal kadar belirgin değildir.,Vokal kord üstü duyu internal laringeal sinirle taşınır.,Vokal kord altı duyu ve çoğu intrinsik kas motoru rekürren laringeal sinirle ilişkilidir.,"[""Superior laringeal sinir"", ""Tirohiyoid membran"", ""Larenks duyusu""]",0,[]
v396-anatomy-posterior-krikoaritenoid-kas,Posterior krikoaritenoid kas,"[""Posterior krikoaritenoid kas"", ""posterior cricoarytenoid muscle"", ""m. cricoarytenoideus posterior""]",Anatomi / larenks,Vokal kord abdüktörü,P1,Vokal kordları abdukte ederek glottisi açan tek intrinsik larenks kasıdır.,Bilateral rekürren laringeal sinir hasarında posterior krikoaritenoid fonksiyonu kaybolursa hava yolu daralması gelişebilir.,Vokal kordları açan tek kas posterior krikoaritenoiddir.,Krikotiroid kas sesi gerer/inceltir ve external laringeal sinirle ilişkilidir.,"[""Rekürren laringeal sinir"", ""Vokal kord abdüksiyonu"", ""Larenks""]",0,[]
v396-anatomy-vokal-kord-abduksiyonu,Vokal kord abdüksiyonu,"[""Vokal kord abdüksiyonu"", ""vocal cord abduction"", ""glottis açılması""]",Anatomi / fonksiyon,Larenks hareketi,P1,Vokal kordların orta hattan uzaklaşarak hava yolunu açması hareketidir.,Posterior krikoaritenoid kas bu hareketi yapan tek kastır; rekürren laringeal sinir lezyonlarında solunum açısından kritik olabilir.,Vokal kord abdüksiyonu posterior krikoaritenoid kasın görevidir.,Adduksiyon fonasyonu sağlar; abdüksiyon hava yolu açıklığı için gereklidir.,"[""Posterior krikoaritenoid kas"", ""Rekürren laringeal sinir"", ""Glottis""]",3,"[{""sourceFilePath"": ""src/data/cases.js / src/data/tusPearlCards.js"", ""text"": ""[CASE ai-spot-vakasiz-secki-045-rekurren-laringeal-sinir-innervasyonu-krikotiroid] optionFeedback.M. posterior cricoarytenoideus: Yanlıştır; vokal kord abdüksiyonunu sağlayan tek kastır ve n. Laryngeus recurrens tarafından innerve edilir.""}, {""sourceFilePath"": ""src/data/cases.js / src/data/tusPearlCards.js"", ""text"": ""[CASE ai-spot-vakasiz-secki-045-rekurren-laringeal-sinir-innervasyonu-krikotiroid] diagnosis.optionComparison.M. posterior cricoarytenoideus: Yanlıştır; vokal kord abdüksiyonunu sağlayan tek kastır ve n. Laryngeus recurrens tarafından innerve edilir.""}]"
v396-anatomy-duktus-torasikus,Duktus torasikus,"[""Duktus torasikus"", ""thoracic duct"", ""ductus thoracicus"", ""torasik kanal""]",Anatomi / lenfatik sistem,Ana lenf kanalı,P0,Vücudun büyük kısmının lenfini sol venöz açıya drene eden ana lenfatik kanaldır.,Boyun cerrahisi sonrası süt görünümünde drenaj şilöz kaçak ve duktus torasikus yaralanmasını düşündürür; sağ üst kadran dışındaki geniş alanları drene eder.,Sol boyun cerrahisi sonrası süt görünümünde drenaj = duktus torasikus yaralanması.,Sağ lenfatik kanal sağ üst ekstremite/sağ toraks/sağ baş-boyun bölgesini drene eder.,"[""Sol venöz açı"", ""Şilöz kaçak"", ""Lenfatik drenaj""]",139,"[{""sourceFilePath"": ""src/data/cases.js / src/data/tusPearlCards.js"", ""text"": ""[CASE v194-new-308-boyun-cerrahisi-sonrasi-sut-gorunumunde-drenaj] diagnosis.correct: Ductus thoracicus""}, {""sourceFilePath"": ""src/data/cases.js / src/data/tusPearlCards.js"", ""text"": ""[CASE v194-new-308-boyun-cerrahisi-sonrasi-sut-gorunumunde-drenaj] diagnosis.options[2]: Ductus thoracicus""}]"
v396-anatomy-sol-venoz-aci,Sol venöz açı,"[""Sol venöz açı"", ""left venous angle"", ""sol jugulosubklavian açı""]",Anatomi / damar-lenfatik,Duktus torasikus sonlanımı,P1,Sol internal juguler ve sol subklavian venin birleşim bölgesidir.,Duktus torasikus genellikle sol venöz açıya açılır; boyun cerrahisi sonrası şilöz drenaj bu bölge komşuluğuyla ilişkilidir.,Duktus torasikus sol venöz açıya drene olur.,Sağ lenfatik kanal sağ venöz açıya açılır ve daha sınırlı alan drene eder.,"[""Duktus torasikus"", ""Şilöz kaçak"", ""Internal juguler ven""]",30,"[{""sourceFilePath"": ""src/data/cases.js / src/data/tusPearlCards.js"", ""text"": ""[CASE v194-new-308-boyun-cerrahisi-sonrasi-sut-gorunumunde-drenaj] learningTarget: Sol venöz açıya yakın lenfatik yapıların cerrahi riskini ve şilöz drenaj paternini ayırt edebilme.""}, {""sourceFilePath"": ""src/data/cases.js / src/data/tusPearlCards.js"", ""text"": ""[CASE v194-new-308-boyun-cerrahisi-sonrasi-sut-gorunumunde-drenaj] investigations[0].postAnswerExplanation: Yüksek trigliseridli süt görünümünde drenaj, sol venöz açı komşuluğundaki büyük lenfatik kanal yaralanmasını destekler.""}]"
v396-anatomy-siloz-kacak,Şilöz kaçak,"[""Şilöz kaçak"", ""chyle leak"", ""şil drenajı"", ""süt görünümünde drenaj""]",Anatomi / cerrahi komplikasyon,Lenfatik yaralanma,P1,Lenfatik sistemden trigliseridden zengin şilöz sıvının cerrahi alana kaçmasıdır.,Boyun veya toraks cerrahisi sonrası süt renginde drenaj duktus torasikus yaralanmasını düşündürür; anatomi temelli komplikasyon sorusudur.,Süt görünümünde drenaj + sol boyun cerrahisi = duktus torasikus yaralanması.,Pürülan drenaj enfeksiyonu; şilöz drenaj lenfatik yaralanmayı düşündürür.,"[""Duktus torasikus"", ""Sol venöz açı"", ""Lenfatik drenaj""]",6,"[{""sourceFilePath"": ""src/data/cases.js / src/data/tusPearlCards.js"", ""text"": ""[CASE v194-new-308-boyun-cerrahisi-sonrasi-sut-gorunumunde-drenaj] title: Boyun cerrahisi sonrası süt görünümünde drenaj""}, {""sourceFilePath"": ""src/data/cases.js / src/data/tusPearlCards.js"", ""text"": ""[CASE v194-new-308-boyun-cerrahisi-sonrasi-sut-gorunumunde-drenaj] investigations[0].result.values[1][2]: >110 mg/dL şilöz kaçak için destekleyici""}]"
v396-anatomy-pterion,Pterion,"[""Pterion"", ""pterion bölgesi""]",Anatomi / kafatası,Kraniyal zayıf nokta,P0,"Frontal, parietal, temporal ve sfenoid kemiklerin birleştiği lateral kafatası bölgesidir.",Pterion travmasında orta meningeal arter yaralanabilir ve epidural hematom gelişebilir; temporal travma sorularının klasik anatomik landmarkıdır.,Temporal travma + lucid interval/epidural hematom = pterion ve orta meningeal arter.,Subdural hematom bridging ven yaralanmasıyla daha ilişkilidir.,"[""Orta meningeal arter"", ""Epidural hematom"", ""Temporal kemik""]",27,"[{""sourceFilePath"": ""src/data/cases.js / src/data/tusPearlCards.js"", ""text"": ""[CASE v189-new-272-temporal-travma-sonrasi-bilinc-kotulesmesi] clinicalFocus: Temporal kemik travması sonrası gelişen epidural kanamayı dura-kemik aralığı, pterion komşuluğu ve meningeal damar anatomisiyle ilişkilendirme.""}, {""sourceFilePath"": ""src/data/cases.js / src/data/tusPearlCards.js"", ""text"": ""[CASE v189-new-272-temporal-travma-sonrasi-bilinc-kotulesmesi] diagnosis.explanation: Kısa süreli bilinç kaybından sonra görülen geçici toparlanma ve ardından bilinç kötüleşmesi, temporal travma sonrası hızla genişleyen epidural kanama ile uyumludur. BT’deki bikonveks ekstraaksiyel koleksiyon dura ile kalvaryum arasındaki kanamayı gösterir ve temporal bölgede pterion komşuluğunda dura üzerinde seyreden arte…""}]"
v396-anatomy-orta-meningeal-arter,Orta meningeal arter,"[""Orta meningeal arter"", ""middle meningeal artery"", ""arteria meningea media""]",Anatomi / damar,Dura arteri,P0,Maksiller arterden çıkan ve pterion komşuluğunda dura mater’i besleyen arterdir.,Pterion kırığında yırtılırsa epidural hematom gelişebilir; bikonveks kanama ve lucid interval klinik bağlamıyla sorulur.,Epidural hematomun klasik arteri orta meningeal arterdir.,Subdural kanama bridging ven; subaraknoid kanama berry anevrizma ile ilişkilidir.,"[""Pterion"", ""Epidural hematom"", ""Maksiller arter""]",37,"[{""sourceFilePath"": ""src/data/cases.js / src/data/tusPearlCards.js"", ""text"": ""[CASE v189-new-272-temporal-travma-sonrasi-bilinc-kotulesmesi] diagnosis.correct: Arteria meningea media""}, {""sourceFilePath"": ""src/data/cases.js / src/data/tusPearlCards.js"", ""text"": ""[CASE v189-new-272-temporal-travma-sonrasi-bilinc-kotulesmesi] diagnosis.options[3]: Arteria meningea media""}]"
v396-anatomy-kavernoz-sinus-icerigi,Kavernöz sinüs içeriği,"[""Kavernöz sinüs içeriği"", ""cavernous sinus contents"", ""kavernöz sinüs yapıları""]",Anatomi / kafa tabanı,Venöz sinüs komşulukları,P1,"Kavernöz sinüs içinde/duvarında internal karotis arter ve III, IV, V1, V2, VI sinirleriyle ilişkili kritik anatomik bölgedir.","Kavernöz sinüs trombozunda oftalmopleji, V1/V2 duyu bulguları ve özellikle abducens sinir tutulumu görülebilir; VI sinir sinüs içinde daha medyal seyreder.",Kavernöz sinüste en erken/kolay etkilenen sinir sıklıkla abducens sinir olarak sorulur.,Optik sinir kavernöz sinüs içeriği değildir; optik kanaldan geçer.,"[""Abducens sinir"", ""Internal karotis arter"", ""Oftalmik sinir"", ""Maksiller sinir""]",3,"[{""sourceFilePath"": ""src/data/cases.js / src/data/tusPearlCards.js"", ""text"": ""[CASE v183-new-182-yuz-enfeksiyonu-sonrasi-cift-gorme] diagnosis.answerFeedback.learningOutcome: Kavernöz sinüs içeriğini kraniyal sinir fonksiyonu, duyu dalları ve göz hareketi paternleriyle ilişkilendirebilme.""}, {""sourceFilePath"": ""src/data/cases.js / src/data/tusPearlCards.js"", ""text"": ""[CASE ai-spot-vakasiz-secki-107] listTitle: Kavernöz sinüs içeriği""}]"
v396-anatomy-oculomotor-sinir,Oculomotor sinir,"[""Oculomotor sinir"", ""okülomotor sinir"", ""oculomotor nerve"", ""CN III"", ""III. kraniyal sinir""]",Anatomi / kraniyal sinir,Göz hareketi ve parasempatik lifler,P1,"Çoğu ekstraoküler kası, levator palpebrae kasını ve pupilla parasempatik liflerini taşıyan kraniyal sinirdir.","Posterior communicating arter anevrizmasında kompresyona uğrarsa pitoz, dış-aşağı bakış ve midriyazis gelişebilir.",Pitoz + midriyazis + dış-aşağı bakış = CN III palsisi düşün.,Abducens sinir yalnız lateral rektus; trochlear sinir superior oblique kasıyla ilişkilidir.,"[""Posterior communicating arter anevrizması"", ""Pitoz"", ""Midriyazis""]",18,"[{""sourceFilePath"": ""src/data/cases.js / src/data/tusPearlCards.js"", ""text"": ""[CASE ai-spot-vakasiz-secki-107] learningTarget: Sinus cavernosus lateral duvarında CN III, IV, V1 ve V2; sinüs içinde ise arteria carotis interna ve CN VI bulunur. Nervus facialis bu anatomik bölgenin klasik içeriği değildir.""}, {""sourceFilePath"": ""src/data/cases.js / src/data/tusPearlCards.js"", ""text"": ""[CASE ai-spot-vakasiz-secki-107] coreKnowledge: Sinus cavernosus lateral duvarında CN III, IV, V1 ve V2; sinüs içinde ise arteria carotis interna ve CN VI bulunur. Nervus facialis bu anatomik bölgenin klasik içeriği değildir.""}]"
v396-anatomy-trochlear-sinir,Trochlear sinir,"[""Trochlear sinir"", ""troklear sinir"", ""trochlear nerve"", ""CN IV"", ""IV. kraniyal sinir""]",Anatomi / kraniyal sinir,Superior oblik siniri,P1,Superior oblique kasını innerve eden ve dorsal beyin sapından çıkan kraniyal sinirdir.,Lezyonunda özellikle aşağı-içe bakış bozulur; merdiven inerken diplopi yakınması klasik olabilir.,Aşağı-içe bakış bozukluğu superior oblique/trochlear sinir bilgisini gerektirir.,Abducens lateral rektus; oculomotor diğer çoğu ekstraoküler kasla ilişkilidir.,"[""Superior oblique kas"", ""Diplopi"", ""Kraniyal sinirler""]",26,"[{""sourceFilePath"": ""src/data/cases.js / src/data/tusPearlCards.js"", ""text"": ""[CASE v183-new-182-yuz-enfeksiyonu-sonrasi-cift-gorme] diagnosis.options[2]: Troklear sinir""}, {""sourceFilePath"": ""src/data/cases.js / src/data/tusPearlCards.js"", ""text"": ""[CASE v183-new-182-yuz-enfeksiyonu-sonrasi-cift-gorme] diagnosis.optionComparison.Troklear sinir: Troklear sinir superior oblik kasını innerve eder; aşağı-içe bakışta zorlanma ve merdiven inerken artan vertikal diplopi tipiktir. Bu hastadaki horizontal diplopi ve lateral bakış kısıtlılığı bu dağılıma uymaz.""}]"
v396-anatomy-oftalmik-sinir,Oftalmik sinir,"[""Oftalmik sinir"", ""ophthalmic nerve"", ""V1"", ""CN V1"", ""nervus ophthalmicus""]",Anatomi / trigeminal sinir,Trigeminal duyu dalı,P1,"Trigeminal sinirin alın, kornea ve burun üst bölgesi duyusunu taşıyan dalıdır.",Kavernöz sinüs lateral duvarından ve superior orbital fissürden geçer; kornea refleksinin afferent kolu V1 ile ilişkilidir.,"Kornea refleksi afferenti V1, efferenti fasiyal sinirdir.",Maksiller sinir V2 orta yüz; mandibular sinir V3 alt yüz ve çiğneme kaslarıyla ilişkilidir.,"[""Kavernöz sinüs"", ""Superior orbital fissür"", ""Kornea refleksi""]",9,"[{""sourceFilePath"": ""src/data/cases.js / src/data/tusPearlCards.js"", ""text"": ""[CASE ai-spot-vakasiz-secki-078] options[3].text: Nervus ophthalmicus""}, {""sourceFilePath"": ""src/data/cases.js / src/data/tusPearlCards.js"", ""text"": ""[CASE ai-spot-vakasiz-secki-078] optionFeedback.Nervus ophthalmicus: Yanlış. N. Ophthalmicus lateral duvarda bulunan trigeminal dalıdır.""}]"
v396-anatomy-maksiller-sinir,Maksiller sinir,"[""Maksiller sinir"", ""maxillary nerve"", ""V2"", ""CN V2"", ""nervus maxillaris""]",Anatomi / trigeminal sinir,Trigeminal duyu dalı,P1,"Trigeminal sinirin orta yüz, üst çene ve maksiller dişlerle ilişkili saf duyu dalıdır.",Kavernöz sinüs lateral duvarından ve foramen rotundumdan geçer; V2 duyu kaybı kavernöz sinüs ve kafa tabanı lokalizasyonlarında önemlidir.,Foramen rotundumdan V2 geçer.,"V1 superior orbital fissür, V3 foramen ovale ile ayrılır.","[""Foramen rotundum"", ""Kavernöz sinüs"", ""Trigeminal sinir""]",9,"[{""sourceFilePath"": ""src/data/cases.js / src/data/tusPearlCards.js"", ""text"": ""[CASE ai-spot-vakasiz-secki-078] options[4].text: Nervus maxillaris""}, {""sourceFilePath"": ""src/data/cases.js / src/data/tusPearlCards.js"", ""text"": ""[CASE ai-spot-vakasiz-secki-078] optionFeedback.Nervus maxillaris: Yanlış. N. Maxillaris lateral duvarla ilişkilidir, sinüs lümeninde arterle birlikte seyreden sinir değildir.""}]"
v396-anatomy-mandibular-sinir,Mandibular sinir,"[""Mandibular sinir"", ""mandibular nerve"", ""V3"", ""CN V3"", ""nervus mandibularis""]",Anatomi / trigeminal sinir,Duyu ve motor dal,P1,Trigeminal sinirin alt yüz duyusu ve çiğneme kaslarının motor innervasyonunu taşıyan dalıdır.,"Foramen ovaleden geçer; çiğneme kasları, auriculotemporal sinir ve alt çene duyusu sorularında ana daldır.",Foramen ovale = V3 geçişi olarak ezberlenir.,V1 ve V2 saf duyu ağırlıklıyken V3 motor lif de taşır.,"[""Foramen ovale"", ""Çiğneme kasları"", ""Auriculotemporal sinir""]",4,"[{""sourceFilePath"": ""src/data/cases.js / src/data/tusPearlCards.js"", ""text"": ""[CASE ai-spot-vakasiz-secki-125] explanation: Doğru cevap A’dır. Recurrent laryngeal sinir tiroid cerrahisi ve boyun cerrahisi açısından kritik anatomik yapıdır. Bu sinir larenksin intrinsik kaslarının çoğunu innerve eder; istisna m. Cricothyroideus olup external laryngeal sinir tarafından innerve edilir. Recurrent laryngeal sinir hasarında vokal kord abdüksiyon/adduksiyon fonksiyonları etkilenir ve ses kıs…""}, {""sourceFilePath"": ""src/data/cases.js / src/data/tusPearlCards.js"", ""text"": ""[CASE ai-spot-vakasiz-secki-125] diagnosis.explanation: Doğru cevap A’dır. Recurrent laryngeal sinir tiroid cerrahisi ve boyun cerrahisi açısından kritik anatomik yapıdır. Bu sinir larenksin intrinsik kaslarının çoğunu innerve eder; istisna m. Cricothyroideus olup external laryngeal sinir tarafından innerve edilir. Recurrent laryngeal sinir hasarında vokal kord abdüksiyon/adduksiyon fonksiyonları etkilenir …""}]"
v396-anatomy-superior-orbital-fissur,Superior orbital fissür,"[""Superior orbital fissür"", ""superior orbital fissure"", ""fissura orbitalis superior""]",Anatomi / kafa tabanı,Orbita geçişi,P1,Sfenoid kemikte orbita ile orta kraniyal fossa arasındaki ana sinir geçiş açıklığıdır.,"III, IV, V1 ve VI sinirleri buradan orbitaya geçer; optik sinir ise optik kanaldan geçtiği için ayırt edilmelidir.","Superior orbital fissürden III, IV, V1, VI geçer; optik sinir optik kanaldan geçer.",Foramen rotundum V2; foramen ovale V3; foramen spinosum orta meningeal arterdir.,"[""Oculomotor sinir"", ""Trochlear sinir"", ""Oftalmik sinir"", ""Abducens sinir""]",0,[]
v396-anatomy-optik-kanal,Optik kanal,"[""Optik kanal"", ""optic canal"", ""canalis opticus""]",Anatomi / kafa tabanı,Orbita geçişi,P1,Optik sinir ve oftalmik arterin orbitaya geçtiği sfenoid kemik kanalıdır.,"Superior orbital fissürle karıştırılmamalıdır; optik sinir kavernöz sinüs içeriği değil, optik kanaldan geçen yapıdır.",Optik kanal = CN II + oftalmik arter.,"Superior orbital fissür III, IV, V1, VI geçişidir.","[""Optik sinir"", ""Oftalmik arter"", ""Superior orbital fissür""]",0,[]
v396-anatomy-foramen-rotundum,Foramen rotundum,"[""Foramen rotundum"", ""yuvarlak delik"", ""foramen rotundumdan geçen yapı""]",Anatomi / kafa tabanı,Trigeminal geçiş,P1,Sfenoid kemikte V2 yani maksiller sinirin geçtiği kraniyal foramendir.,Kafa tabanı foramen sorularında V2 ile eşleştirilir; trigeminal dalların geçiş yerlerini ayırmada kullanılır.,Foramen rotundumdan V2 geçer.,Foramen ovale V3; foramen spinosum orta meningeal arterdir.,"[""Maksiller sinir"", ""Trigeminal sinir"", ""Kafa tabanı foramenleri""]",12,"[{""sourceFilePath"": ""src/data/cases.js / src/data/tusPearlCards.js"", ""text"": ""[CASE ai-spot-vakasiz-secki-005-kafa-tabani-foramenleri] options[0].text: Foramen rotundum — n. Maxillaris""}, {""sourceFilePath"": ""src/data/cases.js / src/data/tusPearlCards.js"", ""text"": ""[CASE ai-spot-vakasiz-secki-005-kafa-tabani-foramenleri] explanation: Foramen rotundumdan n. Maxillaris, foramen ovaleden n. Mandibularis, foramen spinosumdan a. Meningea media ve canalis hypoglossiden n. Hypoglossus geçer. N. Facialis foramen lacerumdan değil foramen stylomastoideumdan çıkar. Facialis iç kulak yolu ve canalis facialis üzerinden ilerleyip foramen stylomastoideumdan çıkar; foramen lacerumdan…""}]"
v396-anatomy-foramen-spinosum,Foramen spinosum,"[""Foramen spinosum"", ""spinosum deliği"", ""foramen spinosumdan geçen yapı""]",Anatomi / kafa tabanı,Dura arteri geçişi,P1,Orta meningeal arterin kraniyal boşluğa girdiği sfenoid kemik foramendir.,Epidural hematom anatomi sorularında orta meningeal arter ve foramen spinosum birlikte hatırlanır.,Foramen spinosum = orta meningeal arter.,Foramen ovale V3; foramen rotundum V2 geçişidir.,"[""Orta meningeal arter"", ""Pterion"", ""Epidural hematom""]",18,"[{""sourceFilePath"": ""src/data/cases.js / src/data/tusPearlCards.js"", ""text"": ""[CASE v189-new-272-temporal-travma-sonrasi-bilinc-kotulesmesi] diagnosis.optionComparison.Arteria meningea media: Arteria meningea media foramen spinosumdan kraniyuma girer, dura ile temporal kemik iç yüzü arasında seyreder ve pterion komşuluğunda yüzeyseldir. Temporal kırıkla yırtılması klasik lens şeklinde epidural hematom oluşturur.""}, {""sourceFilePath"": ""src/data/cases.js / src/data/tusPearlCards.js"", ""text"": ""[CASE v189-new-272-temporal-travma-sonrasi-bilinc-kotulesmesi] diagnosis.answerFeedback.optionComparison.Arteria meningea media: Arteria meningea media foramen spinosumdan kraniyuma girer, dura ile temporal kemik iç yüzü arasında seyreder ve pterion komşuluğunda yüzeyseldir. Temporal kırıkla yırtılması klasik lens şeklinde epidural hematom oluşturur.""}]"
v396-anatomy-jugular-foramen,Jugular foramen,"[""Jugular foramen"", ""foramen jugulare"", ""juguler foramen""]",Anatomi / kafa tabanı,Kraniyal sinir geçişi,P1,"Glossopharyngeal, vagus ve aksesuar sinirlerin geçtiği kafa tabanı foramendir.","Yutma, ses kısıklığı ve sternokleidomastoid/trapezius zayıflığı birlikteliği IX-X-XI lokalizasyonu ve jugular foramen sendromunu düşündürebilir.","Jugular foramen = CN IX, X, XI.",Hipoglossal kanal CN XII; internal akustik kanal VII-VIII ile ilişkilidir.,"[""Glossopharyngeal sinir"", ""Vagus siniri"", ""Aksesuar sinir""]",0,[]
v396-anatomy-hipoglossal-kanal,Hipoglossal kanal,"[""Hipoglossal kanal"", ""hypoglossal canal"", ""canalis nervi hypoglossi""]",Anatomi / kafa tabanı,CN XII geçişi,P1,Hipoglossal sinirin kafatasından çıktığı oksipital kemik kanalıdır.,Dil deviasyonu ve dil kası motor bulguları CN XII ve hipoglossal kanal anatomisiyle ilişkilidir.,Hipoglossal kanal = CN XII.,Jugular foramen IX-X-XI; foramen magnum medulla/spinal kökler ve vertebral arterlerle ilişkilidir.,"[""Hipoglossal sinir"", ""Dil deviasyonu"", ""Kafa tabanı foramenleri""]",0,[]
v396-anatomy-cribriform-plak,Cribriform plak,"[""Cribriform plak"", ""cribriform plate"", ""lamina cribrosa"", ""kalburumsu lamina""]",Anatomi / kafa tabanı,Olfaktor lif geçişi,P1,Etmoid kemiğin olfaktor sinir liflerinin geçtiği delikli üst lamina bölümüdür.,Kafa tabanı kırıklarında anosmi ve BOS rinore ile ilişkilidir; olfaktor liflerin geçişi nedeniyle koku duyusu etkilenebilir.,Cribriform plak hasarı anosmi + BOS rinore yapabilir.,Optik kanal görme siniri; cribriform plak olfaktor liflerle ilişkilidir.,"[""Olfaktor sinir"", ""BOS rinore"", ""Kafa tabanı kırığı""]",0,[]
v396-anatomy-posterior-communicating-arter-anevrizmasi,Posterior communicating arter anevrizması,"[""Posterior communicating arter anevrizması"", ""PCom anevrizması"", ""posterior communicating artery aneurysm""]",Anatomi / nörovasküler,CN III komşuluğu,P0,Posterior communicating arter bölgesindeki anevrizmanın oculomotor sinire bası yapabildiği nörovasküler ilişkidir.,CN III parasempatik lifleri yüzeyel seyrettiği için basıda midriyazis ve pitoz gibi bulgular belirginleşebilir.,PCom anevrizması + ağrılı CN III palsisi + midriyazis yüksek uyarıcıdır.,Diyabetik CN III palsisinde pupilla genellikle korunabilir; kompresif anevrizmada pupilla tutulumu önemlidir.,"[""Oculomotor sinir"", ""Pitoz"", ""Midriyazis""]",6,"[{""sourceFilePath"": ""src/data/cases.js / src/data/tusPearlCards.js"", ""text"": ""[CARD tus-pearl-anatomy-127-spot] topic: posterior communicating arter anevrizması""}, {""sourceFilePath"": ""src/data/cases.js / src/data/tusPearlCards.js"", ""text"": ""[CARD tus-pearl-anatomy-127-spot] back: Posterior communicating arter anevrizması.""}]"
v396-anatomy-pitoz,Pitoz,"[""Pitoz"", ""ptozis"", ""ptosis"", ""göz kapağı düşüklüğü""]",Anatomi / klinik bulgu,Levator/patik yol bulgusu,P2,Üst göz kapağının normalden aşağıda durmasıdır.,Oculomotor sinir lezyonunda levator palpebrae fonksiyonu azalır; Horner sendromunda sempatik denervasyonla daha hafif pitoz gelişebilir.,Pitoz + midriyazis CN III basısını; pitoz + miyozis Horner sendromunu düşündürür.,Fasiyal sinir lezyonu göz kapatmada güçlük yapar; pitoz değildir.,"[""Oculomotor sinir"", ""Levator palpebrae"", ""Horner sendromu""]",28,"[{""sourceFilePath"": ""src/data/cases.js / src/data/tusPearlCards.js"", ""text"": ""[CASE v183-new-182-yuz-enfeksiyonu-sonrasi-cift-gorme] exam[3]: Sağ alın ve kornea duyusunda hafif azalma vardır; belirgin pitozis veya pupilla dilatasyonu izlenmez.""}, {""sourceFilePath"": ""src/data/cases.js / src/data/tusPearlCards.js"", ""text"": ""[CASE v183-new-182-yuz-enfeksiyonu-sonrasi-cift-gorme] diagnosis.optionComparison.Okulomotor sinir: Okulomotor sinir medial, superior ve inferior rektuslar ile inferior oblik ve levator palpebrae kaslarını innerve eder; ptosis, midriyazis veya çok yönlü göz hareket kısıtlılığı beklenir. İzole lateral bakışta abduksiyon kaybı okulomotor patern değildir.""}]"
v396-anatomy-midriyazis,Midriyazis,"[""Midriyazis"", ""mydriasis"", ""pupilla dilatasyonu"", ""geniş pupilla""]",Anatomi / klinik bulgu,Pupilla parasempatik kaybı,P2,Pupillanın genişlemiş durumda olmasıdır.,Oculomotor sinirin parasempatik liflerinin kompresyonunda ışık refleksi azalabilir ve midriyazis gelişir; anevrizma basısı açısından kritik ipucudur.,CN III palsisinde pupilla tutulumu kompresif lezyon lehinedir.,Miyozis sempatik yol kaybı veya kolinerjik etkiyle ayrılır.,"[""Oculomotor sinir"", ""Posterior communicating arter anevrizması"", ""Pupilla ışık refleksi""]",32,"[{""sourceFilePath"": ""src/data/cases.js / src/data/tusPearlCards.js"", ""text"": ""[CASE v183-new-182-yuz-enfeksiyonu-sonrasi-cift-gorme] exam[3]: Sağ alın ve kornea duyusunda hafif azalma vardır; belirgin pitozis veya pupilla dilatasyonu izlenmez.""}, {""sourceFilePath"": ""src/data/cases.js / src/data/tusPearlCards.js"", ""text"": ""[CASE v183-new-182-yuz-enfeksiyonu-sonrasi-cift-gorme] diagnosis.optionComparison.Okulomotor sinir: Okulomotor sinir medial, superior ve inferior rektuslar ile inferior oblik ve levator palpebrae kaslarını innerve eder; ptosis, midriyazis veya çok yönlü göz hareket kısıtlılığı beklenir. İzole lateral bakışta abduksiyon kaybı okulomotor patern değildir.""}]"
v396-anatomy-pterigoid-venoz-pleksus,Pterigoid venöz pleksus,"[""Pterigoid venöz pleksus"", ""pterygoid venous plexus"", ""plexus venosus pterygoideus""]",Anatomi / venöz drenaj,Derin yüz venleri,P1,İnfratemporal fossada bulunan ve yüz venleri ile kavernöz sinüs arasında bağlantılar kurabilen venöz pleksustur.,Yüz enfeksiyonlarının emissary venler üzerinden kavernöz sinüse yayılma mantığını açıklamada önemlidir.,Yüz enfeksiyonu → oftalmik/pterigoid ven bağlantıları → kavernöz sinüs trombozu olabilir.,Yüzeyel yüz veni doğrudan; pterigoid pleksus derin yüz bağlantısıdır.,"[""Kavernöz sinüs"", ""Tehlikeli yüz üçgeni"", ""Oftalmik ven""]",0,[]
v396-anatomy-tehlikeli-yuz-ucgeni,Tehlikeli yüz üçgeni,"[""Tehlikeli yüz üçgeni"", ""danger triangle of face"", ""yüzün tehlikeli üçgeni""]",Anatomi / venöz yayılım,Kavernöz sinüs bağlantısı,P1,"Burun kökü ve ağız köşeleri arasında kalan, venöz bağlantılar nedeniyle enfeksiyon yayılımı açısından önemli yüz bölgesidir.",Kapaksız venöz bağlantılar enfeksiyonun kavernöz sinüse yayılmasına zemin hazırlayabilir; çift görme ve kraniyal sinir bulguları gelişebilir.,Yüz enfeksiyonu + diplopi = kavernöz sinüs yayılımı düşün.,Lokal selülitten farkı kraniyal sinir ve orbital bulgularla komplike olabilmesidir.,"[""Kavernöz sinüs"", ""Oftalmik ven"", ""Pterigoid venöz pleksus""]",4,"[{""sourceFilePath"": ""src/data/cases.js / src/data/tusPearlCards.js"", ""text"": ""[CARD tus-pearl-anatomy-191-spot] keywords[0]: tehlikeli yüz üçgeni""}, {""sourceFilePath"": ""src/data/cases.js / src/data/tusPearlCards.js"", ""text"": ""[CARD tus-pearl-anatomy-191-spot] tusTip: Tehlikeli yüz üçgeni + kapakçıksız venler + oftalmik ven bağlantısı = kavernöz sinüs riski.""}]"
v396-anatomy-calot-ucgeni,Calot üçgeni,"[""Calot üçgeni"", ""hepatosistik üçgen"", ""cystohepatic triangle"", ""Calot triangle""]",Anatomi / hepatobilier,Kolesistektomi landmarkı,P0,"Sistik kanal, common hepatic duct ve karaciğer alt yüzü arasında tanımlanan kolesistektomi açısından kritik üçgendir.",Laparoskopik kolesistektomide sistik arter ve sistik kanal güvenli diseksiyon için bu bölgede tanınır; yanlış yapı kesilmesi safra yolu yaralanması yapabilir.,Kolesistektomide kritik güvenlik anatomisi Calot/hepatosistik üçgen üzerinden kurulur.,Eski tanımda alt sınır sistik arter olarak verilebilir; modern cerrahi pratikte hepatosistik üçgen kullanılır.,"[""Sistik arter"", ""Sistik kanal"", ""Common hepatic duct""]",39,"[{""sourceFilePath"": ""src/data/cases.js / src/data/tusPearlCards.js"", ""text"": ""[CASE v184-new-200-laparoskopik-kolesistektomi-sirasinda-anatomik-alan] learningTarget: Hepatosistik üçgen sınırlarını, cystic artery içeriğini ve ana safra yolu komşuluklarını karıştırmadan tanımlayabilme.""}, {""sourceFilePath"": ""src/data/cases.js / src/data/tusPearlCards.js"", ""text"": ""[CASE v184-new-200-laparoskopik-kolesistektomi-sirasinda-anatomik-alan] investigations[0].postAnswerExplanation: Modern hepatosistik üçgen, ductus cysticus, ductus hepaticus communis ve karaciğerin inferior kenarı ile sınırlanır; cystic artery genellikle bu alanın içeriği olarak güvenli görüş sırasında tanımlanır.""}]"
v396-anatomy-sistik-arter,Sistik arter,"[""Sistik arter"", ""cystic artery"", ""arteria cystica""]",Anatomi / hepatobilier damar,Safra kesesi arteri,P1,Safra kesesini besleyen ve çoğunlukla sağ hepatik arterden çıkan arterdir.,Calot üçgeninde bulunur; kolesistektomide güvenli şekilde kliplenmesi gereken ana vasküler yapıdır.,Sistik arter genellikle sağ hepatik arterden çıkar ve Calot üçgeninde aranır.,Common hepatic arter daha proksimal ana arterdir; sistik arter safra kesesine özgü dal olarak sorulur.,"[""Calot üçgeni"", ""Sağ hepatik arter"", ""Safra kesesi""]",29,"[{""sourceFilePath"": ""src/data/cases.js / src/data/tusPearlCards.js"", ""text"": ""[CASE v184-new-200-laparoskopik-kolesistektomi-sirasinda-anatomik-alan] learningTarget: Hepatosistik üçgen sınırlarını, cystic artery içeriğini ve ana safra yolu komşuluklarını karıştırmadan tanımlayabilme.""}, {""sourceFilePath"": ""src/data/cases.js / src/data/tusPearlCards.js"", ""text"": ""[CASE v184-new-200-laparoskopik-kolesistektomi-sirasinda-anatomik-alan] investigations[0].postAnswerExplanation: Modern hepatosistik üçgen, ductus cysticus, ductus hepaticus communis ve karaciğerin inferior kenarı ile sınırlanır; cystic artery genellikle bu alanın içeriği olarak güvenli görüş sırasında tanımlanır.""}]"
v396-anatomy-sistik-kanal,Sistik kanal,"[""Sistik kanal"", ""cystic duct"", ""ductus cysticus""]",Anatomi / hepatobilier kanal,Safra kesesi kanalı,P1,Safra kesesini common hepatic duct ile birleştirerek common bile duct oluşumuna katılan kanaldır.,Kolesistektomide sistik kanal doğru tanınmalıdır; common bile duct ile karıştırılması ciddi safra yolu yaralanmasına neden olabilir.,Sistik kanal safra kesesini ana safra yoluna bağlar.,Common hepatic duct karaciğerden gelen safrayı taşır; sistik kanal safra kesesiyle ilişkilidir.,"[""Calot üçgeni"", ""Common hepatic duct"", ""Safra kesesi""]",39,"[{""sourceFilePath"": ""src/data/cases.js / src/data/tusPearlCards.js"", ""text"": ""[CASE v184-new-200-laparoskopik-kolesistektomi-sirasinda-anatomik-alan] investigations[0].postAnswerExplanation: Modern hepatosistik üçgen, ductus cysticus, ductus hepaticus communis ve karaciğerin inferior kenarı ile sınırlanır; cystic artery genellikle bu alanın içeriği olarak güvenli görüş sırasında tanımlanır.""}, {""sourceFilePath"": ""src/data/cases.js / src/data/tusPearlCards.js"", ""text"": ""[CASE v184-new-200-laparoskopik-kolesistektomi-sirasinda-anatomik-alan] investigations[0].explanationAfterAnswer: Modern hepatosistik üçgen, ductus cysticus, ductus hepaticus communis ve karaciğerin inferior kenarı ile sınırlanır; cystic artery genellikle bu alanın içeriği olarak güvenli görüş sırasında tanımlanır.""}]"
v396-anatomy-common-hepatic-duct,Common hepatic duct,"[""Common hepatic duct"", ""ortak hepatik kanal"", ""ductus hepaticus communis""]",Anatomi / hepatobilier kanal,Karaciğer safra kanalı,P1,"Sağ ve sol hepatik kanalların birleşmesiyle oluşan, karaciğer safrasını taşıyan kanaldır.",Sistik kanal ile birleşince common bile duct oluşur; kolesistektomide sistik kanal ile karıştırılmaması gerekir.,Common hepatic duct + sistik kanal birleşimi common bile duct oluşturur.,Common bile duct daha distal ana safra kanalıdır; common hepatic duct sistik kanal öncesidir.,"[""Sistik kanal"", ""Calot üçgeni"", ""Common bile duct""]",31,"[{""sourceFilePath"": ""src/data/cases.js / src/data/tusPearlCards.js"", ""text"": ""[CASE v184-new-200-laparoskopik-kolesistektomi-sirasinda-anatomik-alan] investigations[0].postAnswerExplanation: Modern hepatosistik üçgen, ductus cysticus, ductus hepaticus communis ve karaciğerin inferior kenarı ile sınırlanır; cystic artery genellikle bu alanın içeriği olarak güvenli görüş sırasında tanımlanır.""}, {""sourceFilePath"": ""src/data/cases.js / src/data/tusPearlCards.js"", ""text"": ""[CASE v184-new-200-laparoskopik-kolesistektomi-sirasinda-anatomik-alan] investigations[0].explanationAfterAnswer: Modern hepatosistik üçgen, ductus cysticus, ductus hepaticus communis ve karaciğerin inferior kenarı ile sınırlanır; cystic artery genellikle bu alanın içeriği olarak güvenli görüş sırasında tanımlanır.""}]"
v396-anatomy-marginal-arter,Marginal arter,"[""Marginal arter"", ""Drummond marginal arteri"", ""marginal artery of Drummond""]",Anatomi / abdominal damar,Kolon kollateral dolaşımı,P2,Kolon boyunca SMA ve IMA dalları arasında kollateral bağlantı sağlayan arteriyel arkaddır.,Kolon iskemisi ve cerrahi rezeksiyonlarda kollateral dolaşım kapasitesini belirler; watershed alanlarda yetersiz kalabilir.,Marginal arter kolonun SMA-IMA kollateral hattıdır.,Arc of Riolan daha merkezi bir kollateral bağlantı olarak ayrı düşünülebilir.,"[""SMA alanı"", ""IMA alanı"", ""Watershed alan""]",0,[]
v396-anatomy-sudeck-noktasi,Sudeck noktası,"[""Sudeck noktası"", ""Sudeck point"", ""rektosigmoid watershed alanı""]",Anatomi / vasküler sınır,Kolon iskemisi,P1,Sigmoid arter dalları ile superior rektal arter arasındaki kollateralin zayıf olabildiği rektosigmoid bölgedir.,Rektosigmoid bileşke iskemik kolit açısından hassas watershed bölgelerden biridir; IMA distal dağılımını anlamada kullanılır.,Sudeck noktası rektosigmoid watershed bölge olarak sorulabilir.,Splenik fleksura Griffith noktasıdır; Sudeck noktası rektosigmoid alandadır.,"[""İnferior mezenterik arter alanı"", ""Watershed alan"", ""Griffith noktası""]",0,[]
v396-anatomy-ureter-uterin-arter-iliskisi,Üreter-uterin arter ilişkisi,"[""Üreter-uterin arter ilişkisi"", ""üreter uterin arterin altından geçer"", ""water under the bridge"", ""su köprünün altından geçer""]",Anatomi / pelvis,Cerrahi komşuluk,P0,Kadın pelvisinde üreterin uterin arterin altından geçtiğini anlatan klasik anatomik ilişkidir.,Histerektomi ve pelvik cerrahide uterin arter bağlanırken üreter yaralanabilir; “water under the bridge” bu ilişkiyi hatırlatır.,Histerektomide risk: üreter uterin arterin altından geçer.,Ovaryan arter infundibulopelvik ligamentte seyreder; uterin arter kardinal ligament çevresindedir.,"[""Üreter"", ""Uterin arter"", ""Kardinal ligament""]",5,"[{""sourceFilePath"": ""src/data/cases.js / src/data/tusPearlCards.js"", ""text"": ""[CASE v166-new-037-pelvik-cerrahide-riskli-yapi] diagnosis.pearls[0].text: Kadın pelvisinde “water under the bridge”: üreter, serviks lateralinde uterin arterin altından geçer; histerektomide uterin arter bağlanırken korunmalıdır.""}, {""sourceFilePath"": ""src/data/cases.js / src/data/tusPearlCards.js"", ""text"": ""[CASE v166-new-037-pelvik-cerrahide-riskli-yapi] diagnosis.answerFeedback.examPearl: Kadın pelvisinde “water under the bridge”: üreter, serviks lateralinde uterin arterin altından geçer; histerektomide uterin arter bağlanırken korunmalıdır.""}]"
v396-anatomy-ureter,Üreter,"[""Üreter"", ""ureter""]",Anatomi / pelvis-üriner sistem,İdrar iletim kanalı,P2,Böbrek pelvisinden mesaneye idrar taşıyan retroperitoneal musküler kanaldır.,"Pelvis cerrahisinde uterin arter, infundibulopelvik ligament ve pelvik yan duvar komşulukları nedeniyle yaralanma riski taşır.",Pelvik cerrahide üreterin damarlarla ilişkisi sık sorulur.,Üretra mesaneden dışarı idrarı taşır; üreter böbrekten mesaneye taşır.,"[""Üreter-uterin arter ilişkisi"", ""Uterin arter"", ""Retroperitoneal yapı""]",45,"[{""sourceFilePath"": ""src/data/cases.js / src/data/tusPearlCards.js"", ""text"": ""[CASE v166-new-037-pelvik-cerrahide-riskli-yapi] diagnosis.correct: Üreter""}, {""sourceFilePath"": ""src/data/cases.js / src/data/tusPearlCards.js"", ""text"": ""[CASE v166-new-037-pelvik-cerrahide-riskli-yapi] diagnosis.options[1]: Üreter""}]"
v396-anatomy-uterin-arter,Uterin arter,"[""Uterin arter"", ""uterine artery"", ""arteria uterina""]",Anatomi / pelvis damar,İç iliak arter dalı,P1,İç iliak arterden çıkan ve uterus kanlanmasını sağlayan arterdir.,Üreterin üzerinden geçer; histerektomi sırasında bağlanırken üreterin korunması gerekir.,Uterin arter üreterin üstünden geçer: “water under the bridge”.,Ovaryan arter aortadan çıkar ve over kanlanmasıyla ilişkilidir.,"[""Üreter-uterin arter ilişkisi"", ""Kardinal ligament"", ""İç iliak arter""]",82,"[{""sourceFilePath"": ""src/data/cases.js / src/data/tusPearlCards.js"", ""text"": ""[CASE v166-new-037-pelvik-cerrahide-riskli-yapi] clinicalFocus: Histerektomi planlanan hastada uterin arter pedikülü çevresindeki topografik komşuluğu cerrahi güvenlik açısından yorumlama.""}, {""sourceFilePath"": ""src/data/cases.js / src/data/tusPearlCards.js"", ""text"": ""[CASE v166-new-037-pelvik-cerrahide-riskli-yapi] investigations[0].result.interpretation: Cerrahi risk, uterin arter pedikülünün serviks lateralindeki topografik komşulukları nedeniyle önem taşır.""}]"
v396-anatomy-kardinal-ligament,Kardinal ligament,"[""Kardinal ligament"", ""transvers servikal ligament"", ""cardinal ligament"", ""Mackenrodt ligamenti""]",Anatomi / pelvis bağları,Uterus desteği,P1,"Serviks ve üst vajinayı lateral pelvik duvara bağlayan, uterin damarları taşıyan destek yapıdır.",Histerektomi sırasında uterin arter ve üreter komşuluğu nedeniyle kardinal ligament bölgesi cerrahi açıdan önemlidir.,Kardinal ligament uterin damarların geçtiği temel uterin destek yapılarındandır.,Uterosakral ligament serviksi sakruma doğru destekler; kardinal ligament lateral destektir.,"[""Uterin arter"", ""Üreter"", ""Uterus desteği""]",0,[]
v396-anatomy-uterosakral-ligament,Uterosakral ligament,"[""Uterosakral ligament"", ""uterosacral ligament"", ""ligamentum uterosacrale""]",Anatomi / pelvis bağları,Uterus desteği,P2,Serviksi sakruma doğru destekleyen pelvik bağ yapısıdır.,Pelvik organ prolapsusu ve uterus destek mekanizmalarında kardinal ligamentle birlikte değerlendirilir.,Uterus desteğinde kardinal + uterosakral ligament ikilisi kliniktir.,Round ligament uterus pozisyonuna katkı verir; temel apikal destek kardinal/uterosakral sistemdir.,"[""Kardinal ligament"", ""Pelvik organ prolapsusu"", ""Serviks""]",0,[]
v396-anatomy-retropubik-alan,Retropubik alan,"[""Retropubik alan"", ""Retzius boşluğu"", ""space of Retzius"", ""retropubic space""]",Anatomi / pelvis,Cerrahi boşluk,P2,"Pubis arkasında, mesane önünde yer alan ekstraperitoneal cerrahi boşluktur.","Ürojinekolojik cerrahi, mesane ve pubis komşuluğu ile ilgili sorularda retropubik alan anatomisi önemlidir.",Retropubik alan pubis ile mesane arasındaki ekstraperitoneal boşluktur.,Prevezikal alan ile ilişkilidir; intraperitoneal boşluk değildir.,"[""Mesane"", ""Pubis"", ""Ekstraperitoneal alan""]",0,[]
v396-anatomy-iskial-spine,İskial spine,"[""İskial spine"", ""ischial spine"", ""spina ischiadica"", ""iskial diken""]",Anatomi / pelvis,Pudendal blok landmarkı,P1,Sakrospinöz ligamentin tutunduğu ve pudendal sinir bloğunda kullanılan pelvik kemik çıkıntısıdır.,Doğum analjezisi veya pudendal blokta iğne lokalizasyonu için iskial spine palpe edilir; pudendal sinir bu bölge komşuluğunda seyreder.,Pudendal blok landmarkı iskial spine/sakrospinöz ligament çevresidir.,İskial tuberositas oturma çıkıntısıdır; iskial spine pudendal blok landmarkıdır.,"[""Pudendal sinir"", ""Sakrospinöz ligament"", ""Pudendal kanal""]",41,"[{""sourceFilePath"": ""src/data/cases.js / src/data/tusPearlCards.js"", ""text"": ""[CASE v194-new-306-dogum-analjezisi-sonrasi-perineal-uyusma] diagnosis.correct: Spina ischiadica""}, {""sourceFilePath"": ""src/data/cases.js / src/data/tusPearlCards.js"", ""text"": ""[CASE v194-new-306-dogum-analjezisi-sonrasi-perineal-uyusma] diagnosis.options[3]: Spina ischiadica""}]"
v396-anatomy-sakrospinoz-ligament,Sakrospinöz ligament,"[""Sakrospinöz ligament"", ""sacrospinous ligament"", ""ligamentum sacrospinale""]",Anatomi / pelvis bağı,Pudendal sinir komşuluğu,P1,Sakrumdan iskial spine’a uzanan pelvik bağdır.,Pudendal sinir iskial spine ve sakrospinöz ligament yakınından geçer; doğum analjezisi ve pudendal sinir bloğunda kullanılır.,Pudendal blokta iskial spine + sakrospinöz ligament ilişkisinden yararlanılır.,Sakrotüberöz ligament iskial tuberositasa uzanır ve farklı sınır oluşturur.,"[""İskial spine"", ""Pudendal sinir"", ""Pudendal blok""]",32,"[{""sourceFilePath"": ""src/data/cases.js / src/data/tusPearlCards.js"", ""text"": ""[CASE v194-new-306-dogum-analjezisi-sonrasi-perineal-uyusma] clinicalFocus: Doğum eyleminde perineal analjezi sağlayan sinir bloğunu pelvik kemik landmarkı, sakrospinöz ligament komşuluğu ve perineal duyu dağılımıyla eşleştirme.""}, {""sourceFilePath"": ""src/data/cases.js / src/data/tusPearlCards.js"", ""text"": ""[CASE v194-new-306-dogum-analjezisi-sonrasi-perineal-uyusma] learningTarget: Pudendal sinir bloğunda hedef landmarkı iskiyal çıkıntı, sakrospinöz ligament ve perineal duyu anatomisi üzerinden açıklayabilme.""}]"
v396-anatomy-pudendal-kanal,Pudendal kanal,"[""Pudendal kanal"", ""Alcock kanalı"", ""pudendal canal"", ""Alcock canal""]",Anatomi / perine,Pudendal sinir kanalı,P1,Obturator internus fasyası içinde pudendal sinir ve internal pudendal damarların seyrettiği kanaldır.,"Perineal ağrı, pudendal sinir sıkışması ve pudendal blok anatomisinde temel geçiş alanıdır.",Pudendal sinir Alcock kanalından geçer.,Obturator kanal obturator sinir/damar; pudendal kanal pudendal nörovasküler paketle ilişkilidir.,"[""Pudendal sinir"", ""İskial spine"", ""Sakrospinöz ligament""]",16,"[{""sourceFilePath"": ""src/data/cases.js / src/data/tusPearlCards.js"", ""text"": ""[CASE v185-new-203-kasik-ameliyati-sonrasi-uyusma] diagnosis.optionComparison.Nervus pudendus: Pudendal sinir perine, dış anal sfinkter ve dış genital organların daha inferior/perineal duyusuyla ilişkilidir. Perianal duyu ve sfinkter tonusunun korunması pudendal kanal düzeyinde bir lezyonu desteklemez.""}, {""sourceFilePath"": ""src/data/cases.js / src/data/tusPearlCards.js"", ""text"": ""[CASE v185-new-203-kasik-ameliyati-sonrasi-uyusma] diagnosis.answerFeedback.optionComparison.Nervus pudendus: Pudendal sinir perine, dış anal sfinkter ve dış genital organların daha inferior/perineal duyusuyla ilişkilidir. Perianal duyu ve sfinkter tonusunun korunması pudendal kanal düzeyinde bir lezyonu desteklemez.""}]"
v396-anatomy-corpus-perineale,Corpus perineale,"[""Corpus perineale"", ""perineal body"", ""perineal cisim""]",Anatomi / perine,Perine destek merkezi,P0,Perinenin orta hattında birçok kas ve fasyanın tutunduğu fibromusküler destek noktasıdır.,Median epizyotomi veya doğum travmasında zarar görürse pelvik taban desteği ve anal sfinkter bütünlüğü etkilenebilir.,Median epizyotomide corpus perineale hasarı pelvik taban desteği açısından önemlidir.,Mediolateral epizyotomi bazı durumlarda anal sfinkter yaralanma riskini azaltmak için tercih edilir.,"[""Pelvik taban"", ""Epizyotomi"", ""Anal sfinkter""]",12,"[{""sourceFilePath"": ""src/data/cases.js / src/data/tusPearlCards.js"", ""text"": ""[CARD tus-pearl-anatomy-130-spot] topic: Median epizyotomi ve corpus perineale""}, {""sourceFilePath"": ""src/data/cases.js / src/data/tusPearlCards.js"", ""text"": ""[CARD tus-pearl-anatomy-130-spot] keywords[1]: corpus perineale""}]"
v396-anatomy-paraaortik-lenf-nodlari,Paraaortik lenf nodları,"[""Paraaortik lenf nodları"", ""paraaortic lymph nodes"", ""lomber lenf nodları"", ""para-aortik lenf nodu""]",Anatomi / lenfatik drenaj,Testis-over lenf drenajı,P1,Aort çevresinde yer alan ve testis/over gibi embriyolojik olarak üst abdomen kökenli gonadların lenf drenajını alan nodlardır.,Testis tümörlerinde ilk lenf nodu değerlendirmesi inguinal değil paraaortik bölgedir; skrotal deri ise inguinal nodlara drene olur.,Testis tümörü lenf drenajı paraaortik nodlara gider.,Skrotal deri yüzeyel inguinal nodlara; testis parankimi paraaortik nodlara drene olur.,"[""Testis lenf drenajı"", ""Pampiniform pleksus"", ""Sol testiküler ven""]",17,"[{""sourceFilePath"": ""src/data/cases.js / src/data/tusPearlCards.js"", ""text"": ""[CASE v194-new-307-testis-kitlesinde-lenf-nodu-degerlendirmesi] diagnosis.correct: Paraaortik lenf nodları""}, {""sourceFilePath"": ""src/data/cases.js / src/data/tusPearlCards.js"", ""text"": ""[CASE v194-new-307-testis-kitlesinde-lenf-nodu-degerlendirmesi] diagnosis.options[1]: Paraaortik lenf nodları""}]"
v396-anatomy-testis-lenf-drenaji,Testis lenf drenajı,"[""Testis lenf drenajı"", ""testicular lymph drainage"", ""testiküler lenf drenajı""]",Anatomi / lenfatik drenaj,Gonadal drenaj,P1,Testis parankiminin lenfatik drenajının paraaortik/lomber lenf nodlarına olmasıdır.,Testis embriyolojik olarak abdomen kökenli olduğu için tümörlerde ilk nodal yayılım paraaortik nodlara olur; skrotal deri farklı drene olur.,Testis tümöründe inguinal değil paraaortik nod düşün.,Skrotal deri yüzeyel inguinal nodlara drene olduğu için testis parankiminden ayrılmalıdır.,"[""Paraaortik lenf nodları"", ""Skrotal deri"", ""Testis tümörü""]",0,[]
v396-anatomy-pampiniform-pleksus,Pampiniform pleksus,"[""Pampiniform pleksus"", ""pampiniform plexus"", ""plexus pampiniformis""]",Anatomi / venöz drenaj,Testiküler ven pleksusu,P1,Spermatik kord içinde testiküler arter çevresinde yer alan venöz pleksustur.,Isı değişimini ve testiküler venöz drenajı sağlar; sol testiküler venin sol renal vene dik açıyla açılması sol varikosel yatkınlığını açıklar.,Sol varikosel pampiniform pleksus dilatasyonudur.,Testis lenf drenajı paraaortik nodlara; venöz drenaj testiküler venlere gider.,"[""Sol testiküler ven"", ""Varikosel"", ""Spermatik kord""]",2,"[{""sourceFilePath"": ""src/data/cases.js / src/data/tusPearlCards.js"", ""text"": ""[CARD tus-pearl-anatomy-187-spot] keywords[3]: pampiniform pleksus""}, {""sourceFilePath"": ""src/data/cases.js / src/data/tusPearlCards.js"", ""text"": ""[CARD tus-pearl-anatomy-187-spot] explanation: Sol testiküler ven doğrudan vena cava inferiora değil sol renal vene açılır. Sol renal ven basıncı veya drenaj açısı arttığında pampiniform pleksusta venöz göllenme ve varikosel gelişimine yatkınlık oluşur.""}]"
v396-anatomy-sol-testikuler-ven,Sol testiküler ven,"[""Sol testiküler ven"", ""left testicular vein"", ""sol gonadal ven""]",Anatomi / venöz drenaj,Gonadal ven,P1,Sol testisten gelen venöz kanı sol renal vene drene eden gonadal vendir.,Sol renal vene dik açıyla açılması ve renal ven basıncı nedeniyle sol varikosel sağa göre daha sık görülür.,Sol varikosel sol testiküler venin sol renal vene drenajıyla açıklanır.,Sağ testiküler ven genellikle doğrudan inferior vena cava’ya açılır.,"[""Pampiniform pleksus"", ""Varikosel"", ""Sol renal ven""]",9,"[{""sourceFilePath"": ""src/data/cases.js / src/data/tusPearlCards.js"", ""text"": ""[CARD tus-pearl-anatomy-187-spot] keywords[1]: sol testiküler ven""}, {""sourceFilePath"": ""src/data/cases.js / src/data/tusPearlCards.js"", ""text"": ""[CARD tus-pearl-anatomy-187-spot] front: Sol varikoselin sağa göre daha sık görülmesi sol testiküler venin hangi drenaj özelliğiyle açıklanır?""}]"
v396-anatomy-nternal-kapsul-posterior-bacagi,Internal kapsül posterior bacağı,"[""Internal kapsül posterior bacağı"", ""posterior limb of internal capsule"", ""capsula interna posterior bacağı""]",Anatomi / nöroanatomi,Motor yol geçişi,P1,Kortikospinal liflerin yoğun geçtiği internal kapsül bölümüdür.,Küçük laküner lezyonlar bile karşı taraf yüz-kol-bacak motor defisite neden olabilir; saf motor inme lokalizasyonu için önemlidir.,Saf motor hemiparezi internal kapsül posterior bacağıyla sorulabilir.,Broca/Wernicke kortikal dil alanlarıdır; internal kapsül derin motor yol yapısıdır.,"[""Kortikospinal trakt"", ""Laküner inme"", ""Hemiparezi""]",2,"[{""sourceFilePath"": ""src/data/cases.js / src/data/tusPearlCards.js"", ""text"": ""[CARD tus-pearl-anatomy-180-spot] topic: Capsula interna posterior bacağı""}, {""sourceFilePath"": ""src/data/cases.js / src/data/tusPearlCards.js"", ""text"": ""[CARD tus-pearl-anatomy-180-extra] topic: Capsula interna posterior bacağı""}]"
v396-anatomy-kortikospinal-trakt,Kortikospinal trakt,"[""Kortikospinal trakt"", ""corticospinal tract"", ""piramidal trakt"", ""piramidal yol""]",Anatomi / motor yol,Üst motor nöron yolu,P1,Serebral korteksten spinal motor nöronlara inen istemli motor kontrol yoludur.,"Lezyonunda üst motor nöron bulguları, spastisite ve karşı taraf güçsüzlük gelişebilir; internal kapsül lezyonlarında yoğun lif etkilenir.",Kortikospinal trakt lezyonu üst motor nöron bulgusu yapar.,Alt motor nöron lezyonu fasikülasyon ve belirgin atrofiyle ayrılır.,"[""Internal kapsül posterior bacağı"", ""Üst motor nöron"", ""Hemiparezi""]",2,"[{""sourceFilePath"": ""src/data/cases.js / src/data/tusPearlCards.js"", ""text"": ""[CARD tus-pearl-anatomy-180-spot] keywords[2]: kortikospinal trakt""}, {""sourceFilePath"": ""src/data/cases.js / src/data/tusPearlCards.js"", ""text"": ""[CARD tus-pearl-anatomy-180-extra] keywords[1]: kortikospinal trakt""}]"
v396-anatomy-torasik-outlet,Torasik outlet,"[""Torasik outlet"", ""thoracic outlet"", ""torasik çıkış""]",Anatomi / nörovasküler geçiş,Boyun-üst ekstremite geçişi,P1,Brakiyal pleksus ve subklavian damarların boyundan üst ekstremiteye geçtiği dar anatomik bölgedir.,Servikal kosta veya skalen aralık problemleri alt trunkus brakiyal pleksus ve subklavian damar basısı yapabilir.,Servikal kosta + elde güçsüzlük/uyuşma torasik outlet basısını düşündürür.,Karpal tünel distal median sinir sıkışmasıdır; torasik outlet daha proksimal pleksus/damar basısıdır.,"[""Servikal kosta"", ""Alt trunkus brakiyal pleksus"", ""Subklavian arter""]",35,"[{""sourceFilePath"": ""src/data/cases.js / src/data/tusPearlCards.js"", ""text"": ""[CASE v195-new-336-boyun-kaburgasi-ve-elde-gucsuzluk] learningTarget: Torasik çıkışta basıya uğrayan C8-T1 ağırlıklı pleksus bölümünü üst trunkus, kord ve distal sinir lezyonlarından ayırt edebilme.""}, {""sourceFilePath"": ""src/data/cases.js / src/data/tusPearlCards.js"", ""text"": ""[CASE v195-new-336-boyun-kaburgasi-ve-elde-gucsuzluk] stem: Hasta birkaç aydır sağ elde çabuk yorulma, ince kavrama sırasında güçsüzlük ve ön kolun iç yüzünde uyuşma tariflemektedir. Yakınmalar özellikle kolunu baş üstünde tuttuğunda veya omuz kuşağını geriye aldığında artmaktadır. Boyun-omuz bileşkesinde uzun süredir baskı hissi vardır; belirgin travma ya da akut omuz çıkığı öyküsü yoktur. Proksimal kol ha…""}]"
v396-anatomy-servikal-kosta,Servikal kosta,"[""Servikal kosta"", ""cervical rib"", ""boyun kaburgası""]",Anatomi / konjenital varyasyon,Torasik outlet nedeni,P1,C7 düzeyinden kaynaklanabilen ek kaburga benzeri kemik varyasyonudur.,Torasik outlet bölgesinde alt trunkus veya subklavian damar basısı yapabilir; elde ulnar taraf ağırlıklı güçsüzlük/duyu bulguları görülebilir.,Servikal kosta torasik outlet sendromunun klasik anatomik nedenlerindendir.,Ulnar sinir distal lezyonu el bileği/dirsek düzeyinde; alt trunkus basısı daha proksimal pleksus paternidir.,"[""Torasik outlet"", ""Alt trunkus brakiyal pleksus"", ""Subklavian damarlar""]",1,"[{""sourceFilePath"": ""src/data/cases.js / src/data/tusPearlCards.js"", ""text"": ""[CASE v195-new-336-boyun-kaburgasi-ve-elde-gucsuzluk] title: Boyun kaburgası ve elde güçsüzlük""}]"
v396-anatomy-alt-trunkus-brakiyal-pleksus,Alt trunkus brakiyal pleksus,"[""Alt trunkus brakiyal pleksus"", ""lower trunk brachial plexus"", ""C8-T1 alt trunkus"", ""brakiyal pleksus alt trunkusu""]",Anatomi / sinir pleksusu,C8-T1 lifleri,P1,Brakiyal pleksusun C8-T1 köklerinden oluşan alt trunkus bölümüdür.,Torasik outlet veya servikal kosta basısında el intrinsik kasları ve ulnar taraf duyusu etkilenebilir; T1 sempatik liflerle Horner ilişkisi de düşünülebilir.,Servikal kosta basısı sıklıkla alt trunkus/C8-T1 paternini verir.,Ulnar sinir lezyonu distal periferik sinirdir; alt trunkus lezyonu daha geniş C8-T1 dağılımı yapabilir.,"[""Torasik outlet"", ""Servikal kosta"", ""Ulnar sinir""]",0,[]
