id,term,aliases,category,subcategory,priority,occurrenceCount,shortDefinition,postAnswerExplanation,tusPearl,differentialPoint,safeNestedTerms,sourceTextExamples
v403-internal-medicine-akut-dekompanse-kalp-yetmezligi,Akut dekompanse kalp yetmezliği,"[""ADHF"", ""dekompanse kalp yetmezliği""]",İç Hastalıkları,Kardiyoloji / Kalp yetmezliği,P0,0,"Kronik veya yeni kalp yetmezliğinin dispne, konjesyon ve perfüzyon bozulmasıyla akut kötüleşmesidir.","Sol ventrikül dolum basıncı artınca pulmoner konjesyon, sağ kalp yüklenince periferik ödem ve juguler venöz dolgunluk gelişir. İç hastalıkları sorusunda ilk ayrım hastanın sıcak-soğuk ve ıslak-kuru profilidir; oksijenizasyon, diürez ve tetikleyici neden birlikte değerlendirilir.",Akut dispne + raller + ödem/JVD kalp yetmezliği dekompansasyonunu düşündürür; hipotansiyon varsa vazodilatör değil perfüzyon önceliklidir.,"KOAH alevlenmesinde wheezing ve hiperinflasyon baskındır; kalp yetmezliğinde ortopne, BNP artışı ve pulmoner konjesyon daha yol göstericidir.","[""Pulmoner ödem"", ""BNP"", ""Juguler venöz dolgunluk""]","[{""sourceFilePath"": ""src/data/cases.js::v163-new-002-acil-elektrolit-bozuklugu.investigations[3].result.values[1][3]"", ""text"": ""Belirgin pulmoner ödem yok""}, {""sourceFilePath"": ""src/data/cases.js::v163-new-002-acil-elektrolit-bozuklugu.investigations[3].result.rows[1][3]"", ""text"": ""Belirgin pulmoner ödem yok""}]"
v403-internal-medicine-hfref,HFrEF,"[""sistolik kalp yetmezliği"", ""düşük EF kalp yetmezliği""]",İç Hastalıkları,Kardiyoloji / Kalp yetmezliği,P1,0,Ejeksiyon fraksiyonunun azaldığı sistolik kalp yetmezliği fenotipidir.,"Temel problem ventrikülün kanı ileri pompalama gücünün azalmasıdır; nörohormonal aktivasyon başlangıçta kompansatuvar olsa da uzun dönemde remodeling ve mortaliteyi artırır. Bu nedenle RAAS blokajı, beta bloker, MRA ve SGLT2 inhibitörü gibi mortalite azaltan tedaviler ayrı önem taşır.",Düşük EF + kalp yetmezliği = semptom kontrolünden önce mortalite azaltan temel tedavi sınıflarını düşün.,HFpEF’de EF korunmuştur; sorun daha çok diyastolik dolum/sert ventrikül ve komorbidite yüküdür.,"[""Ejeksiyon fraksiyonu"", ""RAAS"", ""SGLT2 inhibitörü""]","[{""sourceFilePath"": ""src/data/cases.js::v165-new-021-aclik-ve-kusma-sonrasi-metabolik-bozulma.stem"", ""text"": ""Son iki haftadır belirgin susama, sık idrara çıkma ve istemsiz kilo kaybı olduğunu anlatır. Son 24 saatte bulantı, tekrarlayan kusma ve yaygın karın ağrısı belirginleşmiş; son saatlerde nefesinin derin ve hızlı hale geldiği fark edilmiştir. Daha önce diyabet tanısı almamıştır ve düzenli ilaç kullanımı yoktur. Ateş, ishal, alkol alımı veya SGLT2 inhibitörü kullanımı öyküsü bulunmamaktadır. Son bir gündür ağızdan sıvı ""}, {""sourceFilePath"": ""src/data/cases.js::v165-new-021-aclik-ve-kusma-sonrasi-metabolik-bozulma.patientIntro.historySummary"", ""text"": ""Son iki haftadır belirgin susama, sık idrara çıkma ve istemsiz kilo kaybı olduğunu anlatır. Son 24 saatte bulantı, tekrarlayan kusma ve yaygın karın ağrısı belirginleşmiş; son saatlerde nefesinin derin ve hızlı hale geldiği fark edilmiştir. Daha önce diyabet tanısı almamıştır ve düzenli ilaç kullanımı yoktur. Ateş, ishal, alkol alımı veya SGLT2 inhibitörü kullanımı öyküsü bulunmamaktadır. Son bir gündür ağızdan sıvı ""}]"
v403-internal-medicine-hfpef,HFpEF,"[""korunmuş EF kalp yetmezliği""]",İç Hastalıkları,Kardiyoloji / Kalp yetmezliği,P1,0,"Ejeksiyon fraksiyonunun korunduğu, diyastolik dolum bozukluğu ağırlıklı kalp yetmezliği fenotipidir.","Ventrikül kasılması korunmuş olsa da ventrikül sertliği ve dolum basıncı artışı dispne ve pulmoner konjesyon yapabilir. Hipertansiyon, yaş, obezite ve atriyal fibrilasyonla sık birliktedir; tedavide komorbidite kontrolü ve konjesyon yönetimi öne çıkar.",EF normal diye kalp yetmezliği dışlanmaz; HFpEF’de dolum basıncı ve klinik konjesyon belirleyicidir.,HFrEF’de pompa gücü azalır; HFpEF’de dolum basıncı artışı ve diyastolik disfonksiyon ön plandadır.,"[""Diyastolik disfonksiyon"", ""Atriyal fibrilasyon"", ""Hipertansiyon""]","[{""sourceFilePath"": ""src/data/cases.js::v163-new-002-acil-elektrolit-bozuklugu.stem"", ""text"": ""Yakınmaları son iki günde iştahsızlık ve giderek belirginleşen kas güçsüzlüğü ile başlamış; bugün merdiven çıkarken çabuk yorulma ve düzensiz kalp atımı hissi eklenmiştir. Evre 4 kronik böbrek hastalığı ve hipertansiyon nedeniyle ramipril kullandığı, son hafta idrar miktarının azaldığı öğrenilir. Tuz yerine potasyum içeren ürün kullandığını, ishal veya kusma olmadığını belirtir. Göğüs ağrısı, senkop ve yeni nörolojik""}, {""sourceFilePath"": ""src/data/cases.js::v163-new-002-acil-elektrolit-bozuklugu.patientIntro.profile"", ""text"": ""68 yaşında erkek hasta, kronik böbrek hastalığı ve hipertansiyon öyküsüyle acil serviste değerlendiriliyor.""}]"
v403-internal-medicine-paroksismal-nokturnal-dispne,Paroksismal nokturnal dispne,"[""PND"", ""gece nefes darlığı atağı""]",İç Hastalıkları,Kardiyoloji / Semptom,P1,0,Uykudan ani nefes darlığıyla uyandıran sol kalp yetmezliği semptomudur.,Gece yatarken interstisyel sıvının dolaşıma dönmesi ve pulmoner venöz basıncın artması sol kalp yetmezliğinde ani dispne atağına yol açabilir. TUS tarzı sorularda ortopneyle birlikte konjestif kalp yetmezliğini güçlendiren klasik öyküdür.,Gece uykudan nefes darlığıyla uyanma kalp yetmezliği konjesyonu için güçlü ipucudur.,Panik atakta çarpıntı ve korku baskın olabilir; PND’de kalp yetmezliği bulguları ve konjesyon eşlik eder.,"[""Ortopne"", ""Pulmoner ödem"", ""BNP""]","[{""sourceFilePath"": ""src/data/cases.js::v163-new-002-acil-elektrolit-bozuklugu.investigations[3].result.values[1][3]"", ""text"": ""Belirgin pulmoner ödem yok""}, {""sourceFilePath"": ""src/data/cases.js::v163-new-002-acil-elektrolit-bozuklugu.investigations[3].result.rows[1][3]"", ""text"": ""Belirgin pulmoner ödem yok""}]"
v403-internal-medicine-juguler-venoz-dolgunluk,Juguler venöz dolgunluk,"[""JVD"", ""boyun ven dolgunluğu""]",İç Hastalıkları,Kardiyoloji / Fizik muayene,P1,66,Boyun venlerinde sağ atriyal basınç artışını yansıtan dolgunluk bulgusudur.,"JVD sağ kalp basınç yükü, volüm fazlalığı, tamponad veya pulmoner hipertansiyon gibi durumlarda görülebilir. İç hastalıkları sorusunda ödem, hepatomegali ve akciğer bulgularıyla birlikte sağ/sol kalp yükünü ayırmada değerlidir.",JVD + ödem sağ kalp/volüm yükünü; JVD + hipotansiyon + muffled heart tamponadı düşündürür.,Dehidratasyonda juguler venler kollabe olur; JVD volüm veya sağ kalp basıncı artışına gider.,"[""Sağ kalp yetmezliği"", ""Kardiyak tamponad"", ""Pulmoner hipertansiyon""]","[{""sourceFilePath"": ""src/data/cases.js::v165-new-029-gogus-agrisi-ve-hipotansiyon.learningTarget"", ""text"": ""Sağ ventrikül infarktında hipotansiyon, juguler venöz dolgunluk ve temiz akciğer paterninin tedavi güvenliğini nasıl değiştirdiğini açıklama.""}, {""sourceFilePath"": ""src/data/cases.js::v165-new-029-gogus-agrisi-ve-hipotansiyon.exam[1]"", ""text"": ""Juguler venöz dolgunluk belirgindir; kalp sesleri bradikardik ve düzenlidir.""}]"
v403-internal-medicine-hepatojuguler-reflu,Hepatojuguler reflü,"[""Hepatojuguler reflü""]",İç Hastalıkları,Kardiyoloji / Fizik muayene,P1,0,Karaciğere bası ile juguler venöz basıncın kalıcı artmasıdır.,Sağ ventrikül artan venöz dönüşü karşılayamadığında karaciğer basısı juguler dolgunluğu artırır. Konjestif kalp yetmezliği ve sağ kalp yüklenmesini destekleyen yatak başı bulgusudur.,Hepatojuguler reflü sağ kalbin rezervinin azaldığını gösteren konjesyon bulgusudur.,Sadece geçici venöz kabarma normal olabilir; kalıcı yükselme patolojiktir.,"[""Juguler venöz dolgunluk"", ""Sağ kalp yetmezliği"", ""Konjesyon""]","[{""sourceFilePath"": ""src/data/cases.js::v165-new-029-gogus-agrisi-ve-hipotansiyon.learningTarget"", ""text"": ""Sağ ventrikül infarktında hipotansiyon, juguler venöz dolgunluk ve temiz akciğer paterninin tedavi güvenliğini nasıl değiştirdiğini açıklama.""}, {""sourceFilePath"": ""src/data/cases.js::v165-new-029-gogus-agrisi-ve-hipotansiyon.exam[1]"", ""text"": ""Juguler venöz dolgunluk belirgindir; kalp sesleri bradikardik ve düzenlidir.""}]"
v403-internal-medicine-kararsiz-angina,Kararsız angina,"[""Kararsız angina""]",İç Hastalıkları,Kardiyoloji / Akut koroner sendrom,P1,0,İstirahatte veya yeni/kötüleşen iskemi yakınması olup troponin nekrozu göstermeyen AKS tablosudur.,Plak rüptürüyle koroner akım azalır ancak miyokard nekrozu oluşmadığı için troponin negatif kalır. Klinik olarak NSTEMI ile benzer yönetilir fakat biyobelirteç ayrımı prognoz ve sınıflama açısından önemlidir.,AKS semptomu + troponin negatifliği kararsız angina lehinedir.,NSTEMI’de troponin pozitiftir; STEMI’de persistan ST elevasyonu reperfüzyon kararını hızlandırır.,"[""NSTEMI"", ""Troponin"", ""Akut koroner sendrom""]","[{""sourceFilePath"": ""src/data/cases.js::v165-new-029-gogus-agrisi-ve-hipotansiyon.investigations[2].id"", ""text"": ""v165-new-029-gogus-agrisi-ve-hipotansiyon-troponin""}, {""sourceFilePath"": ""src/data/cases.js::v165-new-029-gogus-agrisi-ve-hipotansiyon.investigations[2].result.values[0][0]"", ""text"": ""Troponin I""}]"
v403-internal-medicine-troponin-dinamigi,Troponin dinamiği,"[""seri troponin"", ""troponin trendi""]",İç Hastalıkları,Kardiyoloji / Laboratuvar,P1,0,Seri ölçümlerde troponinin yükselme veya düşme paterniyle akut miyokard hasarını göstermesidir.,"Tek bir troponin değeri kronik yükseklikle karışabilir; akut MI tanısında klinik iskemi bulgusu ile birlikte anlamlı seri değişim aranır. Böbrek yetmezliğinde bazal yüksek değer olabilir, bu yüzden delta değişim önem kazanır.",Troponin yorumu tek sayı değil; klinik + EKG + seri değişimle yapılır.,Kronik böbrek hastalığında troponin yüksek olabilir; akut MI için dinamik değişim ve iskemi kanıtı gerekir.,"[""NSTEMI"", ""Miyokard infarktüsü"", ""Kronik böbrek hastalığı""]","[{""sourceFilePath"": ""src/data/cases.js::v163-new-002-acil-elektrolit-bozuklugu.clinicalFocus"", ""text"": ""Kronik böbrek hastalığı zemininde gelişen ağır hiperkalemide EKG bulgularını tanıyarak acil tedavi sırasını doğru kurma.""}, {""sourceFilePath"": ""src/data/cases.js::v163-new-002-acil-elektrolit-bozuklugu.stem"", ""text"": ""Yakınmaları son iki günde iştahsızlık ve giderek belirginleşen kas güçsüzlüğü ile başlamış; bugün merdiven çıkarken çabuk yorulma ve düzensiz kalp atımı hissi eklenmiştir. Evre 4 kronik böbrek hastalığı ve hipertansiyon nedeniyle ramipril kullandığı, son hafta idrar miktarının azaldığı öğrenilir. Tuz yerine potasyum içeren ürün kullandığını, ishal veya kusma olmadığını belirtir. Göğüs ağrısı, senkop ve yeni nörolojik""}]"
v403-internal-medicine-grace-skoru,GRACE skoru,"[""GRACE skoru""]",İç Hastalıkları,Kardiyoloji / Risk skoru,P1,0,Akut koroner sendromda ölüm ve iskemik olay riskini tahmin eden klinik risk skorudur.,"Yaş, vital bulgular, kreatinin, EKG değişikliği, troponin ve kalp yetmezliği bulguları gibi değişkenleri birleştirir. NSTEMI/kararsız anginada invaziv strateji zamanlamasını belirlemede TUS düzeyinde karar jargonu olarak önemlidir.",NSTEMI’de invaziv yaklaşım aciliyeti risk skorları ve klinik instabiliteyle belirlenir.,CHA2DS2-VASc atriyal fibrilasyonda inme riskini; GRACE AKS prognozunu değerlendirir.,"[""NSTEMI"", ""Akut koroner sendrom"", ""Troponin dinamiği""]","[{""sourceFilePath"": ""src/data/cases.js::v165-new-029-gogus-agrisi-ve-hipotansiyon.diagnosis.answerFeedback.optionComparison.Aspirin"", ""text"": ""Aspirin akut koroner sendromda erken antitrombosit tedavinin temel parçasıdır. Alerji veya aktif ciddi kanama yoksa bu vakadaki özgül kaçınılacak ilaç değildir.""}, {""sourceFilePath"": ""src/data/cases.js::v165-new-029-gogus-agrisi-ve-hipotansiyon.diagnosis.answerFeedback.optionComparison.Klopidogrel"", ""text"": ""Klopidogrel/P2Y12 inhibitörü akut koroner sendromda antitrombosit stratejinin parçası olabilir. Hemodinamik olarak preloadu azaltmadığı için bu olguda özellikle kaçınılacak ilaç değildir.""}]"
v403-internal-medicine-has-bled-skoru,HAS-BLED skoru,"[""HAS-BLED skoru""]",İç Hastalıkları,Kardiyoloji / Antikoagülasyon,P1,0,Antikoagülasyon alan hastada majör kanama riskini öngörmeye yardım eden skordur.,Atriyal fibrilasyonda antikoagülasyon kararı sadece inme riskine göre değil kanama riskinin düzenlenebilir bileşenlerine göre de planlanır. HAS-BLED yüksekliği otomatik olarak antikoagülasyon verilmeyecek anlamına gelmez; dikkat ve risk azaltma gerektirir.,HAS-BLED kanama riskini gösterir; antikoagülasyonu tek başına yasaklamaz.,"CHA2DS2-VASc inme riskini, HAS-BLED kanama riskini değerlendirir.","[""Atriyal fibrilasyon"", ""Antikoagülasyon kararı"", ""CHA2DS2-VASc skoru""]","[{""sourceFilePath"": ""src/data/tusPearlCards.js::tus-pearl-internal-medicine-378-spot.topic"", ""text"": ""Atriyal fibrilasyonda inme riski""}, {""sourceFilePath"": ""src/data/tusPearlCards.js::tus-pearl-internal-medicine-378-spot.keywords[0]"", ""text"": ""atriyal fibrilasyon""}]"
v403-internal-medicine-atrial-fibrilasyonda-hiz-kontrolu,Atrial fibrilasyonda hız kontrolü,"[""Atrial fibrilasyonda hız kontrolü""]",İç Hastalıkları,Kardiyoloji / Aritmi yönetimi,P1,0,AF’de ritmi sinüse çevirmeden ventrikül yanıt hızını yavaşlatma stratejisidir.,"Beta bloker, nondihidropiridin kalsiyum kanal blokerleri veya seçilmiş hastada digoksin kullanılarak semptom ve taşikardiye bağlı hemodinamik yük azaltılır. Hemodinamik instabilite varsa elektif hız kontrolü değil acil kardiyoversiyon düşünülür.",Stabil AF’de hız kontrolü; instabil AF’de senkronize kardiyoversiyon önceliklidir.,Ritim kontrolü sinüs ritmini geri kazanmayı hedefler; hız kontrolü ventrikül hızını yönetir.,"[""Atriyal fibrilasyon"", ""Senkronize kardiyoversiyon"", ""Beta bloker""]","[{""sourceFilePath"": ""src/data/tusPearlCards.js::tus-pearl-internal-medicine-378-spot.topic"", ""text"": ""Atriyal fibrilasyonda inme riski""}, {""sourceFilePath"": ""src/data/tusPearlCards.js::tus-pearl-internal-medicine-378-spot.keywords[0]"", ""text"": ""atriyal fibrilasyon""}]"
v403-internal-medicine-atrial-fibrilasyonda-ritim-kontrolu,Atrial fibrilasyonda ritim kontrolü,"[""Atrial fibrilasyonda ritim kontrolü""]",İç Hastalıkları,Kardiyoloji / Aritmi yönetimi,P1,0,AF’de sinüs ritmini geri kazanmayı veya sürdürmeyi hedefleyen yaklaşımdır.,"Kardiyoversiyon veya antiaritmiklerle uygulanabilir; tromboemboli riski süre, antikoagülasyon durumu ve yapısal kalp hastalığına göre değerlendirilir. Sınavda en kritik ayrım stabil/instabil hasta ve AF süresidir.",AF’de ritim kontrolü düşünmeden önce hemodinami ve tromboemboli riski sorulur.,Hız kontrolü sadece ventrikül hızını azaltır; ritim kontrolü sinüs ritmini hedefler.,"[""Atriyal fibrilasyon"", ""Kardiyoversiyon"", ""Antikoagülasyon kararı""]","[{""sourceFilePath"": ""src/data/tusPearlCards.js::tus-pearl-internal-medicine-378-spot.topic"", ""text"": ""Atriyal fibrilasyonda inme riski""}, {""sourceFilePath"": ""src/data/tusPearlCards.js::tus-pearl-internal-medicine-378-spot.keywords[0]"", ""text"": ""atriyal fibrilasyon""}]"
v403-internal-medicine-mitral-yetersizligi,Mitral yetersizliği,"[""Mitral yetersizliği""]",İç Hastalıkları,Kardiyoloji / Kapak hastalığı,P1,0,Sistolde kanın sol ventrikülden sol atriyuma geri kaçmasıdır.,Kronik tabloda sol atriyal genişleme ve pulmoner konjesyon gelişebilir; akut yetersizlikte ani pulmoner ödem ve şok görülebilir. Apeksde holosistolik üfürüm ve aksillaya yayılım klasik ipucudur.,"Apekste holosistolik, aksillaya yayılan üfürüm mitral yetersizliği lehinedir.",Mitral darlık diyastolik rulmanla; mitral yetersizlik holosistolik üfürümle sorulur.,"[""Pulmoner ödem"", ""Sol atriyum"", ""Holosistolik üfürüm""]","[{""sourceFilePath"": ""src/data/cases.js::v163-new-002-acil-elektrolit-bozuklugu.investigations[3].result.values[1][3]"", ""text"": ""Belirgin pulmoner ödem yok""}, {""sourceFilePath"": ""src/data/cases.js::v163-new-002-acil-elektrolit-bozuklugu.investigations[3].result.rows[1][3]"", ""text"": ""Belirgin pulmoner ödem yok""}]"
v403-internal-medicine-feurea,FeUrea,"[""fraksiyonel üre atılımı""]",İç Hastalıkları,Nefroloji / Laboratuvar,P1,0,Fraksiyonel üre atılımı; özellikle diüretik kullanan AKI hastasında prerenal-intrinsik ayrımda kullanılan parametredir.,Diüretikler sodyum atılımını değiştirerek FeNa yorumunu bozabilir; üre geri emilimi farklı düzenlendiği için FeUrea bazı durumlarda daha güvenilir olabilir. Düşük FeUrea prerenal yanıtı destekler.,Diüretik kullanımı varsa FeNa yerine FeUrea daha öğretici olabilir.,"FeNa sodyum temelli, FeUrea üre temelli fraksiyonel atılım ölçümüdür.","[""FeNa"", ""Prerenal azotemi"", ""Akut böbrek hasarı""]","[{""sourceFilePath"": ""src/data/cases.js::v166-new-033-hiperglisemik-acil-tablo.investigations[3].summary"", ""text"": ""Sodyum düşüklüğü, potasyumun başlangıç değeri ve prerenal azotemi, metabolik tedavinin güvenli planlanması için birlikte izlenir.""}, {""sourceFilePath"": ""src/data/cases.js::v166-new-033-hiperglisemik-acil-tablo.investigations[3].clinicalMeaning"", ""text"": ""Sodyum düşüklüğü, potasyumun başlangıç değeri ve prerenal azotemi, metabolik tedavinin güvenli planlanması için birlikte izlenir.""}]"
v403-internal-medicine-idrar-ozmolalitesi,İdrar ozmolalitesi,"[""İdrar ozmolalitesi""]",İç Hastalıkları,Nefroloji / Sıvı-elektrolit,P1,8,Böbreğin idrarı ne kadar konsantre veya seyreltik çıkarabildiğini gösteren ölçümdür.,"Hiponatremide düşük idrar ozmolalitesi ADH baskılanmasını, yüksek idrar ozmolalitesi ise ADH etkisinin sürdüğünü düşündürür. SIADH, hipovolemi ve adrenal yetmezlik ayrımında serum ozmolalitesi ve idrar sodyumuyla birlikte yorumlanır.",Hiponatremide idrar hâlâ konsantreyse ADH etkisi sürüyor demektir.,Primer polidipside idrar genellikle çok seyrektir; SIADH’de idrar uygunsuz konsantredir.,"[""SIADH"", ""Serum ozmolalitesi"", ""İdrar sodyumu""]","[{""sourceFilePath"": ""src/data/tusPearlCards.js::tus-pearl-internal-medicine-065-spot.keywords[2]"", ""text"": ""idrar ozmolalitesi""}, {""sourceFilePath"": ""src/data/tusPearlCards.js::tus-pearl-internal-medicine-065-spot.front"", ""text"": ""Övolemik hiponatremi, düşük serum ozmolalitesi, yüksek idrar ozmolalitesi ve yüksek idrar sodyumu hangi tanıyı destekler?""}]"
v403-internal-medicine-hipovolemik-hiponatremi,Hipovolemik hiponatremi,"[""Hipovolemik hiponatremi""]",İç Hastalıkları,Nefroloji / Sıvı-elektrolit,P1,4,Sodyum ve su kaybı olup su kaybına rağmen ADH etkisiyle serum sodyumunun düştüğü tablodur.,"Kusma, ishal, diüretik veya kanama sonrası efektif hacim azalır; ADH su tutarak hiponatremiyi derinleştirir. Klinik hacim kaybı bulguları ve idrar sodyumu ayrımda kullanılır.",Hiponatremi + hipotansiyon/ortostaz + hacim kaybı hipovolemik patern lehinedir.,SIADH’de hasta genellikle övolemiktir; hipovolemik hiponatremide hacim kaybı bulguları vardır.,"[""ADH"", ""İdrar sodyumu"", ""Serum ozmolalitesi""]","[{""sourceFilePath"": ""src/data/tusPearlCards.js::tus-pearl-internal-medicine-065-spot.differentialNote"", ""text"": ""Hipovolemik hiponatremide genellikle klinik hacim kaybı vardır; primer polidipside idrar ozmolalitesi baskılanmış olarak düşük beklenir.""}, {""sourceFilePath"": ""src/data/tusPearlCards.js::tus-pearl-internal-medicine-364-extra.differentialNote"", ""text"": ""Hipovolemik hiponatremide ADH yüksek olabilir ama idrar sodyumu çoğu kez düşük olur; diüretik kullanımı bu ayrımı bozabilir.""}]"
v403-internal-medicine-hipervolemik-hiponatremi,Hipervolemik hiponatremi,"[""Hipervolemik hiponatremi""]",İç Hastalıkları,Nefroloji / Sıvı-elektrolit,P1,0,Toplam vücut sodyumu artsa da su tutulumunun daha baskın olduğu ödemli hiponatremi tablosudur.,"Kalp yetmezliği, siroz ve nefrotik sendromda efektif arteriyel hacim düşük algılanır; RAAS ve ADH aktivasyonu su tutulumunu artırır. Klinik olarak ödem/asit ve hiponatremi birlikteliği öğreticidir.",Ödemli hasta + hiponatremi = efektif dolaşım hacmi azalması üzerinden ADH aktivasyonu düşün.,SIADH’de belirgin ödem beklenmez; hipervolemik hiponatremide ödem/asit vardır.,"[""Siroz"", ""Kalp yetmezliği"", ""Nefrotik sendrom""]","[{""sourceFilePath"": ""src/data/cases.js::v165-new-024-ates-ve-yeni-ufurum.exam[2]"", ""text"": ""Akciğerlerde bilateral dağınık raller vardır; periferik ödem veya belirgin sol kalp yetmezliği bulgusu saptanmaz.""}, {""sourceFilePath"": ""src/data/cases.js::v165-new-029-gogus-agrisi-ve-hipotansiyon.investigations[0].summary"", ""text"": ""Hipotansiyon, yüksek venöz basınç ve akciğerde konjesyon olmaması sol kalp yetmezliğinden çok sağ kalp doluş problemine işaret eden hemodinamik paterndir.""}]"
v403-internal-medicine-ozmotik-demiyelinizasyon-sendromu,Ozmotik demiyelinizasyon sendromu,"[""Ozmotik demiyelinizasyon sendromu""]",İç Hastalıkları,Nefroloji / Tedavi komplikasyonu,P0,0,Kronik hiponatreminin aşırı hızlı düzeltilmesiyle gelişebilen ağır nörolojik demiyelinizasyon tablosudur.,Beyin kronik hiponatremiye osmolit kaybederek adapte olur; sodyum hızlı yükseltilirse hücre dışı osmolalite artışı nöronal hasar oluşturabilir. Bu nedenle tedavide hedef tüm sodyumu hızla normale getirmek değil güvenli düzeltme hızıdır.,Kronik hiponatremide hızlı düzeltme en tehlikeli hatadır.,Akut ağır semptomatik hiponatremide başlangıçta sınırlı yükseltme gerekir; kronik tabloda aşırı düzeltmeden kaçınılır.,"[""Hipertonik salin"", ""Hiponatremi"", ""Serum sodyumu""]","[{""sourceFilePath"": ""src/data/cases.js::v165-new-030-hipotansiyon-ve-elektrolit-bozuklugu.investigations[1].summary"", ""text"": ""Hiponatremi, hiperkalemi ve düşük glukoz birlikteliği primer adrenal yetmezlik zemininde kriz paternini destekler.""}, {""sourceFilePath"": ""src/data/cases.js::v165-new-030-hipotansiyon-ve-elektrolit-bozuklugu.investigations[1].clinicalMeaning"", ""text"": ""Hiponatremi, hiperkalemi ve düşük glukoz birlikteliği primer adrenal yetmezlik zemininde kriz paternini destekler.""}]"
v403-internal-medicine-hipertonik-salin,Hipertonik salin,"[""%3 salin"", ""3% salin""]",İç Hastalıkları,Nefroloji / Acil tedavi,P1,18,Ağır semptomatik hiponatremide serum sodyumunu kontrollü yükseltmek için kullanılan yüksek sodyum içerikli sıvıdır.,"Nöbet, koma veya ağır nörolojik belirti varsa beyin ödemi riskini azaltmak için kontrollü 3% salin verilir. Tedavinin amacı kısa sürede güvenli sınırlı artış sağlamaktır; aşırı düzeltme ozmotik demiyelinizasyon riski taşır.",Nöbetli hiponatremide ilk hedef kontrollü hipertonik salinle nörolojik riski azaltmaktır.,Asemptomatik SIADH’de sıvı kısıtlaması düşünülebilir; nöbet varsa hipertonik salin önceliklidir.,"[""Ozmotik demiyelinizasyon sendromu"", ""Hiponatremi"", ""SIADH""]","[{""sourceFilePath"": ""src/data/cases.js::v165-new-030-hipotansiyon-ve-elektrolit-bozuklugu.diagnosis.options[3]"", ""text"": ""Hipertonik salin ve sıvı kısıtlaması uygulamak""}, {""sourceFilePath"": ""src/data/cases.js::v192-new-301-halsizlik-ve-direncli-hipotansiyon.diagnosis.options[1]"", ""text"": ""Hipertonik salin ve sıvı kısıtlaması uygulamak""}]"
v403-internal-medicine-pauci-immun-glomerulonefrit,Pauci-immün glomerülonefrit,"[""Pauci-immün glomerülonefrit""]",İç Hastalıkları,Nefroloji / Vaskülit-nefrit,P1,2,İmmünfloresanda belirgin immün kompleks birikimi olmadan gelişen kresentik glomerülonefrittir.,"Genellikle ANCA ilişkili vaskülitlerle ilişkilidir; hızlı kreatinin artışı, hematüri ve eritrosit silendiri görülebilir. RPGN sorusunda lineer, granüler ve pauci-immün boyanma ayrımı etiyolojiyi belirler.",RPGN + pauci-immün IF = ANCA ilişkili vaskülit düşün.,"Lineer IgG anti-GBM hastalığını, granüler patern immün kompleks hastalığını düşündürür.","[""ANCA ilişkili vaskülit"", ""RPGN"", ""Eritrosit silendiri""]","[{""sourceFilePath"": ""src/data/tusPearlCards.js::tus-pearl-internal-medicine-367-extra.explanation"", ""text"": ""Pulmoner-renal sendromun tedavi aciliyeti benzerdir ancak altta yatan mekanizma farklı olabilir. Anti-GBM hastalığında glomerüler bazal membrana karşı antikor ve lineer IgG birikimi beklenir. ANCA vaskülitlerinde immün birikim azdır; nekrotizan pauci-immün glomerülonefrit ve PR3/MPO-ANCA pozitifliği ayırıcıdır.""}, {""sourceFilePath"": ""src/data/tusPearlInternalMedicine*Overrides.js::tus-pearl-internal-medicine-367-extra.explanation"", ""text"": ""Pulmoner-renal sendromun tedavi aciliyeti benzerdir ancak altta yatan mekanizma farklı olabilir. Anti-GBM hastalığında glomerüler bazal membrana karşı antikor ve lineer IgG birikimi beklenir. ANCA vaskülitlerinde immün birikim azdır; nekrotizan pauci-immün glomerülonefrit ve PR3/MPO-ANCA pozitifliği ayırıcıdır.""}]"
v403-internal-medicine-acth-stimulasyon-testi,ACTH stimülasyon testi,"[""ACTH stimülasyon testi""]",İç Hastalıkları,Endokrinoloji / Tanı testi,P1,0,Sentetik ACTH verilerek adrenal korteksin kortizol yanıtını değerlendiren testtir.,"Adrenal bez yeterli rezerv taşıyorsa ACTH sonrası kortizol yükselir; yanıt yetersizse adrenal yetmezlik desteklenir. Primer yetmezlikte bez yanıt veremez, uzun süreli sekonder yetmezlikte de adrenal atrofi nedeniyle yanıt bozulabilir.",Adrenal yetmezlikte testin mantığı adrenal bez ACTH’ye kortizol yanıtı verebiliyor mu sorusudur.,Bazal kortizol tek başına belirsiz kalabilir; stimülasyon testi rezervi gösterir.,"[""Adrenal yetmezlik"", ""Kortizol"", ""ACTH""]","[{""sourceFilePath"": ""src/data/cases.js::v165-new-030-hipotansiyon-ve-elektrolit-bozuklugu.clinicalFocus"", ""text"": ""Adrenal krizde kronik primer adrenal yetmezlik ipuçlarını elektrolit, glukoz ve hemodinamiyle birleştirip acil tedavi önceliğini seçme.""}, {""sourceFilePath"": ""src/data/cases.js::v165-new-030-hipotansiyon-ve-elektrolit-bozuklugu.learningTarget"", ""text"": ""Adrenal krizde klinik şüphe yüksekken tedavinin kortizol/ACTH sonucu beklenmeden başlanması gerektiğini ve hipovolemi-hipoglisemi eşliklerini açıklama.""}]"
v403-internal-medicine-cushing-hastaligi,Cushing hastalığı,"[""Cushing hastalığı""]",İç Hastalıkları,Endokrinoloji / Hiperkortizolizm,P1,12,ACTH salgılayan hipofiz adenomu nedeniyle gelişen Cushing sendromu nedenidir.,Hipofizden fazla ACTH adrenal korteksi uyararak kortizol fazlalığı oluşturur. Cushing sendromu genel tablonun adıdır; Cushing hastalığı ise hipofiz kaynaklı özel alt tiptir.,Cushing hastalığı = hipofiz ACTH adenomu; Cushing sendromu = tüm hiperkortizolizm nedenleri.,Ektopik ACTH sendromunda kaynak hipofiz dışıdır ve hipokalemi daha belirgin olabilir.,"[""ACTH"", ""Kortizol"", ""Deksametazon supresyon testi""]","[{""sourceFilePath"": ""src/data/tusPearlCards.js::tus-pearl-internal-medicine-067-extra.keywords[0]"", ""text"": ""Cushing hastalığı""}, {""sourceFilePath"": ""src/data/tusPearlCards.js::tus-pearl-internal-medicine-067-extra.front"", ""text"": ""Cushing hastalığı terimi hangi spesifik hiperkortizolizm nedenini ifade eder?""}]"
v403-internal-medicine-ektopik-acth-sendromu,Ektopik ACTH sendromu,"[""Ektopik ACTH sendromu""]",İç Hastalıkları,Endokrinoloji / Hiperkortizolizm,P1,2,Hipofiz dışı tümörlerden ACTH salgılanmasına bağlı hiperkortizolizm tablosudur.,"Küçük hücreli akciğer karsinomu gibi nöroendokrin tümörler ACTH üretebilir; hızlı başlangıç, kas güçsüzlüğü, hipokalemik metabolik alkaloz ve belirgin kortizol yüksekliği ipucu olabilir.",Cushing bulguları + ağır hipokalemi + akciğer kitlesi ektopik ACTH lehinedir.,Cushing hastalığında kaynak hipofizdir; ektopik ACTH hipofiz dışı kaynaklıdır.,"[""Küçük hücreli karsinom"", ""ACTH"", ""Hipokalemik metabolik alkaloz""]","[{""sourceFilePath"": ""src/data/tusPearlCards.js::tus-pearl-internal-medicine-067-extra.differentialNote"", ""text"": ""Ektopik ACTH sendromunda ACTH yüksek olabilir ama kaynak hipofiz dışıdır; adrenal adenomda ACTH baskılanır.""}, {""sourceFilePath"": ""src/data/tusPearlInternalMedicine*Overrides.js::tus-pearl-internal-medicine-067-extra.differentialNote"", ""text"": ""Ektopik ACTH sendromunda ACTH yüksek olabilir ama kaynak hipofiz dışıdır; adrenal adenomda ACTH baskılanır.""}]"
v403-internal-medicine-su-kisitlama-testi,Su kısıtlama testi,"[""Su kısıtlama testi""]",İç Hastalıkları,Endokrinoloji / Tanı testi,P1,0,Poliüri-polydipsi ayırıcı tanısında idrarı konsantre edebilme kapasitesini değerlendiren testtir.,Normalde su kısıtlanınca ADH artar ve idrar konsantre olur. Diabetes insipidus tiplerinde idrar seyreltik kalır; desmopressin sonrası yanıt santral ve nefrojenik ayrımı sağlar.,Poliüri sorusunda su kısıtlama + desmopressin yanıtı tanı zincirini kurar.,Primer polidipside su kısıtlamayla idrar konsantre olabilir; DI’de bu yanıt bozulur.,"[""Santral diabetes insipidus"", ""Nefrojenik diabetes insipidus"", ""Desmopressin""]",[]
v403-internal-medicine-saag,SAAG,"[""serum-asit albümin gradyenti""]",İç Hastalıkları,Gastroenteroloji / Asit analizi,P1,0,Serum-asit albümin gradyenti; asitin portal hipertansiyonla ilişkisini ayırmada kullanılan ölçümdür.,"Serum albümini ile asit albümini farkı yüksekse portal hipertansiyon kaynaklı asit desteklenir. Siroz, kalp yetmezliği ve Budd-Chiari gibi portal basıncı artıran durumlarda yüksek SAAG beklenebilir.",SAAG yüksekliği asitin portal hipertansiyon kaynaklı olduğunu düşündürür.,Asit total proteini nedenin ayrımına ek katkı verir; SAAG tek başına maligniteyi dışlamaz.,"[""Asit"", ""Portal hipertansiyon"", ""Siroz""]","[{""sourceFilePath"": ""src/data/cases.js::v164-new-011-aclik-ve-kusma-sonrasi-metabolik-bozulma.investigations[1].summary"", ""text"": ""Asidemi, düşük bikarbonat ve yüksek anyon açıklığı organik asit birikimiyle uyumlu metabolik asidoz paternini gösterir.""}, {""sourceFilePath"": ""src/data/cases.js::v164-new-011-aclik-ve-kusma-sonrasi-metabolik-bozulma.investigations[1].clinicalMeaning"", ""text"": ""Asidemi, düşük bikarbonat ve yüksek anyon açıklığı organik asit birikimiyle uyumlu metabolik asidoz paternini gösterir.""}]"
v403-internal-medicine-laktuloz-tedavisi,Laktüloz tedavisi,"[""Laktüloz tedavisi""]",İç Hastalıkları,Gastroenteroloji / Hepatik ensefalopati,P1,0,Hepatik ensefalopatide bağırsakta amonyak yükünü azaltmak için kullanılan nonabsorbe disakkarit tedavisidir.,Kolonda asidifikasyon ve laksatif etkiyle amonyağın emilimini azaltır; hedef aşırı ishal değil düzenli dışkılamayla nörotoksin yükünü azaltmaktır. Ensefalopati tetikleyicileri de mutlaka aranır.,Hepatik ensefalopatide laktüloz amonyak yükünü bağırsak üzerinden azaltır.,Rifaksimin bağırsak bakteriyel amonyak üretimini azaltır; laktüloz ilk temel yaklaşımdır.,"[""Hepatik ensefalopati"", ""Amonyak"", ""Rifaksimin""]","[{""sourceFilePath"": ""src/data/tusPearlCards.js::tus-pearl-internal-medicine-349-spot.topic"", ""text"": ""Hepatik ensefalopati tetikleyicisi""}, {""sourceFilePath"": ""src/data/tusPearlCards.js::tus-pearl-internal-medicine-349-spot.keywords[0]"", ""text"": ""hepatik ensefalopati""}]"
v403-internal-medicine-rifaksimin,Rifaksimin,"[""Rifaksimin""]",İç Hastalıkları,Gastroenteroloji / Hepatik ensefalopati,P1,0,"Bağırsakta emilimi düşük, amonyak üreten flora yükünü azaltmak için kullanılan antibiyotiktir.",Hepatik ensefalopatide laktüloza eklenerek nüksleri azaltabilir. Sistemik etkisi sınırlı olduğundan hedefi bağırsak bakterilerinin azot metabolizmasını azaltmaktır.,Ensefalopati nüksünde laktüloza rifaksimin eklenmesi sık sorulur.,Rifaksimin asiti boşaltmaz; hedef bağırsak kaynaklı amonyak üretimini azaltmaktır.,"[""Hepatik ensefalopati"", ""Laktüloz tedavisi"", ""Amonyak""]","[{""sourceFilePath"": ""src/data/tusPearlCards.js::tus-pearl-internal-medicine-349-spot.topic"", ""text"": ""Hepatik ensefalopati tetikleyicisi""}, {""sourceFilePath"": ""src/data/tusPearlCards.js::tus-pearl-internal-medicine-349-spot.keywords[0]"", ""text"": ""hepatik ensefalopati""}]"
v403-internal-medicine-hepatopulmoner-sendrom,Hepatopulmoner sendrom,"[""Hepatopulmoner sendrom""]",İç Hastalıkları,Gastroenteroloji-Göğüs / Siroz komplikasyonu,P1,0,Kronik karaciğer hastalığında intrapulmoner vasküler dilatasyonlara bağlı hipoksemi tablosudur.,Sirozlu hastada platipne-ortodeoksi ve oksijenlenme bozukluğu görülebilir. Portopulmoner hipertansiyondan farkı pulmoner vasküler dilatasyon ve şant mekanizmasının baskın olmasıdır.,Siroz + hipoksemi + intrapulmoner şant hepatopulmoner sendromu düşündürür.,Portopulmoner hipertansiyonda pulmoner arter basıncı artışı baskındır; hepatopulmonerde vazodilatasyon/şant öne çıkar.,"[""Siroz"", ""Hipoksemi"", ""Fizyolojik şant""]","[{""sourceFilePath"": ""src/data/cases.js::v164-new-018-hemoptizi-ve-hematuri-birlikteligi.clinicalFocus"", ""text"": ""Pulmoner-renal sendromda anti-GBM hastalığını tanıyıp hipoksemi ve hızlı böbrek etkileniminde başlangıç tedavi kombinasyonunu seçme.""}, {""sourceFilePath"": ""src/data/cases.js::v164-new-018-hemoptizi-ve-hematuri-birlikteligi.patientIntro.presentation"", ""text"": ""Kanlı balgam, hipoksemi, koyu renkli idrar ve hızlı böbrek fonksiyon bozulması vardır.""}]"
v403-internal-medicine-kolestatik-patern,Kolestatik patern,"[""Kolestatik patern""]",İç Hastalıkları,Gastroenteroloji / Karaciğer testleri,P1,14,ALP ve GGT yüksekliğinin AST/ALT’ye göre baskın olduğu karaciğer test paternidir.,Safra akımındaki intrahepatik veya ekstrahepatik bozulmayı düşündürür. İlk pratik ayrım safra yolu dilatasyonu var mı sorusudur; USG bu nedenle sık ilk basamak görüntülemedir.,ALP-GGT baskınsa safra yolu obstrüksiyonu açısından USG düşün.,Hepatoselüler paternde AST/ALT baskındır; kolestatik paternde ALP-GGT baskındır.,"[""ALP"", ""GGT"", ""Abdominal ultrasonografi""]","[{""sourceFilePath"": ""src/data/tusPearlCards.js::tus-pearl-internal-medicine-151-spot.explanation"", ""text"": ""PSC intrahepatik ve ekstrahepatik safra yollarında inflamatuvar fibrozis ve segmental darlıklar oluşturur. Ülseratif kolit ile güçlü ilişkisi sınavda klasik ipucudur. Kolestatik patern ALP/GGT yüksekliğiyle belirginleşir; hastalık kolanjit, siroz ve kolanjiyokarsinom riskini artırır.""}, {""sourceFilePath"": ""src/data/tusPearlCards.js::tus-pearl-internal-medicine-171-spot.keywords[0]"", ""text"": ""kolestatik patern""}]"
v403-internal-medicine-hepatoseluler-patern,Hepatoselüler patern,"[""Hepatoselüler patern""]",İç Hastalıkları,Gastroenteroloji / Karaciğer testleri,P1,2,AST ve ALT yüksekliğinin ALP-GGT’ye göre baskın olduğu karaciğer hasarı paternidir.,"Viral hepatit, ilaç toksisitesi, iskemi veya otoimmün hepatit gibi hepatosit hasarı yapan süreçlerde görülür. Kolestatik paternden ayrımı tetkik sırasını ve ayırıcı tanıyı değiştirir.",AST/ALT baskınlığı hepatoselüler hasarı; ALP-GGT baskınlığı kolestazı düşündürür.,Kolestatik patern safra akımı bozukluğunu; hepatoselüler patern hepatosit hasarını öne çıkarır.,"[""AST"", ""ALT"", ""Otoimmün hepatit""]","[{""sourceFilePath"": ""src/data/tusPearlCards.js::tus-pearl-internal-medicine-171-extra.differentialNote"", ""text"": ""Hepatoselüler paternde AST/ALT baskındır; kolestatik paternde ALP-GGT baskınlığı görüntüleme ihtiyacını belirler.""}, {""sourceFilePath"": ""src/data/tusPearlInternalMedicine*Overrides.js::tus-pearl-internal-medicine-171-extra.differentialNote"", ""text"": ""Hepatoselüler paternde AST/ALT baskındır; kolestatik paternde ALP-GGT baskınlığı görüntüleme ihtiyacını belirler.""}]"
v403-internal-medicine-kronik-hastalik-anemisi,Kronik hastalık anemisi,"[""Kronik hastalık anemisi""]",İç Hastalıkları,Hematoloji / Anemi,P1,12,"Kronik inflamasyon, enfeksiyon veya maligniteye bağlı demirin kullanılamadığı normositer/mikrositer anemidir.","Hepcidin artışı demiri makrofajlarda tutar ve barsaktan demir emilimini azaltır; ferritin normal/yüksek, serum demiri düşük olabilir. Ayırıcı tanıda demir eksikliğinden ferritin ve TDBK ile ayrılır.",Düşük serum demiri + normal/yüksek ferritin kronik hastalık anemisini düşündürür.,Demir eksikliğinde ferritin düşüktür; kronik hastalık anemisinde inflamasyon ferritini yükseltebilir.,"[""Hepcidin"", ""Ferritin"", ""Total demir bağlama kapasitesi""]","[{""sourceFilePath"": ""src/data/cases.js::v192-new-304-halsizlik-ve-pika.learningTarget"", ""text"": ""Demir eksikliği anemisini talasemi taşıyıcılığı, kronik hastalık anemisi, sideroblastik anemi ve hemolizden ferritin-TDBK-transferrin satürasyonu paternine göre ayırma.""}, {""sourceFilePath"": ""src/data/cases.js::v192-new-304-halsizlik-ve-pika.diagnosis.explanation"", ""text"": ""Uzun süren yoğun adet kanaması, pika, konjonktival solukluk, kaşık tırnak, düşük MCV-MCHC, yüksek RDW, düşük ferritin, düşük serum demiri, yüksek TDBK ve düşük transferrin satürasyonu demir eksikliği anemisi için uyumlu bir patern oluşturur. Talasemi taşıyıcılığında ferritin genellikle düşük olmaz ve RDW çoğu kez bu kadar belirgin artmaz; kronik hastalık anemisinde TDBK tipik olarak düşük/normal seyreder.""}]"
v403-internal-medicine-retikulosit-indeksi,Retikülosit indeksi,"[""Retikülosit indeksi""]",İç Hastalıkları,Hematoloji / Anemi yorumu,P1,0,Anemide kemik iliğinin eritrosit üretim yanıtını düzeltilmiş şekilde değerlendiren ölçüdür.,"Düşük retikülosit yanıtı üretim bozukluğunu, yüksek yanıt hemoliz veya kan kaybına kompansasyonu düşündürür. Anemi algoritmasında MCV kadar retikülosit cevabı da temel karar noktasıdır.","Anemide retikülosit yüksekse kayıp/yıkım, düşükse üretim sorunu düşün.",Ham retikülosit yüzdesi anemi derecesine göre yanıltıcı olabilir; indeks düzeltilmiş yanıtı gösterir.,"[""Anemi"", ""Hemoliz"", ""Kemik iliği yetmezliği""]","[{""sourceFilePath"": ""src/data/cases.js::v164-new-014-purpura-ve-norolojik-bulgular.clinicalFocus"", ""text"": ""Mikroanjiyopatik hemolitik anemi, ağır trombositopeni ve organ etkilenimi paterninde TTP aciliyetini tanıma.""}, {""sourceFilePath"": ""src/data/cases.js::v164-new-014-purpura-ve-norolojik-bulgular.investigations[1].summary"", ""text"": ""Anemi ile ağır trombositopeninin birlikte olması, kanama bulguları ve hemoliz verileriyle birlikte TMA olasılığını yükseltir.""}]"
v403-internal-medicine-adamts13-eksikligi,ADAMTS13 eksikliği,"[""ADAMTS13 eksikliği""]",İç Hastalıkları,Hematoloji / Trombotik mikroanjiyopati,P1,23,vWF multimerlerini parçalayan ADAMTS13 proteazının eksikliği veya inhibitörle baskılanmasıdır.,"Büyük vWF multimerleri trombositleri mikrodamarlarda tüketir; MAHA, trombositopeni ve nörolojik/renal bulgular gelişebilir. TTP’de hızlı plazma değişimi hayat kurtarıcıdır.",MAHA + trombositopeni + nörolojik bulgu TTP/ADAMTS13 eksikliğini düşündürür.,DIC’de PT/aPTT uzayabilir; TTP’de koagülasyon testleri çoğu kez belirgin bozulmaz.,"[""TTP"", ""Mikroanjiyopatik hemolitik anemi"", ""Plazma değişimi""]","[{""sourceFilePath"": ""src/data/cases.js::v164-new-014-purpura-ve-norolojik-bulgular.diagnosis.answerFeedback.optionComparison.Düşük molekül ağırlıklı heparin başlamak"", ""text"": ""Heparin venöz tromboemboli yönetiminde kullanılır; burada temel sorun trombositten zengin mikrotrombüsler ve ADAMTS13 eksikliği/inhibitörü paternidir. Ağır trombositopeni varken antikoagülasyon ilk yaklaşım değildir.""}, {""sourceFilePath"": ""src/data/cases.js::v164-new-014-purpura-ve-norolojik-bulgular.diagnosis.answerFeedback.coreKnowledge"", ""text"": ""TTP, ciddi ADAMTS13 eksikliği/inhibitörü nedeniyle büyük vWF multimerlerinin parçalanamaması ve trombositten zengin mikrotrombüslerin oluşmasıyla MAHA, trombositopeni ve organ iskemisi yapar.""}]"
v403-internal-medicine-serbest-hafif-zincir,Serbest hafif zincir,"[""Serbest hafif zincir""]",İç Hastalıkları,Hematoloji / Plazma hücre bozukluğu,P1,8,İmmünoglobulinlerin kappa veya lambda hafif zincirlerinin serumda serbest dolaşan kısmıdır.,Plazma hücre hastalıklarında anormal hafif zincir üretimi böbrek hasarı ve amiloidozla ilişkili olabilir. Serum serbest hafif zincir oranı klonaliteyi değerlendirmeye yardım eder.,Miyelomda M proteini yanında serbest hafif zincir oranı klonaliteyi gösterir.,Albuminüri glomerüler protein kaybını; hafif zincir proteinürisi plazma hücre klonunu düşündürür.,"[""Multipl miyelom"", ""M proteini"", ""Bence Jones proteini""]","[{""sourceFilePath"": ""src/data/tusPearlCards.js::tus-pearl-internal-medicine-360-extra.keywords[2]"", ""text"": ""serbest hafif zincir""}, {""sourceFilePath"": ""src/data/tusPearlCards.js::tus-pearl-internal-medicine-360-extra.back"", ""text"": ""Serum/idrarda protein elektroforezi-immünfiksasyon ve serum serbest hafif zincir analizi.""}]"
v403-internal-medicine-polimiyaljia-romatika,Polimiyaljia romatika,"[""Polimiyaljia romatika""]",İç Hastalıkları,Romatoloji / İnflamatuvar ağrı,P1,0,Yaşlı hastada omuz-kalça kuşağı ağrısı ve sabah tutukluğu ile giden inflamatuvar sendromdur.,Kas enzimleri genellikle normaldir; ağrı ve tutukluk proksimal kas güçsüzlüğünden çok periartiküler inflamasyonu yansıtır. Dev hücreli arteritle birlikteliği nedeniyle baş ağrısı ve görme semptomları sorgulanmalıdır.,Yaşlı + omuz/kalça kuşağı tutukluğu + yüksek ESR PMR lehinedir.,Polimiyozitte gerçek kas güçsüzlüğü ve CK yüksekliği beklenir.,"[""Dev hücreli arterit"", ""ESR"", ""Proksimal kas güçsüzlüğü""]","[{""sourceFilePath"": ""src/data/cases.js::v164-new-017-yeni-baslayan-temporal-bas-agrisi.clinicalFocus"", ""text"": ""Yaşlı hastada yeni başlangıçlı temporal baş ağrısı, çene klodikasyonu ve geçici görme semptomuyla dev hücreli arterit aciliyetini tanıma.""}, {""sourceFilePath"": ""src/data/cases.js::v164-new-017-yeni-baslayan-temporal-bas-agrisi.learningTarget"", ""text"": ""Dev hücreli arterit şüphesinde görme kaybını önlemek için tanısal doğrulama beklenmeden yüksek doz sistemik kortikosteroid başlanması gerektiğini ayırt etme.""}]"
v403-internal-medicine-cene-kladikasyonu,Çene kladikasyonu,"[""Çene kladikasyonu""]",İç Hastalıkları,Romatoloji / Vaskülit bulgusu,P1,0,Çiğneme sırasında çene kaslarında iskemiye bağlı ağrı ve yorgunluk hissidir.,Dev hücreli arteritte eksternal karotis dallarının tutulumu çiğneme sırasında kan akımını yetersiz bırakabilir. Yeni baş ağrısı ve yüksek ESR ile birlikte görme kaybı riskini düşündüren önemli ipucudur.,Yaşlı hastada çene kladikasyonu dev hücreli arterit için güçlü ipucudur.,Temporomandibular eklem ağrısı mekanik olabilir; çene kladikasyonu eforla iskemi paternindedir.,"[""Dev hücreli arterit"", ""ESR"", ""Ani görme kaybı riski""]","[{""sourceFilePath"": ""src/data/cases.js::v164-new-017-yeni-baslayan-temporal-bas-agrisi.clinicalFocus"", ""text"": ""Yaşlı hastada yeni başlangıçlı temporal baş ağrısı, çene klodikasyonu ve geçici görme semptomuyla dev hücreli arterit aciliyetini tanıma.""}, {""sourceFilePath"": ""src/data/cases.js::v164-new-017-yeni-baslayan-temporal-bas-agrisi.learningTarget"", ""text"": ""Dev hücreli arterit şüphesinde görme kaybını önlemek için tanısal doğrulama beklenmeden yüksek doz sistemik kortikosteroid başlanması gerektiğini ayırt etme.""}]"
v403-internal-medicine-gottron-papulleri,Gottron papülleri,"[""Gottron papülleri""]",İç Hastalıkları,Romatoloji / Dermatolojik bulgu,P1,0,El eklemleri üzerinde görülen violase papüler döküntülerdir ve dermatomiyozit için tipiktir.,MCP ve PIP eklemleri üzerinde yerleşen bu bulgu proksimal kas güçsüzlüğüyle birleştiğinde tanı değerini artırır. Soru köklerinde döküntü lokalizasyonu ayırıcıdır.,MCP/PIP üzerinde violase papül = Gottron; dermatomiyozit düşün.,RA nodülleri farklıdır; Gottron papülleri dermatomiyozit deri bulgusudur.,"[""Dermatomiyozit"", ""Heliotrop döküntü"", ""Proksimal kas güçsüzlüğü""]",[]
v403-internal-medicine-crest-sendromu,CREST sendromu,"[""CREST sendromu""]",İç Hastalıkları,Romatoloji / Sistemik skleroz,P1,0,"Sınırlı kutanöz sistemik sklerozla ilişkili kalsinozis, Raynaud, özofagus dismotilitesi, sklerodaktili ve telanjiektazi paternidir.",Antisentromer antikorla ilişkilidir ve pulmoner hipertansiyon riski taşıyabilir. Diffüz sistemik sklerozdan deri yayılımı ve otoantikor paterniyle ayrılır.,Raynaud + sklerodaktili + telanjiektazi CREST paternini düşündürür.,Diffüz sistemik sklerozda anti-Scl-70 ve interstisyel akciğer hastalığı riski daha belirgindir.,"[""Raynaud fenomeni"", ""Antisentromer antikor"", ""Sistemik skleroz""]","[{""sourceFilePath"": ""src/data/tusPearlCards.js::tus-pearl-internal-medicine-368-spot.front"", ""text"": ""Sistemik sklerozlu hastada ani ağır hipertansiyon ve akut böbrek yetmezliği gelişirse ilk tedavi önceliği nedir?""}, {""sourceFilePath"": ""src/data/tusPearlCards.js::tus-pearl-internal-medicine-368-extra.keywords[0]"", ""text"": ""sistemik skleroz""}]"
v403-internal-medicine-gut-artriti,Gut artriti,"[""Gut artriti""]",İç Hastalıkları,Romatoloji / Kristal artriti,P1,0,Monosodyum ürat kristallerinin eklemde inflamasyon oluşturmasıdır.,"Ani başlayan şiddetli monoartrit, özellikle 1. MTP tutulumuyla klasikleşir. Polarizan mikroskopide negatif çift kırınımlı iğne kristaller tanıyı destekler.",Podagra + negatif çift kırınımlı iğne kristal gut lehinedir.,Pseudogutta CPPD kristalleri romboid ve pozitif çift kırınımlıdır.,"[""Podagra"", ""Ürik asit"", ""Monosodyum ürat kristali""]","[{""sourceFilePath"": ""src/data/cases.js::v167-new-049-kolik-yan-agrisi.learningTarget"", ""text"": ""Kalsiyum oksalat, ürik asit, strüvit, sistin ve kalsiyum fosfat taşlarını klinik-laboratuvar ipuçlarıyla karşılaştırma.""}, {""sourceFilePath"": ""src/data/cases.js::v167-new-049-kolik-yan-agrisi.diagnosis.options[1]"", ""text"": ""Ürik asit taşı""}]"
v403-internal-medicine-pseudogut,Pseudogut,"[""Pseudogut""]",İç Hastalıkları,Romatoloji / Kristal artriti,P1,0,Kalsiyum pirofosfat kristallerine bağlı akut inflamatuvar artrit tablosudur.,Diz gibi büyük eklemleri tutabilir; kondrokalsinozis eşlik edebilir. Polarizan mikroskopide pozitif çift kırınımlı romboid kristaller gut ayrımında öğretilir.,"Romboid, pozitif çift kırınımlı kristal pseudogut lehinedir.",Gut monosodyum ürat ve negatif çift kırınım; pseudogut CPPD ve pozitif çift kırınımdır.,"[""CPPD kristali"", ""Kondrokalsinozis"", ""Gut artriti""]",[]
v403-internal-medicine-sakroiliit,Sakroiliit,"[""Sakroiliit""]",İç Hastalıkları,Romatoloji / Spondiloartrit,P1,0,Sakroiliak eklem inflamasyonudur ve aksiyel spondiloartritlerin temel bulgusudur.,"İnflamatuvar bel ağrısı, sabah tutukluğu ve egzersizle rahatlama paterniyle birlikte değerlendirilir. HLA-B27 pozitifliği ve üveit/entezit gibi bulgular tanıyı destekleyebilir.",Genç hastada inflamatuvar bel ağrısı + sakroiliit ankilozan spondilit lehinedir.,Mekanik bel ağrısı istirahatle rahatlar; inflamatuvar bel ağrısı hareketle açılır.,"[""Ankilozan spondilit"", ""HLA-B27"", ""İnflamatuvar bel ağrısı""]",[]
v403-internal-medicine-fev1-fvc-dusuklugu,FEV1/FVC düşüklüğü,"[""FEV1/FVC düşüklüğü""]",İç Hastalıkları,Göğüs Hastalıkları / Solunum fonksiyon testi,P1,0,Birinci saniyedeki zorlu ekspiratuvar hacmin zorlu vital kapasiteye oranının azalmasıdır.,Obstrüktif akciğer hastalığında hava çıkışı zorlaştığı için FEV1 daha belirgin düşer ve oran azalır. KOAH tanısında bronkodilatör sonrası kalıcı düşük oran önemlidir.,FEV1/FVC düşükse obstrüktif patern düşün.,Restriktif hastalıkta FEV1 ve FVC birlikte azalır; oran normal/yüksek kalabilir.,"[""KOAH"", ""Astım"", ""Solunum fonksiyon testi""]","[{""sourceFilePath"": ""src/data/tusPearlCards.js::tus-pearl-internal-medicine-375-spot.topic"", ""text"": ""Ağır astımda magnezyum""}, {""sourceFilePath"": ""src/data/tusPearlCards.js::tus-pearl-internal-medicine-375-spot.keywords[0]"", ""text"": ""ağır astım""}]"
v403-internal-medicine-kor-pulmonale,Kor pulmonale,"[""Kor pulmonale""]",İç Hastalıkları,Göğüs Hastalıkları-Kardiyoloji / Sağ kalp,P1,0,Akciğer hastalığı veya pulmoner hipertansiyona bağlı sağ ventrikül yapı/fonksiyon bozukluğudur.,"KOAH, interstisyel akciğer hastalığı veya kronik tromboemboli sağ ventrikül basınç yükünü artırabilir. Ödem, hepatomegali ve JVD sağ kalp yetmezliği bulgularıdır.",Kronik akciğer hastalığı + sağ kalp yetmezliği = kor pulmonale düşün.,Sol kalp yetmezliği kaynaklı sağ kalp etkilenimi kor pulmonale tanımının dışında değerlendirilir.,"[""Pulmoner hipertansiyon"", ""KOAH"", ""Sağ kalp yetmezliği""]","[{""sourceFilePath"": ""src/data/tusPearlCards.js::tus-pearl-internal-medicine-147-spot.topic"", ""text"": ""Pulmoner hipertansiyonda verapamil tuzağı""}, {""sourceFilePath"": ""src/data/tusPearlCards.js::tus-pearl-internal-medicine-147-spot.keywords[0]"", ""text"": ""pulmoner hipertansiyon""}]"
v403-internal-medicine-cpap,CPAP,"[""CPAP""]",İç Hastalıkları,Göğüs Hastalıkları / Solunum desteği,P1,0,Sürekli pozitif havayolu basıncı sağlayarak üst havayolunu açık tutan solunum desteğidir.,Obstrüktif uyku apnesinde uyku sırasında havayolu kollapsını azaltır. Akut kardiyojenik pulmoner ödemde de alveol açılımına katkı sağlayabilir; bağlam tedavi hedefini belirler.,OSA’da CPAP mekanik olarak havayolunu açık tutar.,NIV/BiPAP inspiratuvar ve ekspiratuvar basınç desteği verir; CPAP tek düzey sürekli basınç sağlar.,"[""Obstrüktif uyku apnesi"", ""Noninvaziv ventilasyon"", ""Pulmoner ödem""]","[{""sourceFilePath"": ""src/data/cases.js::v163-new-002-acil-elektrolit-bozuklugu.investigations[3].result.values[1][3]"", ""text"": ""Belirgin pulmoner ödem yok""}, {""sourceFilePath"": ""src/data/cases.js::v163-new-002-acil-elektrolit-bozuklugu.investigations[3].result.rows[1][3]"", ""text"": ""Belirgin pulmoner ödem yok""}]"
v403-internal-medicine-transuda,Transüda,"[""Transüda""]",İç Hastalıkları,Göğüs-Gastro-Nefro / Sıvı analizi,P1,0,"Hidrostatik/onkotik basınç dengesizliğiyle oluşan, düşük proteinli efüzyon tipidir.","Kalp yetmezliği, siroz ve nefrotik sendrom gibi sistemik basınç/onkotik sorunlarda görülür. Light kriterleriyle eksüdadan ayrılır.",Plevral sıvıda transüda sistemik basınç/onkotik nedenleri düşündürür.,"Eksüda inflamasyon, malignite veya enfeksiyonla protein/LDH açısından daha zengindir.","[""Light kriterleri"", ""Plevral efüzyon"", ""Kalp yetmezliği""]","[{""sourceFilePath"": ""src/data/cases.js::v165-new-024-ates-ve-yeni-ufurum.exam[2]"", ""text"": ""Akciğerlerde bilateral dağınık raller vardır; periferik ödem veya belirgin sol kalp yetmezliği bulgusu saptanmaz.""}, {""sourceFilePath"": ""src/data/cases.js::v165-new-024-ates-ve-yeni-ufurum.investigations[4].result.values[1][1]"", ""text"": ""Minimal sağ plevral efüzyon""}]"
v403-internal-medicine-qsofa,qSOFA,"[""qSOFA""]",İç Hastalıkları,Enfeksiyon-Acil / Risk değerlendirme,P1,0,Enfeksiyon şüphesinde kötü klinik gidiş riskini hızlı belirlemek için kullanılan yatak başı skordur.,"Solunum sayısı, mental durum ve sistolik kan basıncı parametreleriyle ağır sepsis riskini işaret eder. Tanı testi değil, risk uyarı aracıdır; klinik değerlendirme ve organ disfonksiyonu ile birlikte yorumlanır.",qSOFA tanı koymaz; enfeksiyonda kötüleşme riskine dikkat çeker.,SOFA organ disfonksiyonunu daha ayrıntılı değerlendirir; qSOFA hızlı tarama aracıdır.,"[""Sepsis"", ""SOFA skoru"", ""Septik şok""]","[{""sourceFilePath"": ""src/data/cases.js::v165-new-024-ates-ve-yeni-ufurum.vitals.Şok indeksi"", ""text"": ""1.18; sepsis riski açısından yüksek""}, {""sourceFilePath"": ""src/data/cases.js::v165-new-024-ates-ve-yeni-ufurum.investigations[0].id"", ""text"": ""v165-new-024-ates-ve-yeni-ufurum-oksijenasyon-sepsis""}]"
v403-internal-medicine-sofa-skoru,SOFA skoru,"[""SOFA skoru""]",İç Hastalıkları,Enfeksiyon-Acil / Organ disfonksiyonu,P1,0,Sepsiste organ disfonksiyonunun derecesini değerlendiren çok sistemli skordur.,"Solunum, koagülasyon, karaciğer, dolaşım, nörolojik durum ve böbrek fonksiyonunu içerir. Sepsis tanımında enfeksiyona bağlı organ disfonksiyonunu göstermek için klinik çerçeve sağlar.",Sepsis = enfeksiyon + organ disfonksiyonu; SOFA bu disfonksiyonu sayısallaştırır.,qSOFA hızlı risk uyarısıdır; SOFA daha ayrıntılı organ disfonksiyonu skorudur.,"[""Sepsis"", ""qSOFA"", ""Organ yetmezliği""]","[{""sourceFilePath"": ""src/data/cases.js::v165-new-024-ates-ve-yeni-ufurum.vitals.Şok indeksi"", ""text"": ""1.18; sepsis riski açısından yüksek""}, {""sourceFilePath"": ""src/data/cases.js::v165-new-024-ates-ve-yeni-ufurum.investigations[0].id"", ""text"": ""v165-new-024-ates-ve-yeni-ufurum-oksijenasyon-sepsis""}]"
v403-internal-medicine-akut-vazoreaktivite-testi,Akut vazoreaktivite testi,"[""Akut vazoreaktivite testi""]",İç Hastalıkları,Göğüs Hastalıkları-Kardiyoloji / PAH testi,P1,2,Pulmoner arteriyel hipertansiyonda kısa etkili vazodilatörle pulmoner basınç yanıtını ölçen testtir.,Pozitif yanıt nadir bir hasta grubunda yüksek doz kalsiyum kanal blokeri tedavisinin güvenli ve etkili olabileceğini gösterir. Test yapılmadan ampirik KKB başlanması hemodinamik kötüleşme riski taşıyabilir.,PAH’da KKB ancak vazoreaktivite pozitif seçilmiş hastada düşünülür.,KOAH veya sol kalp hastalığına bağlı pulmoner hipertansiyonda yaklaşım altta yatan nedene yöneliktir.,"[""Pulmoner arteriyel hipertansiyon"", ""Sağ kalp kateterizasyonu"", ""Kalsiyum kanal blokeri""]","[{""sourceFilePath"": ""src/data/tusPearlCards.js::tus-pearl-internal-medicine-147-spot.front"", ""text"": ""Pulmoner arteriyel hipertansiyonda akut vazoreaktivite testi pozitifliği gösterilmeden kalsiyum kanal blokeri başlanması neden riskli bir tuzaktır?""}, {""sourceFilePath"": ""src/data/tusPearlInternalMedicine*Overrides.js::tus-pearl-internal-medicine-147-spot.front"", ""text"": ""Pulmoner arteriyel hipertansiyonda akut vazoreaktivite testi pozitifliği gösterilmeden kalsiyum kanal blokeri başlanması neden riskli bir tuzaktır?""}]"
v403-internal-medicine-sag-kalp-kateterizasyonu,Sağ kalp kateterizasyonu,"[""Sağ kalp kateterizasyonu""]",İç Hastalıkları,Kardiyoloji-Göğüs / Hemodinamik tanı,P1,10,Pulmoner ve sağ kalp basınçlarını doğrudan ölçen invaziv hemodinamik yöntemdir.,"Pulmoner hipertansiyonun kesin tanısı, prekapiller-postkapiller ayrımı ve vazoreaktivite değerlendirmesi için kullanılır. Ekokardiyografi tarama sağlar; kateterizasyon hemodinamik doğrulama yapar.",Pulmoner hipertansiyonda kesin hemodinamik sınıflama sağ kalp kateterizasyonuyla yapılır.,Ekokardiyografi olasılığı gösterir; kateterizasyon basınç ve wedge değerleriyle tanıyı netleştirir.,"[""Pulmoner arteriyel hipertansiyon"", ""Akut vazoreaktivite testi"", ""Wedge basıncı""]","[{""sourceFilePath"": ""src/data/tusPearlCards.js::tus-pearl-internal-medicine-147-extra.keywords[1]"", ""text"": ""sağ kalp kateterizasyonu""}, {""sourceFilePath"": ""src/data/tusPearlCards.js::tus-pearl-internal-medicine-147-extra.back"", ""text"": ""Sağ kalp kateterizasyonu.""}]"
v403-internal-medicine-tirotoksikozis-faktitisya,Tirotoksikozis faktitisya,"[""Tirotoksikozis faktitisya""]",İç Hastalıkları,Endokrinoloji / Tirotoksikoz,P1,14,Dışarıdan tiroid hormonu alımına bağlı düşük radyoaktif iyot tutulumu ve düşük tiroglobulinle giden tirotoksikoz tablosudur.,Bez hormon üretmediği için iyot tutulumu düşüktür; eksojen hormon kullanımı nedeniyle tiroglobulin de düşük beklenir. Subakut tiroiditten ağrılı tiroid ve inflamatuvar belirteçlerle ayrılır.,Düşük uptake + düşük tiroglobulin eksojen tiroid hormonu alımını düşündürür.,Subakut tiroiditte uptake düşük olabilir ama tiroglobulin genellikle yüksektir ve boyun ağrısı/ESR artışı eşlik eder.,"[""Radyoaktif iyot tutulumu"", ""Tiroglobulin"", ""Subakut tiroidit""]","[{""sourceFilePath"": ""src/data/tusPearlCards.js::tus-pearl-internal-medicine-148-spot.topic"", ""text"": ""Tirotoksikozis faktitisya""}, {""sourceFilePath"": ""src/data/tusPearlCards.js::tus-pearl-internal-medicine-148-spot.keywords[0]"", ""text"": ""tirotoksikozis faktitisya""}]"
v403-internal-medicine-renovaskuler-hipertansiyon,Renovasküler hipertansiyon,"[""Renovasküler hipertansiyon""]",İç Hastalıkları,Nefroloji-Kardiyoloji / Sekonder hipertansiyon,P1,18,Renal arter darlığına bağlı renin-anjiyotensin aktivasyonu ile gelişen sekonder hipertansiyondur.,"Dirençli hipertansiyon, abdominal üfürüm, ACE inhibitörü sonrası kreatinin artışı veya flash pulmoner ödem ipucu olabilir. Tanıda renal arter Doppler, BT/MR anjiyografi kullanılabilir.",Dirençli HT + abdominal üfürüm + ACEi sonrası kreatinin artışı renal arter stenozunu düşündürür.,Primer hiperaldosteronizmde renin baskılanır; renovasküler hipertansiyonda renin artışı beklenir.,"[""Renal arter stenozu"", ""ACE inhibitörü sonrası kreatinin artışı"", ""Flash pulmoner ödem""]","[{""sourceFilePath"": ""src/data/tusPearlCards.js::tus-pearl-internal-medicine-066-spot.differentialNote"", ""text"": ""Renovasküler hipertansiyonda renin genellikle artar; primer hiperaldosteronizmde renin baskılanır.""}, {""sourceFilePath"": ""src/data/tusPearlCards.js::tus-pearl-internal-medicine-149-spot.topic"", ""text"": ""Renovasküler hipertansiyon""}]"
v403-internal-medicine-ace-inhibitoru-sonrasi-kreatinin-artisi,ACE inhibitörü sonrası kreatinin artışı,"[""ACE inhibitörü sonrası kreatinin artışı""]",İç Hastalıkları,Nefroloji-Kardiyoloji / İlaç-hemodinami paterni,P1,0,ACE inhibitörü başladıktan sonra GFR azalmasına bağlı kreatinin yükselmesidir.,"Efferent arteriol dilatasyonu glomerül içi basıncı düşürür; bilateral renal arter stenozu, tek böbrek stenozu veya ağır volüm kaybında belirgin kreatinin artışı olabilir. Soru kökünde bu bulgu renovasküler hastalık ipucudur.",ACEi sonrası belirgin kreatinin artışı bilateral renal arter stenozu açısından uyarıcıdır.,Hafif kreatinin artışı beklenebilir; belirgin ve hızlı artış patolojik hemodinamik bağımlılığı düşündürür.,"[""Renal arter stenozu"", ""Renovasküler hipertansiyon"", ""GFR""]","[{""sourceFilePath"": ""src/data/tusPearlCards.js::tus-pearl-internal-medicine-066-spot.differentialNote"", ""text"": ""Renovasküler hipertansiyonda renin genellikle artar; primer hiperaldosteronizmde renin baskılanır.""}, {""sourceFilePath"": ""src/data/tusPearlCards.js::tus-pearl-internal-medicine-149-spot.topic"", ""text"": ""Renovasküler hipertansiyon""}]"
v403-internal-medicine-flash-pulmoner-odem,Flash pulmoner ödem,"[""Flash pulmoner ödem""]",İç Hastalıkları,Kardiyoloji-Nefroloji / Akut konjesyon,P1,0,Ani gelişen ağır pulmoner ödem tablosudur.,"Bilateral renal arter stenozu, hipertansif kriz veya akut kapak patolojileriyle görülebilir. Renovasküler hipertansiyon sorularında tekrarlayan ani akciğer ödemi önemli ipucudur.",Tekrarlayan ani pulmoner ödem renovasküler hipertansiyon düşündürebilir.,Kronik kalp yetmezliği daha yavaş konjesyonla gelebilir; flash ödem ani ve dramatiktir.,"[""Renovasküler hipertansiyon"", ""Hipertansif akut akciğer ödemi"", ""Pulmoner ödem""]","[{""sourceFilePath"": ""src/data/cases.js::v163-new-002-acil-elektrolit-bozuklugu.investigations[3].result.values[1][3]"", ""text"": ""Belirgin pulmoner ödem yok""}, {""sourceFilePath"": ""src/data/cases.js::v163-new-002-acil-elektrolit-bozuklugu.investigations[3].result.rows[1][3]"", ""text"": ""Belirgin pulmoner ödem yok""}]"
v403-internal-medicine-ozofagus-manometrisi,Özofagus manometrisi,"[""Özofagus manometrisi""]",İç Hastalıkları,Gastroenteroloji / Fonksiyonel test,P1,10,Özofagus motilitesini ve alt özofagus sfinkter basıncını ölçen testtir.,Akalazyada LES gevşemesi bozulur ve peristaltizm kaybı görülür; manometri tanıyı doğrulayan temel fonksiyonel testtir. Baryum grafisi ipucu verir ama kesin fonksiyonel tanıyı manometri koyar.,Akalazya tanısını kesinleştiren test özofagus manometrisidir.,Endoskopi mekanik darlık ve maligniteyi dışlar; manometri motor bozukluğu gösterir.,"[""Akalazya"", ""Kuş gagası görünümü"", ""Alt özofagus sfinkteri""]","[{""sourceFilePath"": ""src/data/tusPearlCards.js::tus-pearl-internal-medicine-150-extra.keywords[1]"", ""text"": ""özofagus manometrisi""}, {""sourceFilePath"": ""src/data/tusPearlCards.js::tus-pearl-internal-medicine-150-extra.back"", ""text"": ""Özofagus manometrisi.""}]"
v403-internal-medicine-alt-ozofagus-sfinkter-gevseme-kusuru,Alt özofagus sfinkter gevşeme kusuru,"[""Alt özofagus sfinkter gevşeme kusuru""]",İç Hastalıkları,Gastroenteroloji / Motilite,P1,0,Yutma sırasında alt özofagus sfinkterinin yeterli gevşeyememesidir.,"Akalazyanın temel patofizyolojisidir; hem katı hem sıvı gıdalara disfaji ve regürjitasyon oluşturur. Baryum grafide kuş gagası, manometride gevşeme kusuru ve aperistaltizm beklenir.",Katı+sıvı disfaji motor bozukluğu; LES gevşeme kusuru akalazyayı düşündürür.,Mekanik darlıkta başlangıçta katılara disfaji ön plandadır; akalazyada katı ve sıvı birlikte etkilenir.,"[""Akalazya"", ""Özofagus manometrisi"", ""Disfaji""]","[{""sourceFilePath"": ""src/data/tusPearlCards.js::tus-pearl-internal-medicine-150-spot.topic"", ""text"": ""Akalazya tanısı""}, {""sourceFilePath"": ""src/data/tusPearlCards.js::tus-pearl-internal-medicine-150-spot.keywords[0]"", ""text"": ""akalazya""}]"
v403-internal-medicine-asit-pmn-esigi,Asit PMN eşiği,"[""Asit PMN eşiği""]",İç Hastalıkları,Gastroenteroloji / Asit analizi,P0,0,Siroz asitinde spontan bakteriyel peritonit tanısı için PMN sayısının 250/mm³ veya üzerinde olmasıdır.,"Kültür negatif olsa bile PMN ≥250/mm³ ise SBP kabul edilip tedavi başlanır. Ateş, karın ağrısı, ensefalopati veya böbrek fonksiyon bozulması asit ponksiyonunu geciktirmemelidir.",Asitte PMN ≥250/mm³ ise kültür negatif olsa bile SBP tedavisi başlanır.,Malign asitte hücre artışı olabilir; sirozlu hastada PMN eşiği SBP açısından kritiktir.,"[""Spontan bakteriyel peritonit"", ""Asit"", ""Kültür negatif nötrositik asit""]","[{""sourceFilePath"": ""src/data/cases.js::v164-new-011-aclik-ve-kusma-sonrasi-metabolik-bozulma.investigations[1].summary"", ""text"": ""Asidemi, düşük bikarbonat ve yüksek anyon açıklığı organik asit birikimiyle uyumlu metabolik asidoz paternini gösterir.""}, {""sourceFilePath"": ""src/data/cases.js::v164-new-011-aclik-ve-kusma-sonrasi-metabolik-bozulma.investigations[1].clinicalMeaning"", ""text"": ""Asidemi, düşük bikarbonat ve yüksek anyon açıklığı organik asit birikimiyle uyumlu metabolik asidoz paternini gösterir.""}]"
v403-internal-medicine-kultur-negatif-notrositik-asit,Kültür negatif nötrositik asit,"[""Kültür negatif nötrositik asit""]",İç Hastalıkları,Gastroenteroloji / Asit enfeksiyonu,P1,2,Asit PMN ≥250/mm³ olduğu halde kültürde bakteri üretilemeyen SBP varyantıdır.,Kültür negatifliği tedaviyi erteletmez; nötrofil eşiği klinik olarak enfeksiyonu gösterir. Özellikle antibiyotik öncesi uygun kan kültürü şişesine asit ekimi duyarlılığı artırabilir.,PMN yüksekse kültür negatifliği SBP tedavisini durdurmaz.,Bakteriasiteste kültür pozitif olup PMN düşük olabilir; nötrositik asitte PMN yüksekliği belirleyicidir.,"[""Asit PMN eşiği"", ""Spontan bakteriyel peritonit"", ""Asit kültürü""]","[{""sourceFilePath"": ""src/data/tusPearlCards.js::tus-pearl-internal-medicine-348-extra.explanation"", ""text"": ""Kültür negatif nötrositik asit, klinik olarak SBP spektrumunda değerlendirilir. Tedaviyi kültür sonucuna bırakmak böbrek yetmezliği ve mortalite riskini artırabilir. Böbrek fonksiyon bozukluğu veya yüksek bilirübin gibi risklerde albumin eklenmesi hepatorenal komplikasyon riskini azaltmak için önemlidir.""}, {""sourceFilePath"": ""src/data/tusPearlInternalMedicine*Overrides.js::tus-pearl-internal-medicine-348-extra.explanation"", ""text"": ""Kültür negatif nötrositik asit, klinik olarak SBP spektrumunda değerlendirilir. Tedaviyi kültür sonucuna bırakmak böbrek yetmezliği ve mortalite riskini artırabilir. Böbrek fonksiyon bozukluğu veya yüksek bilirübin gibi risklerde albumin eklenmesi hepatorenal komplikasyon riskini azaltmak için önemlidir.""}]"
v403-internal-medicine-asit-kulturu,Asit kültürü,"[""Asit kültürü""]",İç Hastalıkları,Gastroenteroloji / Asit analizi,P1,2,Asit sıvısında bakteriyel üremeyi saptamak için yapılan kültür incelemesidir.,SBP şüphesinde tanıyı destekler ve etkeni gösterebilir; ancak duyarlılık sınırlı olduğundan PMN eşiği tedavi kararında daha kritik olabilir. Kan kültürü şişesine yatak başı ekim verimi artırır.,SBP’de kültür yardımcıdır; PMN ≥250/mm³ tedavi için yeterlidir.,Kan kültürü sistemik bakteriyemiyi; asit kültürü peritoneal sıvı etkenini araştırır.,"[""Spontan bakteriyel peritonit"", ""Asit PMN eşiği"", ""Kan kültürü""]","[{""sourceFilePath"": ""src/data/tusPearlCards.js::tus-pearl-internal-medicine-348-extra.front"", ""text"": ""Asit kültürü negatif olsa bile PMN ≥250/mm³ olan siroz hastasında yaklaşım nasıl olmalıdır?""}, {""sourceFilePath"": ""src/data/tusPearlInternalMedicine*Overrides.js::tus-pearl-internal-medicine-348-extra.front"", ""text"": ""Asit kültürü negatif olsa bile PMN ≥250/mm³ olan siroz hastasında yaklaşım nasıl olmalıdır?""}]"
v403-internal-medicine-serum-triptaz,Serum triptaz,"[""Serum triptaz""]",İç Hastalıkları,Alerji-İmmünoloji / Anafilaksi belirteci,P1,8,Mast hücre aktivasyonu sonrası serumda yükselebilen proteaz belirtecidir.,Anafilaksi kliniğini destekleyebilir ancak normal olması anafilaksiyi dışlamaz. Yönetim klinik tabloya dayanır; epinefrin geciktirilmez.,"Anafilaksi kliniğinde triptaz destekleyicidir, tedaviyi bekletmez.",Histamin daha kısa ömürlüdür; triptaz mast hücre aktivasyonunu daha pratik destekleyebilir.,"[""Anafilaksi"", ""Mast hücre aktivasyonu"", ""İntramüsküler epinefrin""]","[{""sourceFilePath"": ""src/data/tusPearlCards.js::tus-pearl-internal-medicine-344-spot.keywords[1]"", ""text"": ""serum triptaz""}, {""sourceFilePath"": ""src/data/tusPearlCards.js::tus-pearl-internal-medicine-344-spot.back"", ""text"": ""Serum triptaz düzeyi.""}]"
v403-internal-medicine-hipertansif-akut-akciger-odemi,Hipertansif akut akciğer ödemi,"[""Hipertansif akut akciğer ödemi""]",İç Hastalıkları,Kardiyoloji / Hipertansif acil,P1,4,Yüksek kan basıncı ve sol ventrikül dolum basıncı artışıyla ani pulmoner ödem gelişmesidir.,Afterload artışı sol ventrikül boşalmasını zorlaştırır; pulmoner venöz basınç hızla yükselir. Stabil hastada nitratlar preload/afterload azaltarak semptomları hızla düzeltebilir.,"Hipertansif pulmoner ödemde nitrat, basınç yükünü ve konjesyonu hızla azaltır.",Kardiyojenik şokta vazodilatörler hipotansiyonu kötüleştirebilir; hipertansif ödemde basınç düşürme hedeflenir.,"[""Nitrat tedavisi"", ""Pulmoner ödem"", ""Afterload""]","[{""sourceFilePath"": ""src/data/tusPearlCards.js::tus-pearl-internal-medicine-345-spot.explanation"", ""text"": ""Hipertansif akut akciğer ödeminde yüksek afterload ve pulmoner venöz basınç alveoler sıvı birikimini artırır. Nitrater preload ve afterload’u azaltarak hızlı hemodinamik rahatlama sağlar; noninvaziv ventilasyon oksijenasyonu ve solunum işini düzeltir. Sistolik fonksiyon korunmuş ve belirgin hipotansiyon yoksa ilk refleks pozitif inotrop değildir.""}, {""sourceFilePath"": ""src/data/tusPearlCards.js::tus-pearl-internal-medicine-345-extra.front"", ""text"": ""Hipertansif akut akciğer ödeminde nitrat tedavisi semptomları hangi temel mekanizmayla hızla azaltır?""}]"
v403-internal-medicine-nitrat-tedavisi,Nitrat tedavisi,"[""Nitrat tedavisi""]",İç Hastalıkları,Kardiyoloji / Vazodilatör tedavi,P1,2,Venöz ve yüksek dozda arteriyel dilatasyonla preload ve afterload azaltan tedavi yaklaşımıdır.,"Akut koroner sendromda ağrı/iskemi yükünü, hipertansif pulmoner ödemde dolum basınçlarını azaltabilir. Hipotansiyon, sağ ventrikül infarktı veya PDE-5 inhibitörü kullanımı önemli tuzaklardır.",Nitrat konjesyonu azaltır ama hipotansif hastada tehlikelidir.,Diüretik sıvı atılımını artırır; nitrat daha hızlı hemodinamik vazodilatasyon sağlar.,"[""Hipertansif akut akciğer ödemi"", ""Preload"", ""Afterload""]","[{""sourceFilePath"": ""src/data/tusPearlCards.js::tus-pearl-internal-medicine-345-extra.front"", ""text"": ""Hipertansif akut akciğer ödeminde nitrat tedavisi semptomları hangi temel mekanizmayla hızla azaltır?""}, {""sourceFilePath"": ""src/data/tusPearlInternalMedicine*Overrides.js::tus-pearl-internal-medicine-345-extra.front"", ""text"": ""Hipertansif akut akciğer ödeminde nitrat tedavisi semptomları hangi temel mekanizmayla hızla azaltır?""}]"
v403-internal-medicine-dispepside-alarm-bulgulari,Dispepside alarm bulguları,"[""Dispepside alarm bulguları""]",İç Hastalıkları,Gastroenteroloji / Tanısal yaklaşım,P1,0,Dispepsi hastasında malignite veya ciddi organik hastalık olasılığını artıran uyarı bulgularıdır.,"Kilo kaybı, disfaji, kanama, anemi, kusma, aile öyküsü veya ileri yaş gibi bulgular endoskopi eşiğini düşürür. Genç ve alarm bulgusu olmayan hastada H. pylori test-et-tedavi veya ampirik asit baskılama düşünülebilir.",İleri yaş veya alarm bulgusu varsa dispepside endoskopi öncelik kazanır.,Fonksiyonel dispepside alarm bulgusu yoktur; alarm varsa organik neden dışlanmalıdır.,"[""Dispepsi"", ""Üst gastrointestinal endoskopi"", ""Demir eksikliği anemisi""]","[{""sourceFilePath"": ""src/data/cases.js::v192-new-304-halsizlik-ve-pika.learningTarget"", ""text"": ""Demir eksikliği anemisini talasemi taşıyıcılığı, kronik hastalık anemisi, sideroblastik anemi ve hemolizden ferritin-TDBK-transferrin satürasyonu paternine göre ayırma.""}, {""sourceFilePath"": ""src/data/cases.js::v192-new-304-halsizlik-ve-pika.diagnosis.correct"", ""text"": ""Demir eksikliği anemisi""}]"
v403-internal-medicine-dispepsi,Dispepsi,"[""Dispepsi""]",İç Hastalıkları,Gastroenteroloji / Semptom kompleksi,P1,24,"Epigastrik ağrı, yanma, erken doyma veya postprandiyal dolgunlukla seyreden üst gastrointestinal yakınma kompleksidir.",Yaklaşım yaş ve alarm bulgularına göre değişir. Genç alarm bulgusuz hastada H. pylori stratejisi veya PPI denenebilir; ileri yaşta veya alarm bulgusunda endoskopi önceliklidir.,Dispepside karar yaştan ve alarm bulgusundan başlar.,GERD’de retrosternal yanma/regürjitasyon; dispepside epigastrik dolgunluk-ağrı baskındır.,"[""Dispepside alarm bulguları"", ""H. pylori"", ""PPI""]","[{""sourceFilePath"": ""src/data/tusPearlCards.js::tus-pearl-internal-medicine-346-spot.topic"", ""text"": ""Yeni başlangıç dispepsi yaşı""}, {""sourceFilePath"": ""src/data/tusPearlCards.js::tus-pearl-internal-medicine-346-spot.keywords[0]"", ""text"": ""dispepsi""}]"
v403-internal-medicine-sistemik-skleroz-renal-kriz,Sistemik skleroz renal kriz,"[""Sistemik skleroz renal kriz""]",İç Hastalıkları,Romatoloji-Nefroloji / Skleroderma acili,P0,0,Sistemik sklerozda ani ağır hipertansiyon ve akut böbrek yetmezliğiyle giden acil tablodur.,Renal küçük damar hasarı ve RAAS aktivasyonu hızla böbrek fonksiyon kaybına yol açar. Tedavide ACE inhibitörü erken başlanması klasik hayat kurtarıcı yaklaşımdır; yüksek doz steroid tetikleyici olabilir.,Sistemik skleroz + ani HT + kreatinin artışı = ACE inhibitörü geciktirme.,Lupus nefritinde immün kompleks nefriti; skleroderma renal krizde vaskülopatik hipertansif böbrek hasarı baskındır.,"[""Sistemik skleroz"", ""ACE inhibitörü"", ""Malign hipertansiyon arteriolopatisi""]","[{""sourceFilePath"": ""src/data/cases.js::v163-new-002-acil-elektrolit-bozuklugu.patientIntro.historySummary"", ""text"": ""Azalan idrar miktarı, ACE inhibitörü kullanımı ve potasyum içeren tuz alternatifi ağır hiperkalemi için klinik zemin oluşturur; göğüs ağrısı ve fokal nörolojik defisit tariflememesi ayırıcı tanıyı daraltır.""}, {""sourceFilePath"": ""src/data/cases.js::v163-new-002-acil-elektrolit-bozuklugu.investigations[2].result.values[1][1]"", ""text"": ""ACE inhibitörü ve potasyum içeren tuz alternatifi kullanımı""}]"
v403-internal-medicine-dijital-ulser,Dijital ülser,"[""Dijital ülser""]",İç Hastalıkları,Romatoloji / Vasküler komplikasyon,P1,14,Parmak uçlarında iskemiye bağlı gelişen ağrılı yara alanıdır.,"Sistemik skleroz ve ağır Raynaud fenomeninde küçük damar hastalığı parmak perfüzyonunu bozar. Endotelin yolu tedavileri, vazodilatörler ve iskemi yönetimi gündeme gelebilir.",Sistemik sklerozda tekrarlayan dijital ülser damar patolojisini gösterir.,Diyabetik ülser nöropati/aterosklerozla; skleroderma dijital ülseri vazospazm-vaskülopatiyle ilişkilidir.,"[""Raynaud fenomeni"", ""Sistemik skleroz"", ""Endotelin reseptör antagonisti""]","[{""sourceFilePath"": ""src/data/tusPearlCards.js::tus-pearl-internal-medicine-369-spot.topic"", ""text"": ""Sistemik skleroz dijital ülser""}, {""sourceFilePath"": ""src/data/tusPearlCards.js::tus-pearl-internal-medicine-369-spot.keywords[1]"", ""text"": ""dijital ülser""}]"
v403-internal-medicine-bosentan,Bosentan,"[""Bosentan""]",İç Hastalıkları,Romatoloji-Kardiyoloji / Endotelin antagonisti,P1,12,Endotelin reseptör antagonisti olarak pulmoner arteriyel hipertansiyon ve skleroderma dijital ülserlerinde kullanılan ilaçtır.,Endotelin güçlü vazokonstriktör ve proliferatif etkiler gösterir; blokajı seçilmiş vasküler komplikasyonlarda yarar sağlar. Karaciğer toksisitesi ve gebelik riski nedeniyle izlem gerekir.,Sklerodermada tekrarlayan dijital ülserlerde endotelin yolu hedeflenebilir.,Kalsiyum kanal blokerleri Raynaud semptomlarını azaltabilir; bosentan özellikle dijital ülser önleme bağlamında sorulabilir.,"[""Endotelin reseptör antagonisti"", ""Dijital ülser"", ""Pulmoner arteriyel hipertansiyon""]","[{""sourceFilePath"": ""src/data/tusPearlCards.js::tus-pearl-internal-medicine-369-spot.keywords[2]"", ""text"": ""bosentan""}, {""sourceFilePath"": ""src/data/tusPearlCards.js::tus-pearl-internal-medicine-369-spot.back"", ""text"": ""Bosentan gibi endotelin reseptör antagonisti.""}]"
v403-internal-medicine-aktif-idrar-sedimenti,Aktif idrar sedimenti,"[""Aktif idrar sedimenti""]",İç Hastalıkları,Nefroloji / İdrar mikroskopisi,P1,12,"Hematüri, eritrosit silendiri veya hücresel silendirlerle glomerüler inflamasyonu düşündüren idrar bulgusudur.",Diyabetik nefropatinin klasik yavaş proteinürik gidişinden farklı olarak aktif sediment alternatif glomerülopatiyi düşündürür. SLE veya vaskülitlerde renal tutulum açısından önemlidir.,Diyabetlide aktif sediment varsa sadece diyabetik nefropatiye bağlama.,Basit albuminüri diyabetik nefropatiyle uyumlu olabilir; eritrosit silendiri glomerülonefrit düşündürür.,"[""Eritrosit silendiri"", ""Lupus nefriti"", ""Diyabetik nefropati""]","[{""sourceFilePath"": ""src/data/cases.js::v164-new-018-hemoptizi-ve-hematuri-birlikteligi.question"", ""text"": ""Hemoptizi, hipoksemi, hızlı kreatinin artışı, aktif idrar sedimenti ve anti-GBM pozitifliği bulunan bu hastada en uygun başlangıç tedavisi hangisidir?""}, {""sourceFilePath"": ""src/data/cases.js::v164-new-018-hemoptizi-ve-hematuri-birlikteligi.diagnosis.question"", ""text"": ""Hemoptizi, hipoksemi, hızlı kreatinin artışı, aktif idrar sedimenti ve anti-GBM pozitifliği bulunan bu hastada en uygun başlangıç tedavisi hangisidir?""}]"
v403-internal-medicine-akut-gut-atagi,Akut gut atağı,"[""Akut gut atağı""]",İç Hastalıkları,Romatoloji / Kristal artriti,P1,10,Ürat kristallerinin tetiklediği ani şiddetli inflamatuvar artrit atağıdır.,"NSAİİ, kolşisin veya steroid akut semptom kontrolünde kullanılır; böbrek fonksiyonu ve komorbiditeler seçimde önemlidir. Ürat düşürücü tedavi akut atakta başlanmışsa genellikle kesilmez, yeni başlanması bağlama göre planlanır.",Akut gutta önce inflamasyonu söndür; ürat düşürücü uzun dönem stratejidir.,Septik artrit ateş ve tek eklemle karışabilir; eklem aspirasyonu gerekebilir.,"[""Gut artriti"", ""Podagra"", ""Kolşisin""]","[{""sourceFilePath"": ""src/data/tusPearlCards.js::tus-pearl-internal-medicine-372-spot.topic"", ""text"": ""Akut gut atağı tedavisi""}, {""sourceFilePath"": ""src/data/tusPearlCards.js::tus-pearl-internal-medicine-372-spot.front"", ""text"": ""Böbrek fonksiyonu uygun olan akut gut atağında ilk basamak semptomatik tedavi seçenekleri nelerdir?""}]"
v403-internal-medicine-allopurinol-baslama-kurali,Allopurinol başlama kuralı,"[""Allopurinol başlama kuralı""]",İç Hastalıkları,Romatoloji / Ürat düşürücü tedavi,P1,0,Ürat düşürücü tedavinin akut atak yönetimiyle karıştırılmaması gerektiğini belirten klinik kuraldır.,Akut atağın ortasında yeni allopurinol başlanması inflamasyonu dalgalandırabilir; ancak hasta düzenli kullanıyorsa çoğu yaklaşımda kesilmez. Uzun dönem profilaksi atak kontrolü ve hedef ürat düzeyine göre planlanır.,Akut gut atağında yeni allopurinol başlama sorusu klasik tuzaktır.,Kolşisin akut inflamasyonu baskılar; allopurinol ürat üretimini uzun dönemde azaltır.,"[""Akut gut atağı"", ""Gut artriti"", ""Ürik asit""]","[{""sourceFilePath"": ""src/data/cases.js::v167-new-049-kolik-yan-agrisi.learningTarget"", ""text"": ""Kalsiyum oksalat, ürik asit, strüvit, sistin ve kalsiyum fosfat taşlarını klinik-laboratuvar ipuçlarıyla karşılaştırma.""}, {""sourceFilePath"": ""src/data/cases.js::v167-new-049-kolik-yan-agrisi.diagnosis.options[1]"", ""text"": ""Ürik asit taşı""}]"
v403-internal-medicine-inflamatuvar-miyopati,İnflamatuvar miyopati,"[""İnflamatuvar miyopati""]",İç Hastalıkları,Romatoloji / Kas hastalığı,P1,6,Kas inflamasyonuna bağlı simetrik proksimal güçsüzlük ve CK yüksekliğiyle seyreden hastalık grubudur.,"Polimiyozit, dermatomiyozit ve immün aracılı nekrotizan miyopati bu gruptadır. PMR’den farkı gerçek kas güçsüzlüğü ve kas enzim yüksekliğinin belirgin olmasıdır.",Proksimal güçsüzlük + CK yüksekliği inflamatuvar miyopati lehinedir.,"Polimiyaljia romatikada ağrı-tutukluk baskın, CK genellikle normaldir.","[""Dermatomiyozit"", ""CK yüksekliği"", ""Polimiyaljia romatika""]","[{""sourceFilePath"": ""src/data/tusPearlCards.js::tus-pearl-internal-medicine-374-extra.front"", ""text"": ""Polimiyalji romatika ile inflamatuvar miyopatileri ayırmada hangi laboratuvar ve muayene farkı kullanılır?""}, {""sourceFilePath"": ""src/data/tusPearlCards.js::tus-pearl-internal-medicine-374-extra.back"", ""text"": ""PMR’de CK genellikle normaldir ve gerçek güçsüzlük yoktur; inflamatuvar miyopatide CK yüksekliği ve objektif proksimal güçsüzlük beklenir.""}]"
v403-internal-medicine-astimda-paco2-normallesmesi,Astımda PaCO2 normalleşmesi,"[""Astımda PaCO2 normalleşmesi""]",İç Hastalıkları,Göğüs Hastalıkları / Ağır astım uyarısı,P0,0,Ağır astım atağında beklenen hipokapninin kaybolup PaCO2’nin normal/yüksek hale gelmesidir.,Başlangıçta hiperventilasyon PaCO2’yi düşürür; solunum kasları yorulunca ventilasyon azalır ve PaCO2 normalleşir veya yükselir. Bu kötüleşme ve entübasyon riski açısından kritik uyarıdır.,Astım atağında PaCO2’nin yükselmesi rahatlama değil solunum yorgunluğu olabilir.,Hafif atakta PaCO2 düşük olabilir; ağır yorulmada normal/yüksek PaCO2 tehlikelidir.,"[""Astım alevlenmesi"", ""Hiperkapni"", ""Solunum yetmezliği""]","[{""sourceFilePath"": ""src/data/tusPearlCards.js::tus-pearl-internal-medicine-375-spot.tusTip"", ""text"": ""Ağır-refrakter astım atağında magnezyum ek tedavidir; solunum yetmezliği bulgusu varsa entübasyon/NIV değerlendirilir.""}, {""sourceFilePath"": ""src/data/tusPearlCards.js::tus-pearl-internal-medicine-375-spot.differentialNote"", ""text"": ""KOAH alevlenmesinde NIV endikasyonu özellikle hiperkapnik asidozla belirginleşir; astımda yorgunluk ve sessiz göğüs kritik alarmdır.""}]"
v403-internal-medicine-yuksek-klinik-olasilikta-d-dimer-tuzagi,Yüksek klinik olasılıkta D-dimer tuzağı,"[""Yüksek klinik olasılıkta D-dimer tuzağı""]",İç Hastalıkları,Göğüs Hastalıkları / PE algoritması,P1,0,Pulmoner emboli olasılığı yüksek hastada D-dimer ile dışlama yapılmaya çalışılmasıdır.,D-dimer düşük riskli hastada negatifse dışlamaya yardım eder; yüksek olasılıkta görüntüleme veya acil tedavi stratejisi önceliklidir. Bu ayrım TUS algoritmalarında sık tuzaktır.,PE olasılığı yüksekse D-dimer bekleyerek vakit kaybetme; görüntüleme/tedavi düşün.,Düşük olasılıkta negatif D-dimer değerlidir; yüksek olasılıkta yeterli değildir.,"[""Pulmoner emboli"", ""D-dimer"", ""BT pulmoner anjiyografi""]","[{""sourceFilePath"": ""src/data/cases.js::v164-new-018-hemoptizi-ve-hematuri-birlikteligi.diagnosis.options[2]"", ""text"": ""Antikoagülasyonla pulmoner emboli tedavisi başlamak""}, {""sourceFilePath"": ""src/data/cases.js::v164-new-018-hemoptizi-ve-hematuri-birlikteligi.diagnosis.answerFeedback.optionComparison.Antikoagülasyonla pulmoner emboli tedavisi başlamak"", ""text"": ""Hemoptizi ve hipoksemi pulmoner embolide de görülebilir; ancak aktif glomerüler sediment, anti-GBM pozitifliği ve lineer IgG paterni emboliden farklı bir pulmoner-renal sendromu gösterir. Ayrıca alveoler hemoraji varken antikoagülasyon kanamayı kötüleştirebilir.""}]"
v403-internal-medicine-af-kaynakli-kardiyoembolik-inme,AF kaynaklı kardiyoembolik inme,"[""AF kaynaklı kardiyoembolik inme""]",İç Hastalıkları,Kardiyoloji-Nöroloji / Tromboemboli,P1,0,Atriyal fibrilasyonda sol atriyal apendikste oluşan trombüsün serebral emboliye yol açmasıdır.,Düzensiz atriyal kasılma kan stazı yaratır; trombüs sistemik dolaşıma atılırsa inme gelişebilir. Antikoagülasyon kararının temel hedefi bu komplikasyonu önlemektir.,AF’de antikoagülasyonun ana hedefi kardiyoembolik inmeyi önlemektir.,Antiplatelet tedavi aterotrombotik olaylarda önemlidir; AF inme önlemede antikoagülasyon belirleyicidir.,"[""Atriyal fibrilasyon"", ""Antikoagülasyon"", ""CHA2DS2-VASc skoru""]","[{""sourceFilePath"": ""src/data/cases.js::v164-new-014-purpura-ve-norolojik-bulgular.diagnosis.answerFeedback.optionComparison.Düşük molekül ağırlıklı heparin başlamak"", ""text"": ""Heparin venöz tromboemboli yönetiminde kullanılır; burada temel sorun trombositten zengin mikrotrombüsler ve ADAMTS13 eksikliği/inhibitörü paternidir. Ağır trombositopeni varken antikoagülasyon ilk yaklaşım değildir.""}, {""sourceFilePath"": ""src/data/cases.js::v164-new-014-purpura-ve-norolojik-bulgular.diagnosis.answerFeedback.whyWrong.Düşük molekül ağırlıklı heparin başlamak"", ""text"": ""Heparin venöz tromboemboli yönetiminde kullanılır; burada temel sorun trombositten zengin mikrotrombüsler ve ADAMTS13 eksikliği/inhibitörü paternidir. Ağır trombositopeni varken antikoagülasyon ilk yaklaşım değildir.""}]"
v403-internal-medicine-endokarditte-antibiyotik-oncesi-kan-kulturu,Endokarditte antibiyotik öncesi kan kültürü,"[""Endokarditte antibiyotik öncesi kan kültürü""]",İç Hastalıkları,Enfeksiyon-Kardiyoloji / Tanısal yaklaşım,P1,0,Stabil enfektif endokardit şüphesinde antibiyotik başlamadan önce uygun sayıda kan kültürü alınmasıdır.,Etkenin gösterilmesi tedaviyi hedeflemek için kritiktir; stabil hastada kültür alınmadan antibiyotik başlanması tanısal verimi azaltabilir. Hemodinamik instabilite veya sepsis varsa tedavi geciktirilmez.,Stabil endokardit şüphesinde antibiyotik öncesi kan kültürü alınır.,Septic şokta kültür alınmaya çalışılır ama antibiyotik gereksiz geciktirilmez.,"[""Enfektif endokardit"", ""Kan kültürü"", ""Vejetasyon""]","[{""sourceFilePath"": ""src/data/cases.js::v165-new-024-ates-ve-yeni-ufurum.clinicalFocus"", ""text"": ""Sağ taraf enfektif endokarditte damar içi madde kullanımı, triküspit tutulum ve pulmoner embolik odakları birlikte yorumlayarak en olası etkeni seçme.""}, {""sourceFilePath"": ""src/data/cases.js::v165-new-024-ates-ve-yeni-ufurum.investigations[2].label"", ""text"": ""Antibiyotik öncesi kan kültürü""}]"
v403-internal-medicine-aort-diseksiyonunda-beta-bloker-onceligi,Aort diseksiyonunda beta bloker önceliği,"[""Aort diseksiyonunda beta bloker önceliği""]",İç Hastalıkları,Kardiyoloji / Aort acili,P0,0,Aort diseksiyonunda kan basıncını düşürmeden önce kalp hızını ve dP/dt’yi azaltma yaklaşımıdır.,"Sadece vazodilatör verilirse refleks taşikardi aort duvar stresini artırabilir. Bu nedenle beta blokerle shear stress azaltılır, ardından gerekiyorsa vazodilatör eklenir.","Aort diseksiyonunda önce kalp hızı/shear stress kontrolü, sonra basınç düşürme düşün.",Hipertansif akciğer ödeminde nitrat öne çıkabilir; diseksiyonda beta bloker sıralaması kritiktir.,"[""Aort diseksiyonu"", ""Beta bloker"", ""Shear stress""]","[{""sourceFilePath"": ""src/data/tusPearlCards.js::tus-pearl-internal-medicine-380-spot.topic"", ""text"": ""Aort diseksiyonu""}, {""sourceFilePath"": ""src/data/tusPearlCards.js::tus-pearl-internal-medicine-380-spot.keywords[0]"", ""text"": ""aort diseksiyonu""}]"
v403-internal-medicine-taco,TACO,"[""transfüzyon ilişkili dolaşım yüklenmesi""]",İç Hastalıkları,Transfüzyon tıbbı / Transfüzyon reaksiyonu,P1,14,Transfüzyon ilişkili dolaşım yüklenmesiyle gelişen kardiyojenik pulmoner ödem tablosudur.,"Transfüzyon sonrası dispne ve hipoksemi yapar; hipertansiyon, JVD, BNP artışı ve diüretik yanıtı TACO lehinedir. TRALI ise nonkardiyojenik inflamatuvar akciğer hasarıdır.",TRALI-TACO ayrımında volüm yükü bulguları ve BNP/diüretik yanıtı önemlidir.,TRALI’de hipotansiyon ve nonkardiyojenik ödem; TACO’da dolaşım yüklenmesi beklenir.,"[""TRALI"", ""Pulmoner ödem"", ""BNP""]","[{""sourceFilePath"": ""src/data/tusPearlCards.js::tus-pearl-internal-medicine-381-spot.differentialNote"", ""text"": ""TACO’da volüm yüklenmesi, hipertansiyon, JVD, yüksek BNP ve diüretiğe yanıt daha belirgindir.""}, {""sourceFilePath"": ""src/data/tusPearlCards.js::tus-pearl-internal-medicine-381-extra.keywords[1]"", ""text"": ""TACO""}]"
v403-internal-medicine-tumor-lizis-sendromu,Tümör lizis sendromu,"[""Tümör lizis sendromu""]",İç Hastalıkları,Hematoloji-Onkoloji / Metabolik acil,P0,8,"Hızlı tümör hücre yıkımı sonrası hiperürisemi, hiperfosfatemi, hiperkalemi ve hipokalsemiyle gelişen onkolojik acildir.","Kemoterapi sonrası özellikle yüksek tümör yükü olan hematolojik malignitelerde görülür. Böbrek hasarını önlemek için hidrasyon, ürik asit kontrolü ve elektrolit izlemi gerekir.","Kemoterapi sonrası K↑, fosfat↑, ürik asit↑, kalsiyum↓ = tümör lizis sendromu.",DKA’da ketozis/asidoz; tümör liziste hücre içi iyon ve nükleik asit yıkım ürünleri baskındır.,"[""Hiperürisemi"", ""Rasburikaz"", ""Akut böbrek hasarı""]","[{""sourceFilePath"": ""src/data/tusPearlCards.js::tus-pearl-internal-medicine-382-spot.topic"", ""text"": ""Tümör lizis sendromu""}, {""sourceFilePath"": ""src/data/tusPearlCards.js::tus-pearl-internal-medicine-382-spot.back"", ""text"": ""Tümör lizis sendromu.""}]"
v403-internal-medicine-rasburikaz,Rasburikaz,"[""Rasburikaz""]",İç Hastalıkları,Hematoloji-Onkoloji / Tümör lizis tedavisi,P1,6,Ürik asidi daha çözünebilir allantoin formuna yıkan rekombinant ürat oksidazdır.,Yüksek riskli tümör lizis sendromunda ürik asidi hızla azaltmak için kullanılabilir. G6PD eksikliğinde hemoliz/methemoglobinemi riski nedeniyle dikkat gerekir.,Yüksek riskli tümör liziste rasburikaz ürik asidi hızlı düşürür.,Allopurinol yeni ürik asit oluşumunu azaltır; rasburikaz mevcut ürik asidi yıkar.,"[""Tümör lizis sendromu"", ""Ürik asit"", ""G6PD eksikliği""]","[{""sourceFilePath"": ""src/data/tusPearlCards.js::tus-pearl-internal-medicine-382-extra.keywords[3]"", ""text"": ""rasburikaz""}, {""sourceFilePath"": ""src/data/tusPearlCards.js::tus-pearl-internal-medicine-382-extra.back"", ""text"": ""Agresif intravenöz hidrasyon ve risk düzeyine göre allopurinol veya rasburikaz ile ürik asit kontrolü.""}]"
v403-internal-medicine-alfa-blokaj,Alfa blokaj,"[""Alfa blokaj""]",İç Hastalıkları,Endokrinoloji / Feokromositoma hazırlığı,P1,8,Feokromositoma cerrahisi öncesi alfa adrenerjik etkileri baskılama yaklaşımıdır.,Önce alfa blokaj yapılmadan beta bloker verilirse vazokonstriksiyon baskın kalabilir ve hipertansif kriz kötüleşebilir. Bu sıralama feokromositoma yönetiminde klasik sınav tuzağıdır.,Feokromositomada beta blokajdan önce alfa blokaj yapılır.,Hipertiroidide beta bloker semptom kontrolü için erken verilebilir; feokromositomada sıra farklıdır.,"[""Feokromositoma"", ""Beta bloker"", ""Katekolamin fazlalığı""]","[{""sourceFilePath"": ""src/data/tusPearlCards.js::tus-pearl-internal-medicine-383-extra.keywords[1]"", ""text"": ""alfa blokaj""}, {""sourceFilePath"": ""src/data/tusPearlCards.js::tus-pearl-internal-medicine-383-extra.front"", ""text"": ""Feokromositoma ameliyatı öncesinde beta blokerden önce alfa blokaj yapılmasının nedeni nedir?""}]"
v403-internal-medicine-igf-1,IGF-1,"[""IGF-1""]",İç Hastalıkları,Endokrinoloji / Akromegali taraması,P1,10,"Büyüme hormonu etkisini yansıtan, akromegali taramasında kullanılan daha stabil belirteçtir.",GH pulsatif salgılandığı için tek ölçüm yanıltıcıdır; IGF-1 gün içi daha stabildir. Yüksek IGF-1 sonrası oral glukozla GH baskılanmaması tanıyı destekler.,Akromegali taramasında ilk pratik belirteç IGF-1’dir.,GH tek ölçümü pulsatif salınım nedeniyle güvenilir tarama değildir.,"[""Akromegali"", ""Büyüme hormonu"", ""Oral glukoz yükleme testi""]","[{""sourceFilePath"": ""src/data/tusPearlCards.js::tus-pearl-internal-medicine-388-spot.keywords[1]"", ""text"": ""IGF-1""}, {""sourceFilePath"": ""src/data/tusPearlCards.js::tus-pearl-internal-medicine-388-spot.back"", ""text"": ""IGF-1 düzeyi.""}]"
v403-internal-medicine-oral-glukoz-yukleme-testinde-gh-baskilanmamasi,Oral glukoz yükleme testinde GH baskılanmaması,"[""Oral glukoz yükleme testinde GH baskılanmaması""]",İç Hastalıkları,Endokrinoloji / Akromegali doğrulama,P1,2,Glukoz yüklemesi sonrası büyüme hormonunun normalde baskılanması gerekirken yüksek kalmasıdır.,Akromegalide GH sekresyonu otonom hale geldiği için glukozla baskılanmaz. IGF-1 yüksekliği sonrası doğrulama basamağı olarak kullanılır.,IGF-1 yüksek + OGTT’de GH baskılanmıyor = akromegali desteklenir.,Diyabet tarama OGTT’si glukoz yanıtını; akromegali OGTT’si GH baskılanmasını değerlendirir.,"[""IGF-1"", ""Akromegali"", ""Büyüme hormonu""]","[{""sourceFilePath"": ""src/data/tusPearlCards.js::tus-pearl-internal-medicine-388-spot.explanation"", ""text"": ""GH pulsatif salgılandığı için rastgele GH ölçümü tanı taramasında güvenilir değildir. IGF-1 daha stabil bir belirteçtir ve kronik GH fazlalığını yansıtır. Yüksek IGF-1 sonrası oral glukoz yükleme testinde GH baskılanmaması tanıyı destekler.""}, {""sourceFilePath"": ""src/data/tusPearlInternalMedicine*Overrides.js::tus-pearl-internal-medicine-388-spot.explanation"", ""text"": ""GH pulsatif salgılandığı için rastgele GH ölçümü tanı taramasında güvenilir değildir. IGF-1 daha stabil bir belirteçtir ve kronik GH fazlalığını yansıtır. Yüksek IGF-1 sonrası oral glukoz yükleme testinde GH baskılanmaması tanıyı destekler.""}]"
v403-internal-medicine-acth-bagimli-cushing,ACTH bağımlı Cushing,"[""ACTH bağımlı Cushing""]",İç Hastalıkları,Endokrinoloji / Hiperkortizolizm sınıflaması,P1,0,Hiperkortizolizmin ACTH yüksekliği veya uygunsuz normalliğiyle sürdüğü Cushing grubudur.,"Hipofiz Cushing hastalığı veya ektopik ACTH sendromu bu gruptadır. ACTH ölçümü, hiperkortizolizm doğrulandıktan sonra neden ayrımının temel basamağıdır.",Cushing doğrulandıktan sonra ACTH ölçümü bağımlı/bağımsız ayrımı yapar.,Adrenal tümörde ACTH baskılanır; ACTH bağımlı tabloda hipofiz veya ektopik kaynak aranır.,"[""Cushing hastalığı"", ""Ektopik ACTH sendromu"", ""Deksametazon supresyon testi""]","[{""sourceFilePath"": ""src/data/tusPearlCards.js::tus-pearl-internal-medicine-067-spot.back"", ""text"": ""Gece 1 mg deksametazon supresyon testi.""}, {""sourceFilePath"": ""src/data/tusPearlCards.js::tus-pearl-internal-medicine-067-spot.answer"", ""text"": ""1 mg gece deksametazon supresyon testi.""}]"
v403-internal-medicine-acth-bagimsiz-cushing,ACTH bağımsız Cushing,"[""ACTH bağımsız Cushing""]",İç Hastalıkları,Endokrinoloji / Hiperkortizolizm sınıflaması,P1,0,Adrenal kaynaklı kortizol fazlalığı nedeniyle ACTH’nin baskılandığı Cushing grubudur.,"Adrenal adenom, karsinom veya nodüler hiperplazi kortizolü otonom üretebilir. ACTH düşükse görüntüleme adrenal kaynak açısından yönlendirilir.",Cushing + düşük ACTH = adrenal kaynak düşün.,ACTH bağımlı Cushing’de ACTH yüksek/uygunsuz normaldir ve hipofiz/ektopik kaynak aranır.,"[""Kortizol"", ""Adrenal adenom"", ""Cushing sendromu""]","[{""sourceFilePath"": ""src/data/cases.js::v165-new-030-hipotansiyon-ve-elektrolit-bozuklugu.learningTarget"", ""text"": ""Adrenal krizde klinik şüphe yüksekken tedavinin kortizol/ACTH sonucu beklenmeden başlanması gerektiğini ve hipovolemi-hipoglisemi eşliklerini açıklama.""}, {""sourceFilePath"": ""src/data/cases.js::v165-new-030-hipotansiyon-ve-elektrolit-bozuklugu.investigations[3].id"", ""text"": ""v165-new-030-hipotansiyon-ve-elektrolit-bozuklugu-kortizol-acth""}]"
v403-internal-medicine-whipple-hastaligi,Whipple hastalığı,"[""Whipple hastalığı""]",İç Hastalıkları,Gastroenteroloji-Enfeksiyon / Malabsorpsiyon,P1,16,Tropheryma whipplei enfeksiyonuna bağlı sistemik malabsorpsiyon hastalığıdır.,"Kilo kaybı, kronik ishal, artrit ve nörolojik/kardiyak tutulumlarla gelebilir. Duodenal biyopside PAS pozitif makrofajlar klasik ipucudur.",Malabsorpsiyon + artrit + PAS pozitif makrofaj Whipple hastalığını düşündürür.,Çölyakta villus atrofisi ve anti-tTG; Whipple’da PAS pozitif makrofaj ve sistemik enfeksiyon bulguları öne çıkar.,"[""PAS pozitif makrofaj"", ""Malabsorpsiyon"", ""Tropheryma whipplei""]","[{""sourceFilePath"": ""src/data/tusPearlCards.js::tus-pearl-internal-medicine-391-spot.topic"", ""text"": ""Whipple hastalığı""}, {""sourceFilePath"": ""src/data/tusPearlCards.js::tus-pearl-internal-medicine-391-spot.keywords[0]"", ""text"": ""Whipple hastalığı""}]"
v403-internal-medicine-pas-pozitif-makrofaj,PAS pozitif makrofaj,"[""PAS pozitif makrofaj""]",İç Hastalıkları,Histoloji-Gastroenteroloji / Tanı bulgusu,P1,12,Makrofaj sitoplazmasında PAS boyasıyla pozitif materyal görülmesidir.,Whipple hastalığında duodenal lamina propriada Tropheryma içeren PAS pozitif makrofajlar tanısal ipucudur. Tek başına değil klinik malabsorpsiyon-artrit paterniyle yorumlanır.,Duodenal PAS pozitif makrofaj + malabsorpsiyon Whipple lehinedir.,PAS pozitif globül alfa-1 antitripsin eksikliğinde karaciğerde; PAS pozitif makrofaj Whipple’da bağırsakta sorulur.,"[""Whipple hastalığı"", ""Malabsorpsiyon"", ""Tropheryma whipplei""]","[{""sourceFilePath"": ""src/data/tusPearlCards.js::tus-pearl-internal-medicine-391-spot.keywords[1]"", ""text"": ""PAS pozitif makrofaj""}, {""sourceFilePath"": ""src/data/tusPearlCards.js::tus-pearl-internal-medicine-391-spot.front"", ""text"": ""Malabsorpsiyon, kilo kaybı, artrit ve duodenal biyopside PAS pozitif makrofajlar hangi hastalığı düşündürür?""}]"
v403-internal-medicine-tropheryma-whipplei,Tropheryma whipplei,"[""Tropheryma whipplei""]",İç Hastalıkları,Enfeksiyon-Gastroenteroloji / Etken,P1,2,Whipple hastalığına neden olan bakteridir.,"Bağırsak mukozasında makrofajlar içinde birikerek malabsorpsiyon, kilo kaybı ve sistemik semptomlara yol açar. Tedavi uzun süreli antibiyotik gerektirir.",Tropheryma whipplei = Whipple hastalığı etkeni.,Çölyak otoimmün/gluten ilişkili; Whipple enfeksiyöz ve PAS pozitif makrofajlıdır.,"[""Whipple hastalığı"", ""PAS pozitif makrofaj"", ""Malabsorpsiyon""]","[{""sourceFilePath"": ""src/data/tusPearlCards.js::tus-pearl-internal-medicine-391-spot.explanation"", ""text"": ""Whipple hastalığı Tropheryma whipplei ile ilişkili kronik sistemik enfeksiyondur. İnce bağırsak lamina propriasında PAS pozitif makrofajlar malabsorpsiyonu, artrit ve nörolojik bulgular ise sistemik yayılımı açıklar. Tanı biyopsi ve gerekirse PCR ile desteklenir.""}, {""sourceFilePath"": ""src/data/tusPearlInternalMedicine*Overrides.js::tus-pearl-internal-medicine-391-spot.explanation"", ""text"": ""Whipple hastalığı Tropheryma whipplei ile ilişkili kronik sistemik enfeksiyondur. İnce bağırsak lamina propriasında PAS pozitif makrofajlar malabsorpsiyonu, artrit ve nörolojik bulgular ise sistemik yayılımı açıklar. Tanı biyopsi ve gerekirse PCR ile desteklenir.""}]"
v403-internal-medicine-granulom-kaynakli-kalsitriol-artisi,Granülom kaynaklı kalsitriol artışı,"[""Granülom kaynaklı kalsitriol artışı""]",İç Hastalıkları,Göğüs-Endokrinoloji / Hiperkalsemi mekanizması,P1,0,Granülom makrofajlarında ekstra-renal 1-alfa hidroksilaz aktivitesiyle kalsitriol artmasıdır.,Sarkoidoz gibi granülomatöz hastalıklarda D vitamini aktivasyonu artar ve bağırsaktan kalsiyum emilimi yükselerek hiperkalsemi gelişebilir. PTH genellikle baskılanır.,Sarkoidozda hiperkalsemi PTH değil makrofaj kalsitriol üretimiyle açıklanır.,Primer hiperparatiroidide PTH yüksek; sarkoidozda PTH baskılı hiperkalsemi beklenir.,"[""Sarkoidoz"", ""Hiperkalsemi"", ""1-alfa hidroksilaz""]","[{""sourceFilePath"": ""src/data/cases.js::v192-new-303-kabizlik-poliuri-ve-konfuzyon.clinicalFocus"", ""text"": ""Ağır semptomatik hiperkalsemide nörolojik bulgu, volüm kaybı, PTH baskılanması ve malignite kuşkusunu birlikte yorumlayarak acil tedavi önceliğini belirleme.""}, {""sourceFilePath"": ""src/data/cases.js::v192-new-303-kabizlik-poliuri-ve-konfuzyon.learningTarget"", ""text"": ""Semptomatik ağır malignite ilişkili hiperkalsemide izotonik sıvı, kısa süreli kalsitonin ve antiresorptif tedavinin yerini ayırt etme.""}]"
v403-internal-medicine-mikroskopik-polianjiit,Mikroskopik polianjiit,"[""MPA""]",İç Hastalıkları,Romatoloji-Nefroloji / ANCA vasküliti,P1,53,Granülom olmadan küçük damarları tutan ANCA ilişkili nekrotizan vaskülittir.,RPGN ve pulmoner kapillarit yapabilir; MPO/p-ANCA ilişkisi sık öğretilir. GPA’dan farklı olarak üst solunum yolu granülomatöz kitle/nodül paterni daha az belirgindir.,RPGN + pulmoner hemoraji + MPO-ANCA mikroskopik polianjiiti düşündürebilir.,GPA’da nekrotizan granülom ve üst solunum yolu tutulumları daha tipiktir.,"[""MPO-ANCA pozitifliği"", ""ANCA ilişkili vaskülit"", ""RPGN""]","[{""sourceFilePath"": ""src/data/cases.js::v165-new-021-aclik-ve-kusma-sonrasi-metabolik-bozulma.investigations[1].summary"", ""text"": ""Kan gazı, hiperventilasyonun metabolik asidoza kompansatuvar yanıt olduğunu ve anyon açıklığının belirgin arttığını gösterir.""}, {""sourceFilePath"": ""src/data/cases.js::v165-new-021-aclik-ve-kusma-sonrasi-metabolik-bozulma.investigations[1].clinicalMeaning"", ""text"": ""Kan gazı, hiperventilasyonun metabolik asidoza kompansatuvar yanıt olduğunu ve anyon açıklığının belirgin arttığını gösterir.""}]"
v403-internal-medicine-alkolik-hepatitte-ast-alt-paterni,Alkolik hepatitte AST/ALT paterni,"[""Alkolik hepatitte AST/ALT paterni""]",İç Hastalıkları,Gastroenteroloji / Karaciğer biyokimyası,P1,0,"Alkolik hepatitte AST’nin ALT’den daha yüksek olduğu, genellikle AST/ALT oranının 2’den büyük beklendiği paterndir.",Alkol mitokondriyal hasar ve piridoksal fosfat eksikliği üzerinden AST baskınlığını artırır; değerler viral hepatitteki kadar çok yüksek olmayabilir. Klinik alkol öyküsü ve GGT artışıyla birlikte yorumlanır.,AST/ALT >2 alkolik hepatit için klasik ipucudur.,Viral hepatitte ALT sıklıkla daha baskın ve transaminazlar çok daha yüksek olabilir.,"[""Alkolik hepatit"", ""GGT yüksekliği"", ""AST/ALT oranı""]","[{""sourceFilePath"": ""src/data/tusPearlCards.js::tus-pearl-internal-medicine-151-spot.explanation"", ""text"": ""PSC intrahepatik ve ekstrahepatik safra yollarında inflamatuvar fibrozis ve segmental darlıklar oluşturur. Ülseratif kolit ile güçlü ilişkisi sınavda klasik ipucudur. Kolestatik patern ALP/GGT yüksekliğiyle belirginleşir; hastalık kolanjit, siroz ve kolanjiyokarsinom riskini artırır.""}, {""sourceFilePath"": ""src/data/tusPearlCards.js::tus-pearl-internal-medicine-171-spot.explanation"", ""text"": ""Kolestazda safra akımı veya safra yolu epitel hasarı ön plandadır; bu nedenle ALP ve GGT artışı aminotransferaz artışından daha baskındır. GGT yüksekliği ALP’nin hepatobiliyer kaynaklı olduğunu destekler. Bu patern görüldüğünde intrahepatik kolestaz ile ekstrahepatik obstrüksiyon ayrımı klinik ve görüntüleme ile yapılır.""}]"
v403-internal-medicine-ursodeoksikolik-asit,Ursodeoksikolik asit,"[""Ursodeoksikolik asit""]",İç Hastalıkları,Gastroenteroloji / Kolestatik hastalık tedavisi,P1,10,Primer biliyer kolanjitte safra asidi kompozisyonunu değiştirerek kolestatik hasarı azaltan temel tedavidir.,Hastalığın ilerlemesini yavaşlatmak için erken kullanılır; kaşıntı tedavisinden farklı olarak hastalık seyrine etki eden ana yaklaşımdır. ALP yanıtı prognoz açısından izlenir.,PBC’de ilk temel tedavi ursodeoksikolik asittir.,PSC’de UDCA aynı net hastalık değiştirici etkiyle sorulmaz; PBC’de klasik tedavidir.,"[""Primer biliyer kolanjit"", ""Kolestatik patern"", ""ALP""]","[{""sourceFilePath"": ""src/data/tusPearlCards.js::tus-pearl-internal-medicine-350-extra.keywords[1]"", ""text"": ""ursodeoksikolik asit""}, {""sourceFilePath"": ""src/data/tusPearlCards.js::tus-pearl-internal-medicine-350-extra.back"", ""text"": ""Ursodeoksikolik asit tedavisi.""}]"
v403-internal-medicine-boncuk-dizisi-gorunumu,Boncuk dizisi görünümü,"[""Boncuk dizisi görünümü""]",İç Hastalıkları,Gastroenteroloji / Safra yolu görüntüleme,P1,2,Safra yollarında ardışık darlık ve genişlemelerin oluşturduğu görüntüleme paternidir.,Primer sklerozan kolanjitte MRCP/ERCP’de görülebilir. Ülseratif kolitli hastada kolestatik enzimlerle birlikte çok güçlü tanı ipucudur.,ÜK + kolestaz + boncuk dizisi görünümü PSC lehinedir.,PBC küçük intrahepatik kanalları tutar ve AMA ile sorulur; PSC’de büyük kanal darlıkları tipiktir.,"[""Primer sklerozan kolanjit"", ""MRCP"", ""Ülseratif kolit""]","[{""sourceFilePath"": ""src/data/tusPearlCards.js::tus-pearl-internal-medicine-351-spot.front"", ""text"": ""Ülseratif kolitli hastada MRCP’de safra yollarında boncuk dizisi görünümü hangi tanıyı destekler?""}, {""sourceFilePath"": ""src/data/tusPearlInternalMedicine*Overrides.js::tus-pearl-internal-medicine-351-spot.front"", ""text"": ""Ülseratif kolitli hastada MRCP’de safra yollarında boncuk dizisi görünümü hangi tanıyı destekler?""}]"
v403-internal-medicine-akut-pankreatitte-erken-bt-tuzagi,Akut pankreatitte erken BT tuzağı,"[""Akut pankreatitte erken BT tuzağı""]",İç Hastalıkları,Gastroenteroloji / Görüntüleme kararı,P1,0,Tipik ağrı ve lipaz yüksekliğiyle tanı netken erken dönemde her hastaya BT gerekmemesi durumudur.,"BT özellikle tanı belirsizse, komplikasyon şüphesi varsa veya klinik kötüleşme olursa değerlidir. Erken gereksiz BT nekroz/komplikasyonları yeterince göstermeyebilir ve tedaviyi değiştirmeyebilir.",Tipik akut pankreatitte tanı klinik + lipazla konabilir; erken BT her zaman şart değildir.,Şiddetli veya kötüleşen tabloda komplikasyon değerlendirmesi için görüntüleme önem kazanır.,"[""Akut pankreatit"", ""Lipaz"", ""Komplikasyon""]","[{""sourceFilePath"": ""src/data/cases.js::v164-new-020-antibiyotik-sonrasi-ishal.investigations[0].summary"", ""text"": ""Hidrasyon durumu ve periton/ileus bulguları kolitin komplikasyon riskini sınıflandırır; hasta özelinde ağır sıvı kaybı izlenmekle birlikte fulminan karın bulgusu yoktur.""}, {""sourceFilePath"": ""src/data/cases.js::v164-new-020-antibiyotik-sonrasi-ishal.investigations[0].clinicalMeaning"", ""text"": ""Hidrasyon durumu ve periton/ileus bulguları kolitin komplikasyon riskini sınıflandırır; hasta özelinde ağır sıvı kaybı izlenmekle birlikte fulminan karın bulgusu yoktur.""}]"
v403-internal-medicine-h-pylori-test-et-tedavi-yaklasimi,H. pylori test-et-tedavi yaklaşımı,"[""H. pylori test-et-tedavi yaklaşımı""]",İç Hastalıkları,Gastroenteroloji / Dispepsi yönetimi,P1,2,Genç ve alarm bulgusu olmayan dispepside H. pylori için noninvaziv test yapıp pozitifse eradikasyon uygulama stratejisidir.,Bu yaklaşım endoskopiyi hemen gerektirmeyen düşük riskli hastada gereksiz invaziv değerlendirmeyi azaltır. İleri yaş veya alarm bulgusu varsa endoskopi öncelik kazanır.,Genç alarm bulgusuz dispepside H. pylori test-et-tedavi düşünülebilir.,Alarm bulgusu varsa test-et-tedavi yerine endoskopi değerlendirmesi öne çıkar.,"[""Dispepsi"", ""Dispepside alarm bulguları"", ""Üre nefes testi""]","[{""sourceFilePath"": ""src/data/tusPearlCards.js::tus-pearl-internal-medicine-354-spot.answer"", ""text"": ""H. pylori test-et-tedavi yaklaşımı.""}, {""sourceFilePath"": ""src/data/tusPearlInternalMedicine*Overrides.js::tus-pearl-internal-medicine-354-spot.answer"", ""text"": ""H. pylori test-et-tedavi yaklaşımı.""}]"
v403-internal-medicine-pseudoakalazya,Pseudoakalazya,"[""Pseudoakalazya""]",İç Hastalıkları,Gastroenteroloji / Disfaji ayırıcı tanısı,P1,0,Malignite gibi mekanik/infiltratif nedenlerin akalazya benzeri motilite tablosu oluşturmasıdır.,"İleri yaş, hızlı kilo kaybı ve kısa sürede gelişen disfaji varsa primer akalazyadan önce kardiya/özofagogastrik bileşke malignitesi dışlanmalıdır. Bu nedenle tedaviye geçmeden endoskopik değerlendirme kritik olabilir.",Yaşlı + hızlı kilo kaybı + akalazya benzeri tablo pseudoakalazya uyarısıdır.,Primer akalazya fonksiyonel motilite bozukluğudur; pseudoakalazya altta yatan maligniteyi saklayabilir.,"[""Akalazya"", ""Özofagus manometrisi"", ""Disfaji""]","[{""sourceFilePath"": ""src/data/tusPearlCards.js::tus-pearl-internal-medicine-150-spot.topic"", ""text"": ""Akalazya tanısı""}, {""sourceFilePath"": ""src/data/tusPearlCards.js::tus-pearl-internal-medicine-150-spot.keywords[0]"", ""text"": ""akalazya""}]"
v403-internal-medicine-kras-nras-mutasyonu,KRAS/NRAS mutasyonu,"[""KRAS/NRAS mutasyonu""]",İç Hastalıkları,Onkoloji-Gastroenteroloji / Hedefe yönelik tedavi belirteci,P1,0,Kolorektal kanserde anti-EGFR tedavi yanıtını azaltan RAS yolu mutasyonlarıdır.,EGFR üst basamaktan bloke edilse bile RAS mutasyonu sinyal yolunu aşağıdan aktif tutabilir. Bu nedenle metastatik kolorektal kanserde anti-EGFR planlanmadan önce RAS durumu değerlendirilir.,RAS mutant kolorektal kanserde anti-EGFR yanıtı düşer.,dMMR/MSI-H immünoterapi seçimini etkiler; RAS mutasyonu anti-EGFR yanıtını etkiler.,"[""Anti-EGFR tedavi"", ""Kolorektal kanser"", ""Sinyal yolu""]","[{""sourceFilePath"": ""src/data/tusPearlCards.js::tus-pearl-internal-medicine-351-extra.explanation"", ""text"": ""PSC’de kronik safra yolu inflamasyonu ve fibrozisi malign dönüşüm riskini artırır. Ülseratif kolit birlikteliği nedeniyle kolorektal kanser riski de dikkatle izlenmelidir. Bu nedenle PSC yalnız kolestaz nedeni değil, malignite izlemi gerektiren bir hastalık olarak düşünülmelidir.""}, {""sourceFilePath"": ""src/data/tusPearlCards.js::tus-pearl-internal-medicine-357-spot.topic"", ""text"": ""Kolorektal kanser biyobelirteçleri""}]"
v403-internal-medicine-dmmr-msi-h,dMMR/MSI-H,"[""dMMR/MSI-H""]",İç Hastalıkları,Onkoloji-Gastroenteroloji / Moleküler belirteç,P1,2,Mismatch repair eksikliği veya mikrosatellit instabilitesi yüksekliği anlamına gelen tümör biyobelirteç paternidir.,Kolorektal kanserde immünoterapi yanıtı ve Lynch sendromu değerlendirmesi açısından önemlidir. TUS mantığında moleküler belirtecin tedavi seçiminde yön değiştirici rolü vurgulanır.,dMMR/MSI-H saptanması immünoterapi seçimini güçlendirebilir.,RAS mutasyonu anti-EGFR yanıtını; MSI-H immünoterapi duyarlılığını etkiler.,"[""İmmünoterapi"", ""Kolorektal kanser"", ""Mismatch repair""]","[{""sourceFilePath"": ""src/data/tusPearlCards.js::tus-pearl-internal-medicine-357-extra.front"", ""text"": ""Kolorektal kanserde dMMR/MSI-H saptanması tedavi seçimini hangi yönde etkileyebilir?""}, {""sourceFilePath"": ""src/data/tusPearlInternalMedicine*Overrides.js::tus-pearl-internal-medicine-357-extra.front"", ""text"": ""Kolorektal kanserde dMMR/MSI-H saptanması tedavi seçimini hangi yönde etkileyebilir?""}]"
v403-internal-medicine-smudge-cell,Smudge cell,"[""Smudge cell""]",İç Hastalıkları,Hematoloji / Periferik yayma bulgusu,P1,10,KLL’de kırılgan lenfositlerin yayma sırasında parçalanmasıyla oluşan ezilmiş hücre görünümüdür.,KLL için destekleyici klasik periferik yayma bulgusudur ancak tek başına tanı koydurmaz. Tanı immünfenotipleme ile CD5+ CD23+ klonal B hücre paterninin gösterilmesiyle doğrulanır.,Smudge cell KLL’yi düşündürür ama tanıyı akım sitometri doğrular.,Mantle hücreli lenfoma CD5+ olabilir ancak genellikle CD23 negatiftir ve siklin D1 ilişkilidir.,"[""KLL"", ""Akım sitometri"", ""CD5+ CD23+""]","[{""sourceFilePath"": ""src/data/tusPearlCards.js::tus-pearl-internal-medicine-172-extra.keywords[1]"", ""text"": ""smudge cell""}, {""sourceFilePath"": ""src/data/tusPearlCards.js::tus-pearl-internal-medicine-172-extra.front"", ""text"": ""KLL’de periferik yaymada görülen smudge cell bulgusunun tanısal değeri nasıl yorumlanmalıdır?""}]"
v403-internal-medicine-kll-cd5-cd23-paterni,KLL CD5+ CD23+ paterni,"[""KLL CD5+ CD23+ paterni""]",İç Hastalıkları,Hematoloji / İmmünfenotip,P1,0,Kronik lenfositik lösemide görülen tipik klonal B hücre immünfenotipidir.,"KLL, B hücre belirteçlerine ek olarak aberrant CD5 ve CD23 ekspresyonuyla tanınır. Mantle hücreli lenfomadan ayrımda CD23 pozitifliği ve siklin D1 negatifliği önemlidir.",KLL = CD5+ CD23+; mantle cell = CD5+ CD23−/siklin D1+.,Reaktif lenfositoz poliklonaldir; KLL akım sitometride klonal B hücre paternidir.,"[""KLL"", ""Akım sitometri"", ""Mantle cell lenfoma""]","[{""sourceFilePath"": ""src/data/tusPearlCards.js::tus-pearl-internal-medicine-172-spot.keywords[2]"", ""text"": ""akım sitometri""}, {""sourceFilePath"": ""src/data/tusPearlCards.js::tus-pearl-internal-medicine-172-spot.back"", ""text"": ""Periferik kanda akım sitometri ile klonal B hücre immünfenotipinin gösterilmesi.""}]"
v403-internal-medicine-watchful-waiting,Watchful waiting,"[""Watchful waiting""]",İç Hastalıkları,Hematoloji-Onkoloji / İzlem stratejisi,P1,2,Asemptomatik düşük riskli bazı malignitelerde hemen tedavi vermeden düzenli izlem yapma yaklaşımıdır.,"Erken evre asemptomatik KLL’de tedavi endikasyonu yoksa izlem tercih edilir; tedavi hastalık yükü, sitopeni, semptom veya hızlı progresyon gelişince düşünülür.",Erken asemptomatik KLL’de tedavi değil izlem klasik yaklaşımdır.,Agresif lenfomalar genellikle tedavi gerektirir; KLL’de asemptomatik erken evre izlenebilir.,"[""KLL"", ""Lenfositoz"", ""B semptomları""]","[{""sourceFilePath"": ""src/data/tusPearlCards.js::tus-pearl-internal-medicine-358-extra.answer"", ""text"": ""Watchful waiting / düzenli izlem.""}, {""sourceFilePath"": ""src/data/tusPearlInternalMedicine*Overrides.js::tus-pearl-internal-medicine-358-extra.answer"", ""text"": ""Watchful waiting / düzenli izlem.""}]"
v403-internal-medicine-hook-etkisi,Hook etkisi,"[""Hook etkisi""]",İç Hastalıkları,Endokrinoloji / Laboratuvar tuzağı,P1,16,Çok yüksek analit düzeyinin immunoassay ölçümünde beklenenden düşük görünmesine yol açan laboratuvar artefaktıdır.,Büyük prolaktinoma varlığında prolaktin sadece orta yüksek görünüyorsa numune dilüsyonu ile tekrar ölçüm gerekir. Aksi halde stalk etkisiyle karışabilir.,Makroadenom + beklenenden düşük prolaktin = hook etkisini düşün.,Stalk etkisinde dopamin baskısı azalır ve prolaktin orta düzey artar; hook etkisinde gerçek değer çok yüksek olabilir.,"[""Prolaktinoma"", ""Stalk etkisi"", ""Prolaktin""]","[{""sourceFilePath"": ""src/data/tusPearlCards.js::tus-pearl-internal-medicine-361-spot.topic"", ""text"": ""Prolaktinoma hook etkisi""}, {""sourceFilePath"": ""src/data/tusPearlCards.js::tus-pearl-internal-medicine-361-spot.keywords[1]"", ""text"": ""hook etkisi""}]"
v403-internal-medicine-stalk-etkisi,Stalk etkisi,"[""Stalk etkisi""]",İç Hastalıkları,Endokrinoloji / Hipofiz,P1,10,Hipofiz sapı basısıyla dopaminerjik inhibisyonun azalması sonucu prolaktinin orta düzey artmasıdır.,Sap basısı prolaktin sekresyonunu frenleyen dopamin akışını azaltır. Çok yüksek prolaktin prolaktinoma lehineyken orta düzey artış stalk etkisi veya hook etkisiyle karışabilir.,Orta prolaktin yüksekliği + büyük kitle stalk etkisi olabilir; çok yüksek değer prolaktinoma lehinedir.,Hook etkisinde ölçüm artefaktı nedeniyle gerçek çok yüksek prolaktin düşük görünebilir.,"[""Prolaktinoma"", ""Hook etkisi"", ""Dopamin""]","[{""sourceFilePath"": ""src/data/tusPearlCards.js::tus-pearl-internal-medicine-361-spot.differentialNote"", ""text"": ""Stalk etkisi prolaktini genellikle orta düzey artırır; hook etkisi gerçek çok yüksek prolaktini olduğundan düşük gösterir.""}, {""sourceFilePath"": ""src/data/tusPearlCards.js::tus-pearl-internal-medicine-361-extra.keywords[1]"", ""text"": ""stalk etkisi""}]"
v403-internal-medicine-optik-noropati,Optik nöropati,"[""Optik nöropati""]",İç Hastalıkları,Nöro-oftalmoloji / Acil göz bulgusu,P1,8,"Optik sinirin işlev bozukluğu sonucu görme azalması, renk görme bozulması veya görme alanı kaybı gelişmesidir.","Graves oftalmopatisinde orbital bası optik siniri tehdit edebilir. Bu bulgu gelişirse kozmetik bir problem değil, acil görme kaybı riski olarak değerlendirilir.",Graves oftalmopatisinde optik nöropati acil uyarı bulgusudur.,Ekzoftalmi görünüm bulgusudur; optik nöropati görme fonksiyonunu tehdit eder.,"[""Graves oftalmopatisi"", ""Görme kaybı"", ""Orbital inflamasyon""]","[{""sourceFilePath"": ""src/data/tusPearlCards.js::tus-pearl-internal-medicine-362-extra.keywords[1]"", ""text"": ""optik nöropati""}, {""sourceFilePath"": ""src/data/tusPearlCards.js::tus-pearl-internal-medicine-362-extra.front"", ""text"": ""Graves oftalmopatisinde görme azalması veya optik nöropati bulgusu gelişirse yaklaşım neden acildir?""}]"
v403-internal-medicine-renal-ven-trombozu,Renal ven trombozu,"[""Renal ven trombozu""]",İç Hastalıkları,Nefroloji / Nefrotik komplikasyon,P1,10,Renal ven içinde trombüs oluşmasıdır; özellikle membranöz nefropatiyle ilişkili nefrotik sendromda klasikleşir.,"Nefrotik sendromda antitrombin III gibi antikoagülan proteinlerin idrarla kaybı ve karaciğer kaynaklı prokoagülan artışı tromboz riskini artırır. Yan ağrısı, hematüri ve böbrek fonksiyon bozulması görülebilir.",Nefrotik sendrom + membranöz nefropati renal ven trombozu riskini akla getirir.,Nefritik sendromda inflamatuvar sediment; nefrotikte protein kaybı ve hiperkoagülabilite baskındır.,"[""Membranöz nefropati"", ""Antitrombin III kaybı"", ""Nefrotik sendrom""]","[{""sourceFilePath"": ""src/data/tusPearlCards.js::tus-pearl-internal-medicine-365-spot.keywords[1]"", ""text"": ""renal ven trombozu""}, {""sourceFilePath"": ""src/data/tusPearlCards.js::tus-pearl-internal-medicine-365-spot.front"", ""text"": ""Nefrotik sendromlu erişkinde renal ven trombozu gelişimi en klasik olarak hangi primer glomerülopatiyle ilişkilidir?""}]"
v403-internal-medicine-antitrombin-iii-kaybi,Antitrombin III kaybı,"[""Antitrombin III kaybı""]",İç Hastalıkları,Hematoloji-Nefroloji / Hiperkoagülabilite mekanizması,P1,0,Nefrotik sendromda idrarla antikoagülan protein kaybına bağlı tromboz eğilimi mekanizmasıdır.,Masif proteinüri sadece albümin değil antitrombin III gibi antikoagülan proteinlerin de kaybına yol açabilir. Bu durum renal ven trombozu ve diğer venöz trombozlara yatkınlık oluşturur.,Nefrotik sendromda tromboz eğilimi antitrombin III kaybıyla açıklanır.,DIC’de tüketim koagülopatisi; nefrotikte idrarla antikoagülan protein kaybı öne çıkar.,"[""Nefrotik sendrom"", ""Renal ven trombozu"", ""Proteinüri""]","[{""sourceFilePath"": ""src/data/cases.js::v164-new-018-hemoptizi-ve-hematuri-birlikteligi.investigations[2].summary"", ""text"": ""Dismorfik eritrositler ve eritrosit silendirleri kanamanın glomerüler kaynaklı olduğunu gösterir; orta düzey proteinüri nefritik paternle uyumludur.""}, {""sourceFilePath"": ""src/data/cases.js::v164-new-018-hemoptizi-ve-hematuri-birlikteligi.investigations[2].clinicalMeaning"", ""text"": ""Dismorfik eritrositler ve eritrosit silendirleri kanamanın glomerüler kaynaklı olduğunu gösterir; orta düzey proteinüri nefritik paternle uyumludur.""}]"
