id,term,aliases,category,subcategory,priority,shortDefinition,postAnswerExplanation,tusPearl,differentialPoint,safeNestedTerms,occurrenceCount,sourceTextExamples,matchingPriority,answerLeakRisk,ambiguityRisk
v397-physiology-kapiller-hidrostatik-basinc,Kapiller hidrostatik basınç,Kapiller hidrostatik basınç | capillary hydrostatic pressure | kapiller basınç | Pc,Fizyoloji / dolaşım,Starling kuvvetleri,P0,Kapiller içindeki sıvıyı damar dışına doğru iten basınçtır.,Kapiller hidrostatik basınç arttığında filtrasyon artar ve interstisyel sıvı birikimi kolaylaşır. Venöz basınç artışı ve kalp yetmezliği ödeminde bu mekanizma önemlidir.,Hidrostatik basınç dışarı iter; onkotik basınç içeri çeker.,Hipoalbüminemi ödeminde ana sorun hidrostatik basınç artışı değil onkotik çekimin azalmasıdır.,Starling kuvvetleri | Kapiller onkotik basınç | Ödem fizyolojisi | İnterstisyel sıvı,184,"[Physiology Case v178-new-131-efor-dispnesi-ve-periferik-odem] diagnosis.optionComparison.Pulmoner kapiller basıncın düşmesiyle alveoler sıvı geçişinin artması: Pulmoner kapiller basınç düşerse sıvının alveol/interstisyuma geçişi azalır. Dispne, raller ve grafi bulguları basınç düşüşünü değil pulmoner venöz basınç artışını destekler. || [Physiology Case v178-new-131-efor-dispnesi-ve-periferik-odem] diagnosis.answerFeedback.optionComparison.Pulmoner kapiller basıncın düşmesiyle alveoler sıvı geçişinin artması: Pulmoner kapiller basınç düşerse sıvının alveol/interstisyuma geçişi azalır. Dispne, raller ve grafi bulguları basınç düşüşünü değil pulmoner venöz basınç artışını destekler.",98,low,low
v397-physiology-kapiller-onkotik-basinc,Kapiller onkotik basınç,Kapiller onkotik basınç | plazma onkotik basıncı | capillary oncotic pressure | kolloid osmotik basınç,Fizyoloji / dolaşım,Starling kuvvetleri,P0,Plazma proteinlerinin suyu kapiller içine çekme eğilimidir.,Albumin azalırsa kapiller onkotik basınç düşer ve sıvı interstisyuma kaçar. Nefrotik sendrom veya karaciğer yetmezliği ödemi bu mantıkla anlaşılır.,Albumin düşüklüğü ödemi kapiller onkotik basınç azalmasıyla yapar.,Hidrostatik basınç artışı sıvıyı dışarı iter; onkotik basınç azalması sıvıyı içeride tutamaz.,Albumin | Starling kuvvetleri | Ödem fizyolojisi | Kapiller hidrostatik basınç,40,[Physiology Case v174-new-097-egzersizde-bolgesel-kan-akimi-artisi] diagnosis.options[4]: Kapiller onkotik basınç azalmasının arteriyel giriş akımını pasif olarak artırması || [Physiology Case v189-new-274-kalp-yetmezliginde-bacak-odemi] diagnosis.options[1]: Plazma onkotik basıncının albumin kaybına bağlı azalması,98,low,low
v397-physiology-odem-fizyolojisi,Ödem fizyolojisi,Ödem fizyolojisi | edema physiology | ödem mekanizması,Fizyoloji / dolaşım,Sıvı dengesi,P0,"İnterstisyel sıvı artışının hidrostatik, onkotik, geçirgenlik veya lenfatik mekanizmalarla açıklanmasıdır.","Ödem; kapiller hidrostatik basınç artışı, plazma onkotik basınç azalması, kapiller geçirgenlik artışı veya lenfatik drenaj bozukluğu ile gelişebilir. Sınavda mekanizmayı bulguya göre ayırmak gerekir.","Ödem sorusunda dört ana mekanizma: hidrostatik ↑, onkotik ↓, geçirgenlik ↑, lenf drenajı ↓.",Kalp yetmezliği hidrostatik; nefrotik/karaciğer hastalığı onkotik; inflamasyon geçirgenlik; lenfödem drenaj bozukluğu yönünden okunur.,Kapiller hidrostatik basınç | Kapiller onkotik basınç | Lenfatik drenaj | İnterstisyel sıvı,12,[Physiology Case v189-new-274-kalp-yetmezliginde-bacak-odemi] diagnosis.optionComparison.Plazma onkotik basıncının albumin kaybına bağlı azalması: Hipoalbüminemi nefrotik sendrom veya ağır karaciğer hastalığında güçlü bir ödem mekanizmasıdır; ancak bu olguda albumin normal ve idrar proteini negatiftir. Bu nedenle onkotik basınç azalması primer açıklama değildir. || [Physiology Case v189-new-274-kalp-yetmezliginde-bacak-odemi] diagnosis.answerFeedback.optionComparison.Plazma onkotik basıncının albumin kaybına bağlı azalması: Hipoalbüminemi nefrotik sendrom veya ağır karaciğer hastalığında güçlü bir ödem mekanizmasıdır; ancak bu olguda albumin normal ve idrar proteini negatiftir. Bu nedenle onkotik basınç azalması primer açıklama değildir.,98,low,low
v397-physiology-gastrin,Gastrin,Gastrin | gastrin hormonu | G hücresi gastrini,Fizyoloji / gastrointestinal,Gastrik asit sekresyonu,P0,G hücrelerinden salgılanan ve mide asit sekresyonunu artıran peptid hormondur.,Gastrin parietal hücreleri doğrudan uyarır ve ECL hücrelerinden histamin salınımını artırır. Bu iki yol H+/K+ ATPaz aktivitesini güçlendirir.,Gastrin asidi artırır; ECL hücresi-histamin yolu bu etkinin önemli aracısıdır.,Sekretin duodenal asit yükünde pankreatik bikarbonatı artırır ve gastrik asidi baskılayıcı yönde çalışır.,G hücresi | ECL hücresi | Parietal hücre | H+/K+ ATPaz,44,"[Physiology Case ai-spot-vakasiz-secki-174] explanation: Doğru cevap A’dır. Sekretin, özellikle duodenuma geçen asidik kimusun uyarısıyla salınır ve pankreas duktus hücrelerinden bikarbonat sekresyonunu artırır. Bikarbonat, gastrik asidi nötralize ederek pankreatik enzimlerin çalışabileceği daha uygun pH ortamını oluşturur. Mide asit sekresyonunu artıran ana hormon gastrindir; safra kesesi kontraksiyonu ve pankreatik enzim sekresyonu ise daha çok… || [Physiology Case ai-spot-vakasiz-secki-174] answerAnalysisIntro: Bu soru gastrointestinal hormonları uyarıcı ve hedef etkilerine göre ayırmayı ölçer. Sekretin asit-bikarbonat, CCK yağ/protein-enzim/safra kesesi, gastrin asit sekresyonu ile eşleşir.",98,low,low
v397-physiology-h-k-atpaz,H+/K+ ATPaz,H+/K+ ATPaz | proton pompası | H-K ATPaz | gastrik proton pompası,Fizyoloji / gastrointestinal,Asit sekresyonu,P0,Parietal hücrenin apikal membranında mide lümenine H⁺ salgılayan proton pompasıdır.,"Mide asit sekresyonunun son ortak basamağıdır. Gastrin, histamin ve asetilkolin farklı yollarla bu pompanın aktivitesini artırır.",Gastrik asit sekresyonunda son ortak efektör H+/K+ ATPaz’dır.,Histamin/gastrin/ACh uyarıcı sinyallerdir; proton pompası asidi lümene veren son basamaktır.,Parietal hücre | Gastrin | ECL hücresi | Mide asit sekresyonu,6,"[Physiology Case v194-new-311-mide-asit-salgisinin-son-basamagi] diagnosis.explanation: Parietal hücrede karbonik anhidrazla oluşan H⁺, apikal membranda K⁺ ile değişim yapan H⁺/K⁺ ATPaz aracılığıyla mide lümenine pompalanır. Na⁺/K⁺ ATPaz ve Cl⁻/HCO₃⁻ değiştirici iyon gradyanlarını destekler; ancak lümene proton veren son ortak basamak apikal proton pompasıdır. || [Physiology Case v194-new-311-mide-asit-salgisinin-son-basamagi] diagnosis.answerFeedback.summary: Parietal hücrede karbonik anhidrazla oluşan H⁺, apikal membranda K⁺ ile değişim yapan H⁺/K⁺ ATPaz aracılığıyla mide lümenine pompalanır. Na⁺/K⁺ ATPaz ve Cl⁻/HCO₃⁻ değiştirici iyon gradyanlarını destekler; ancak lümene proton veren son ortak basamak apikal proton pompasıdır.",98,low,low
v397-physiology-kolesistokinin,Kolesistokinin,Kolesistokinin | CCK | cholecystokinin | kolesistokinin hormonu,Fizyoloji / gastrointestinal,Yağ-protein yanıtı,P0,Duodenum/jejunum I hücrelerinden yağ ve aminoasitlere yanıt olarak salgılanan hormondur.,CCK safra kesesi kontraksiyonunu ve pankreatik enzim sekresyonunu artırır; Oddi sfinkter gevşemesiyle yağ sindirimini destekler. Mide boşalmasını yavaşlatabilir.,Yağlı öğün → CCK → safra kesesi kasılması + pankreatik enzim sekresyonu.,Sekretin asit yüküne ve bikarbonata odaklıdır; CCK yağ/protein ve enzim/safra yanıtıdır.,I hücresi | Safra kesesi kontraksiyonu | Pankreatik enzim sekresyonu | Oddi sfinkteri,59,"[Physiology Case ai-spot-vakasiz-secki-174] explanation: Doğru cevap A’dır. Sekretin, özellikle duodenuma geçen asidik kimusun uyarısıyla salınır ve pankreas duktus hücrelerinden bikarbonat sekresyonunu artırır. Bikarbonat, gastrik asidi nötralize ederek pankreatik enzimlerin çalışabileceği daha uygun pH ortamını oluşturur. Mide asit sekresyonunu artıran ana hormon gastrindir; safra kesesi kontraksiyonu ve pankreatik enzim sekresyonu ise daha çok… || [Physiology Case ai-spot-vakasiz-secki-174] answerAnalysisIntro: Bu soru gastrointestinal hormonları uyarıcı ve hedef etkilerine göre ayırmayı ölçer. Sekretin asit-bikarbonat, CCK yağ/protein-enzim/safra kesesi, gastrin asit sekresyonu ile eşleşir.",98,low,low
v397-physiology-sekretin,Sekretin,Sekretin | secretin | S hücresi sekretini,Fizyoloji / gastrointestinal,Duodenal asit yanıtı,P0,Duodenum S hücrelerinden asit yüküne yanıt olarak salgılanan ve bikarbonat sekresyonunu artıran hormondur.,Sekretin pankreas kanal hücrelerinden HCO₃⁻ sekresyonunu artırarak duodenal asidi nötralize eder. Gastrik asit sekresyonunu ve mide boşalmasını baskılayıcı etki de gösterir.,Duodenuma asit gelirse sekretin artar; pankreatik bikarbonat sekresyonu uyarılır.,CCK yağ/protein yanıtı ve safra kesesi kontraksiyonu ile; sekretin asit-bikarbonat yanıtı ile sorulur.,S hücresi | Pankreatik bikarbonat sekresyonu | HCO₃⁻ | Mide boşalması,104,[Physiology Case ai-spot-vakasiz-secki-174] topic: Sekretin fizyolojisi || [Physiology Case ai-spot-vakasiz-secki-174] clinicalFocus: Sekretin fizyolojisi,98,low,low
v397-physiology-afterload,Afterload,Afterload | art yük | ejeksiyon direnci | ventrikül çıkış direnci,Fizyoloji / kardiyovasküler,Pompa fonksiyonu,P0,Ventrikülün kanı atarken yenmesi gereken basınç/direnç yüküdür.,Arteriyel basınç veya damar direnci arttığında ventrikül daha zor boşalır; ilk etki atım hacminin azalmasıdır. Bu nedenle hipertansiyon ve aort darlığı afterload mantığıyla okunur.,Afterload artarsa ejeksiyon zorlaşır ve atım hacmi azalır.,Preload dolum yüküdür; afterload çıkış direncidir.,Atım hacmi | Total periferik direnç | Ortalama arter basıncı | Kontraktilite,42,[Physiology Case v178-new-131-efor-dispnesi-ve-periferik-odem] diagnosis.options[2]: Afterload artışının sistolik boşalmayı kolaylaştırarak pulmoner basıncı düşürmesi || [Physiology Case v178-new-131-efor-dispnesi-ve-periferik-odem] diagnosis.optionComparison.Afterload artışının sistolik boşalmayı kolaylaştırarak pulmoner basıncı düşürmesi: Afterload artışı sistolik boşalmayı kolaylaştırmaz; ventrikülün kanı ileri pompalamasını zorlaştırabilir. Pulmoner basınç düşüşü değil konjesyon bulguları vardır.,98,low,low
v397-physiology-atim-hacmi,Atım hacmi,Atım hacmi | stroke volume | SV | sistolik atım hacmi,Fizyoloji / kardiyovasküler,Kalp debisi bileşeni,P0,Her ventrikül kasılmasında pompalanan kan hacmidir.,"Atım hacmi preload, afterload ve kontraktiliteden etkilenir. Kalp debisi hesaplanırken kalp hızıyla çarpılır.",Kalp debisi = atım hacmi × kalp hızı.,Ejeksiyon fraksiyonu oranı gösterir; atım hacmi mutlak hacimdir.,Kalp debisi | Preload | Afterload | Kontraktilite,284,"[Physiology Case v176-new-111-akut-kan-kaybi-sonrasi-tasikardi] diagnosis.explanation: Akut kan kaybında venöz dönüş, atım hacmi ve arteriyel basınç düşer. Karotis sinüs ve aortik ark baroreseptörlerinin gerilimi azaldığı için ateşleme frekansı azalır. Medüller kardiyovasküler merkezler bunun sonucunda sempatik çıkışı artırıp vagal etkiyi azaltır; kalp hızı, kontraktilite ve sistemik damar direnci yükselerek basınç desteklenir. || [Physiology Case v176-new-111-akut-kan-kaybi-sonrasi-tasikardi] diagnosis.answerFeedback.summary: Akut kan kaybında venöz dönüş, atım hacmi ve arteriyel basınç düşer. Karotis sinüs ve aortik ark baroreseptörlerinin gerilimi azaldığı için ateşleme frekansı azalır. Medüller kardiyovasküler merkezler bunun sonucunda sempatik çıkışı artırıp vagal etkiyi azaltır; kalp hızı, kontraktilite ve sistemik damar direnci yükselerek basınç desteklenir.",98,low,low
v397-physiology-kalp-debisi,Kalp debisi,Kalp debisi | cardiac output | CO | kardiyak debi,Fizyoloji / kardiyovasküler,Dolaşım performansı,P0,Kalbin bir dakikada pompaladığı toplam kan hacmidir.,Kalp debisi atım hacmi ve kalp hızının çarpımıdır. Doku perfüzyonunu belirlerken total periferik direnç ve ortalama arter basıncıyla birlikte yorumlanır.,CO = HR × SV; şok ve egzersiz sorularında temel denklem budur.,Kan basıncı yüksek olsa bile kalp debisi düşük olabilir; basınç ve akım ayrı kavramlardır.,Atım hacmi | Kalp hızı | Ortalama arter basıncı | Total periferik direnç,2540,[Physiology Case v169-new-068-kronik-dispne-ve-hava-hapsi] investigations[1].summary: Gaz değişimi verileri hafif hipoksemi olduğunu gösterir; PaCO₂’nin normal-yüksek olması ventilatuvar rezervin sınırlanmaya başladığını düşündürür. || [Physiology Case v169-new-068-kronik-dispne-ve-hava-hapsi] investigations[1].clinicalMeaning: Gaz değişimi verileri hafif hipoksemi olduğunu gösterir; PaCO₂’nin normal-yüksek olması ventilatuvar rezervin sınırlanmaya başladığını düşündürür.,98,low,low
v397-physiology-karotis-sinusu,Karotis sinüsü,Karotis sinüsü | carotid sinus | karotid sinüs,Fizyoloji / kardiyovasküler,Baroreseptör bölgesi,P0,İnternal karotis başlangıcında arter basıncını algılayan baroreseptörlerin bulunduğu bölgedir.,Karotis sinüsü gerilimi artınca afferent sinyal glossofaringeal sinirle beyin sapına iletilir; sempatik tonus azalır ve vagal tonus artar.,Kan basıncı ani artarsa karotis sinüsü barorefleksi kalp hızını ve sempatik tonusu azaltır.,Karotis cisimciği kemoreseptördür; karotis sinüsü baroreseptördür.,Baroreseptör refleksi | Glossofaringeal sinir | Vagal tonus | Ortalama arter basıncı,26,"[Physiology Case v185-new-206-ani-kan-basinci-yukselmesi] diagnosis.explanation: Karotis sinüsündeki mekanoreseptörlerin gerilimi arttığında afferent ateşleme artar ve medüller merkezler bunu arter basıncı artışı gibi yorumlar. Bu sinyal vagal kardiyak çıkışı artırırken sempatik kardiyak ve vasküler çıkışı azaltır; sonuç kalp hızında ve kontraktilitede azalma, periferik dirençte düşme ve akut basınç tamponlamasıdır. Olayın saniyeler içinde ortaya… || [Physiology Case v185-new-206-ani-kan-basinci-yukselmesi] diagnosis.answerFeedback.summary: Karotis sinüsündeki mekanoreseptörlerin gerilimi arttığında afferent ateşleme artar ve medüller merkezler bunu arter basıncı artışı gibi yorumlar. Bu sinyal vagal kardiyak çıkışı artırırken sempatik kardiyak ve vasküler çıkışı azaltır; sonuç kalp hızında ve kontraktilitede azalma, periferik dirençte düşme ve akut basınç tamponlamasıdır. Olayın saniyeler iç…",98,low,low
v397-physiology-lokal-metabolik-vazodilatasyon,Lokal metabolik vazodilatasyon,Lokal metabolik vazodilatasyon | metabolik vazodilatasyon | local metabolic vasodilation | aktif hiperemi,Fizyoloji / kardiyovasküler,Doku kan akımı,P0,Metabolik aktivitesi artan dokuda lokal maddelerle arteriol dilatasyonu ve kan akımının artmasıdır.,"Egzersiz yapan kasta CO₂, H⁺, K⁺, adenozin ve düşük O₂ gibi yerel sinyaller arteriolleri genişletir. Bu mekanizma kan akımını aktif dokuya yönlendirir.",Egzersizde çalışan kasta kan akımı lokal metabolik vazodilatasyonla artar.,Sistemik sempatik etki genel damar tonusunu artırabilir; çalışan kasta lokal metabolik sinyaller baskın gelebilir.,Aktif hiperemi | Adenozin | Arteriyol | Total periferik direnç,6,"[Physiology Case v174-new-097-egzersizde-bolgesel-kan-akimi-artisi] diagnosis.explanation: Egzersizde kas metabolizması arttığında direnç damarlarının çevresindeki kimyasal ortam değişir ve arteriol düz kası gevşemeye eğilim gösterir. Arterioler direnç azaldığı için aynı sistemik basınç düzeyinde çalışan kasın kan akımı artar. Bu aktif hiperemi yanıtı, oksijen ve substrat sunumunu dokunun artmış metabolik gereksinimiyle eşleştirir. || [Physiology Case v174-new-097-egzersizde-bolgesel-kan-akimi-artisi] diagnosis.answerFeedback.summary: Egzersizde kas metabolizması arttığında direnç damarlarının çevresindeki kimyasal ortam değişir ve arteriol düz kası gevşemeye eğilim gösterir. Arterioler direnç azaldığı için aynı sistemik basınç düzeyinde çalışan kasın kan akımı artar. Bu aktif hiperemi yanıtı, oksijen ve substrat sunumunu dokunun artmış metabolik gereksinimiyle eşleştirir.",98,low,low
v397-physiology-preload,Preload,Preload | ön yük | ventrikül dolum yükü | end-diyastolik hacim yükü,Fizyoloji / kardiyovasküler,Pompa fonksiyonu,P0,Ventrikülün diyastol sonunda kasılmadan önceki gerilme/dolum düzeyidir.,Preload genellikle venöz dönüş ve diyastol sonu hacimle ilişkilidir. Frank-Starling mekanizmasında preload artışı uygun sınırlar içinde atım hacmini artırır.,Preload dolumdur; artarsa Frank-Starling ile atım hacmi artabilir.,Afterload ejeksiyon direncidir; preload ile karıştırılmamalıdır.,Frank-Starling mekanizması | Atım hacmi | Venöz dönüş | EDV,108,"[Physiology Case v178-new-131-efor-dispnesi-ve-periferik-odem] clinicalFocus: Kalp yetmezliğinde preload artışı, Frank-Starling yanıtı ve yüksek dolum basıncına bağlı konjesyon ilişkisini yorumlama. || [Physiology Case v178-new-131-efor-dispnesi-ve-periferik-odem] diagnosis.options[1]: Venöz dönüş azalınca ön yükün düşmesi ve atım hacminin refleks olarak artması",98,low,low
v397-physiology-sa-dugumu-aksiyon-potansiyeli,SA düğümü aksiyon potansiyeli,SA düğümü aksiyon potansiyeli | SA nodu aksiyon potansiyeli | sinoatriyal düğüm aksiyon potansiyeli | pacemaker action potential,Fizyoloji / kardiyovasküler,Kardiyak elektrofizyoloji,P0,Sinüs düğümü hücrelerinin spontan faz 4 depolarizasyonu ile ritim üreten aksiyon potansiyelidir.,"SA düğümünde hızlı Na⁺ kanalı yerine yavaş diyastolik depolarizasyon, funny current ve L tipi Ca²⁺ kanalları önemlidir. Bu yapı kalbin doğal pacemaker davranışını açıklar.",SA düğümünde faz 0 esas olarak L tipi Ca²⁺ girişiyle olur; hızlı Na⁺ kanalı ventrikül miyositindeki gibi baskın değildir.,Ventrikül aksiyon potansiyeli plateau ve hızlı Na⁺ faz 0 ile; SA düğümü spontan faz 4 ile ayrılır.,Funny current | L tipi kalsiyum kanalı | Faz 4 depolarizasyon | Sinüs ritmi,14,[Physiology Case ai-spot-vakasiz-secki-064-sa-dugumu-aksiyon-potansiyeli-l-tipi-kalsiyum] topic: SA düğümü aksiyon potansiyelinin iyonik temelini ventrikül miyositinden ayırt edeb || [Physiology Case ai-spot-vakasiz-secki-064-sa-dugumu-aksiyon-potansiyeli-l-tipi-kalsiyum] clinicalFocus: SA düğümü aksiyon potansiyelinin iyonik temelini ventrikül miyositinden ayırt edeb,98,low,low
v397-physiology-aksiyon-potansiyeli,Aksiyon potansiyeli,Aksiyon potansiyeli | action potential | sinir aksiyon potansiyeli,Fizyoloji / nörofizyoloji,Membran uyarılabilirliği,P0,Membran potansiyelinin eşik aşılınca hızlı ve kendini sürdüren şekilde değişmesidir.,Nöronda hızlı depolarizasyon genellikle voltaj kapılı Na⁺ kanallarının açılmasıyla başlar; ardından K⁺ çıkışı repolarizasyonu sağlar. Bu olay ya hep ya hiç kuralıyla ilerler.,Eşik aşılırsa aksiyon potansiyeli tümüyle oluşur; şiddet frekansla kodlanır.,Dereceli potansiyel genliği değişebilir; aksiyon potansiyeli eşik sonrası ya hep ya hiç yanıtıdır.,Depolarizasyon | Repolarizasyon | Eşik potansiyeli | Refrakter periyot,45,[Physiology Case ai-spot-vakasiz-secki-064-sa-dugumu-aksiyon-potansiyeli-l-tipi-kalsiyum] topic: SA düğümü aksiyon potansiyelinin iyonik temelini ventrikül miyositinden ayırt edeb || [Physiology Case ai-spot-vakasiz-secki-064-sa-dugumu-aksiyon-potansiyeli-l-tipi-kalsiyum] clinicalFocus: SA düğümü aksiyon potansiyelinin iyonik temelini ventrikül miyositinden ayırt edeb,98,low,low
v397-physiology-kas-igcigi,Kas iğciği,Kas iğciği | muscle spindle | intrafüzal kas lifi | kas iğciği reseptörü,Fizyoloji / nöromüsküler,Propriyosepsiyon,P0,Kasın uzunluğunu ve gerilme hızını algılayan intrafüzal duyu reseptörüdür.,Kas gerildiğinde Ia afferent lifler omuriliğe sinyal taşır ve aynı kasın alfa motor nöronunu uyararak gerilme refleksini oluşturur. Gama motor nöronlar kas iğciği duyarlılığını ayarlar.,Derin tendon refleksi kas iğciği-Ia afferent-alfa motor nöron arkıyla açıklanır.,Golgi tendon organı kas gerilimini/tendon gerimini izler; kas iğciği kas uzunluğunu izler.,Ia afferent lif | Alfa motor nöron | Monosinaptik gerilme refleksi | Gama motor nöron,148,[Physiology Case ai-spot-vakasiz-secki-204] topic: Kas iğciği ve gerilme refleksi || [Physiology Case ai-spot-vakasiz-secki-204] clinicalFocus: Kas iğciği ve gerilme refleksi,98,low,low
v397-physiology-monosinaptik-gerilme-refleksi,Monosinaptik gerilme refleksi,Monosinaptik gerilme refleksi | stretch reflex | myotatic reflex | derin tendon refleksi,Fizyoloji / nöromüsküler,Refleks fizyolojisi,P0,Kasın gerilmesine karşı aynı kasın hızlı kasılmasıyla sonuçlanan tek sinapslı refleks arkıdır.,"Kas iğciği gerilmeyi algılar, Ia afferent lif omuriliğe gider ve alfa motor nöronu doğrudan uyarır. Klinik derin tendon refleksleri bu mekanizmayla değerlendirilir.",Patella refleksi klasik monosinaptik gerilme refleksidir.,Çekilme refleksi ağrılı uyarıya polisinaptik yanıt verir; gerilme refleksi monosinaptiktir.,Kas iğciği | Ia afferent lif | Alfa motor nöron | Derin tendon refleksi,0,,98,low,low
v397-physiology-aquaporin-2,Aquaporin-2,Aquaporin-2 | AQP2 | aquaporin 2 | akuaporin-2,Fizyoloji / renal,Su kanalı,P0,Toplayıcı kanal principal hücre apikal membranına yerleşerek su geçirgenliğini artıran kanaldır.,ADH varlığında AQP2 apikal membrana taşınır ve medüller gradyent boyunca su geri emilir. ADH yokluğunda kanal sayısı azalır ve seyreltik idrar oluşur.,ADH sorusunda böbrek efektörü çoğunlukla aquaporin-2’dir.,ENaC sodyum; AQP2 su geri emilimini temsil eder.,ADH | V2 reseptörü | Toplayıcı kanal | Medüller osmotik gradyent,109,"[Physiology Case v168-new-052-bilinc-bulanikligi-ve-hiponatremi] learningTarget: Toplayıcı kanal principal hücrelerinde V2 reseptör yanıtı, aquaporin-2 yerleşimi ve dilüsyonel hiponatremi ilişkisini mekanizma düzeyinde açıklama. || [Physiology Case v168-new-052-bilinc-bulanikligi-ve-hiponatremi] diagnosis.correct: V2 reseptörü aracılığıyla principal hücrelerde aquaporin-2 yerleşiminin artması ve serbest su geri emiliminin sürmesi",98,low,low
v397-physiology-countercurrent-multiplier,Countercurrent multiplier,Countercurrent multiplier | karşı akım çoğaltıcı sistem | countercurrent multiplication | Henle karşı akım sistemi,Fizyoloji / renal,İdrar konsantrasyonu,P0,Henle kulpunun inen ve çıkan kollarının farklı geçirgenlikleriyle medüller osmotik gradyent oluşturmasıdır.,"İnen kol suya geçirgen, kalın çıkan kol tuz geri emilimine yatkındır. Bu düzenleme medullada hiperozmotik ortam yaratır ve ADH varlığında su geri emilimini mümkün kılar.",İdrarı konsantre etmenin zemini medüller osmotik gradyenttir; bunu Henle karşı akım sistemi kurar.,Vasa recta gradyenti korur; Henle kulpu gradyenti oluşturur.,Henle kulpu | Medüller osmotik gradyent | Vasa recta | ADH,34,[Physiology Case ai-spot-vakasiz-secki-158] topic: Karşı akım çoğaltıcı sistem || [Physiology Case ai-spot-vakasiz-secki-158] clinicalFocus: Karşı akım çoğaltıcı sistem,98,low,low
v397-physiology-enac,ENaC,ENaC | epitelyal sodyum kanalı | epithelial sodium channel | ENaC kanalı,Fizyoloji / renal,Distal sodyum geri emilimi,P0,Toplayıcı kanal principal hücrelerinde sodyum geri emilimini sağlayan apikal kanaldır.,Aldosteron ENaC ve Na⁺/K⁺ ATPaz etkisini artırarak sodyum geri emilimini güçlendirir. Lümendeki negatifleşme K⁺ ve H⁺ atılımını kolaylaştırır.,Aldosteronun principal hücredeki temel efektörlerinden biri ENaC’dir.,AQP2 su kanalıdır; ENaC sodyum kanalıdır.,Aldosteron | Principal hücre | ROMK kanalı | Hipokalemik metabolik alkaloz,200,"[Physiology Case v172-new-072-direncli-hipertansiyon-ve-kas-gucsuzlugu] learningTarget: Kortikal toplayıcı kanalda ENaC aktivasyonu, lümen-negatif potansiyel, potasyum sekresyonu ve alfa-interkale hücre hidrojen sekresyonu ilişkisini açıklama. || [Physiology Case v172-new-072-direncli-hipertansiyon-ve-kas-gucsuzlugu] diagnosis.correct: Kortikal toplayıcı kanalda ENaC aracılı sodyum geri emiliminin artması ve lümen-negatif potansiyelle K⁺/H⁺ sekresyonunun artması",98,low,low
v397-physiology-hipotonik-hiponatremi,Hipotonik hiponatremi,Hipotonik hiponatremi | gerçek hipotonik hiponatremi | hypotonic hyponatremia,Fizyoloji / renal,Osmolalite bozukluğu,P0,Serum sodyum düşüklüğüne düşük serum osmolalitesinin eşlik ettiği gerçek hiponatremi paternidir.,Bu tabloda ilk soru idrarın uygun şekilde seyrelip seyrelmediğidir. İdrar osmolalitesi yüksek kalıyorsa ADH etkisi veya su atılım kusuru düşünülür.,Düşük Na⁺ + düşük serum osmolalitesi gerçek hipotonik hiponatremidir.,Hiperglisemiye bağlı translokasyonel hiponatremide serum osmolalitesi farklı yorumlanır.,Serum osmolalitesi | İdrar osmolalitesi | ADH | İdrar sodyumu,33,[Physiology Case v168-new-052-bilinc-bulanikligi-ve-hiponatremi] clinicalFocus: Hipotonik hiponatremide serum-idrar osmolalitesi ve idrar sodyumunu birlikte yorumlayarak uygunsuz su geri emilimi paternini ayırt etme. || [Physiology Case v168-new-052-bilinc-bulanikligi-ve-hiponatremi] investigations[1].summary: Düşük sodyumun düşük serum osmolalitesiyle birlikte olması gerçek hipotonik hiponatremi paternini gösterir; glukoz ve kreatinin değerleri başlıca yalancı/osmotik açıklamaları zayıflatır.,98,low,low
v397-physiology-meduller-osmotik-gradyent,Medüller osmotik gradyent,Medüller osmotik gradyent | medullary osmotic gradient | renal medüller gradyent | medulla hiperozmolaritesi,Fizyoloji / renal,İdrar konsantrasyonu,P0,Korteksten medullaya doğru artan osmolalite farkıdır ve su geri emilimini yönlendirir.,"ADH varlığında toplayıcı kanal suya geçirgen hale gelir; su, medüller osmotik gradyente doğru geri emilir. Gradyent kaybı idrar konsantre etme yeteneğini bozar.",ADH kanalı açar; suyu çeken kuvvet medüller osmotik gradyenttir.,Aquaporin-2 su yolunu sağlar; gradyent yoksa su geri emilimi etkin olmaz.,Countercurrent multiplier | Aquaporin-2 | Toplayıcı kanal | Vasa recta,0,,98,low,low
v397-physiology-principal-hucre,Principal hücre,Principal hücre | principal cell | toplayıcı kanal principal hücresi,Fizyoloji / renal,Toplayıcı kanal hücresi,P0,"Toplayıcı kanalda Na⁺ geri emilimi, K⁺ sekresyonu ve ADH’ye bağlı su geri emiliminden sorumlu hücre tipidir.","Principal hücre ENaC, ROMK ve aquaporin-2 ile sodyum-potasyum-su dengesini yönetir. Aldosteron ve ADH etkileri burada kesişir.","Principal hücre: ENaC ile Na⁺ alır, ROMK ile K⁺ atar, AQP2 ile su geçirgenliği kazanır.",Alfa interkale hücre asit sekresyonu; principal hücre Na⁺/K⁺/su dengesiyle ilişkilidir.,ENaC | ROMK kanalı | Aquaporin-2 | Aldosteron,246,"[Physiology Case v168-new-052-bilinc-bulanikligi-ve-hiponatremi] learningTarget: Toplayıcı kanal principal hücrelerinde V2 reseptör yanıtı, aquaporin-2 yerleşimi ve dilüsyonel hiponatremi ilişkisini mekanizma düzeyinde açıklama. || [Physiology Case v168-new-052-bilinc-bulanikligi-ve-hiponatremi] diagnosis.correct: V2 reseptörü aracılığıyla principal hücrelerde aquaporin-2 yerleşiminin artması ve serbest su geri emiliminin sürmesi",98,low,low
v397-physiology-toplayici-kanal,Toplayıcı kanal,Toplayıcı kanal | collecting duct | collecting tubule | kollektör kanal,Fizyoloji / renal,Nefron segmenti,P0,ADH ve aldosteron etkilerinin birleştiği son nefron segmentidir.,"Toplayıcı kanal principal hücreleri ADH ile su, aldosteron ile Na⁺/K⁺ dengesini ayarlar; interkale hücreler asit-baz dengesine katkı verir.","ADH, aldosteron ve asit-baz son ayarı toplayıcı kanal düzeyinde birleşir.",Proksimal tübül kitlesel geri emilim; toplayıcı kanal hormon kontrollü son ayar yapar.,ADH | Aquaporin-2 | Principal hücre | Alfa interkale hücre,292,"[Physiology Case v168-new-052-bilinc-bulanikligi-ve-hiponatremi] learningTarget: Toplayıcı kanal principal hücrelerinde V2 reseptör yanıtı, aquaporin-2 yerleşimi ve dilüsyonel hiponatremi ilişkisini mekanizma düzeyinde açıklama. || [Physiology Case v168-new-052-bilinc-bulanikligi-ve-hiponatremi] diagnosis.explanation: Hipotonik hiponatremide normal fizyolojik yanıt su geri emilimini azaltmak ve çok seyreltik idrar oluşturmaktır. Bu olguda serum osmolalitesi düşükken idrar osmolalitesinin yüksek kalması, toplayıcı kanalda su geçirgenliğinin uygunsuz biçimde sürdüğünü gösterir. V2 reseptörü-cAMP/PKA yolu aquaporin-2 kanallarını apikal membrana taşıdığında serbest su geri emil…",98,low,low
v397-physiology-adh,ADH,ADH | antidiüretik hormon | vazopressin | vasopressin | arginin vazopressin,Fizyoloji / renal-endokrin,Su dengesi,P0,Toplayıcı kanalda su geçirgenliğini artırarak serbest su geri emilimini düzenleyen hormondur.,ADH V2 reseptörü üzerinden cAMP/PKA yolunu aktive eder ve aquaporin-2 kanallarını apikal membrana yerleştirir. Böylece idrar konsantre edilir ve plazma osmolalitesi dengelenir.,ADH saf su tutulumunun ana hormonudur; aldosteron ise Na⁺/K⁺/H⁺ dengesine daha çok etki eder.,Aldosteron sodyum geri emilimini artırır; ADH esas olarak su geçirgenliğini artırır.,V2 reseptörü | Aquaporin-2 | Toplayıcı kanal | İdrar osmolalitesi,282,"[Physiology Case v168-new-052-bilinc-bulanikligi-ve-hiponatremi] diagnosis.options[0]: Primer polidipsiye bağlı ADH baskılanması ve idrarın ileri derecede seyrelmesi || [Physiology Case v168-new-052-bilinc-bulanikligi-ve-hiponatremi] diagnosis.answerFeedback.optionComparison.Primer polidipsiye bağlı ADH baskılanması ve idrarın ileri derecede seyrelmesi: Primer polidipside aşırı su alımı ADH salınımını baskılar ve idrar osmolalitesi genellikle çok düşer. Bu vakada idrarın 560 mOsm/kg olması, su fazlalığına karşı beklenen seyrelme yanıtının oluşmadığını gösterir.",98,low,low
v397-physiology-v2-reseptoru,V2 reseptörü,V2 reseptörü | ADH V2 reseptörü | vasopressin V2 receptor | vazopressin V2 reseptörü,Fizyoloji / renal-endokrin,ADH sinyali,P0,Toplayıcı kanal principal hücrelerinde ADH’nin su geri emilimini artıran reseptörüdür.,V2 reseptörü Gs-cAMP/PKA yoluyla aquaporin-2 yerleşimini artırır. SIADH benzeri tabloda uygunsuz V2 aktivitesi dilüsyonel hiponatremi oluşturabilir.,ADH’nin böbrekte su tutucu etkisi V2 reseptörü-aquaporin-2 aksıyla olur.,V1 reseptör damar düz kasında vazokonstriksiyonla ilişkilidir; renal su etkisi V2 üzerinden okunur.,ADH | Aquaporin-2 | Principal hücre | Hipotonik hiponatremi,72,[Physiology Case v168-new-052-bilinc-bulanikligi-ve-hiponatremi] diagnosis.correct: V2 reseptörü aracılığıyla principal hücrelerde aquaporin-2 yerleşiminin artması ve serbest su geri emiliminin sürmesi || [Physiology Case v168-new-052-bilinc-bulanikligi-ve-hiponatremi] diagnosis.options[2]: V2 reseptörü aracılığıyla principal hücrelerde aquaporin-2 yerleşiminin artması ve serbest su geri emiliminin sürmesi,98,low,low
v397-physiology-anjiyotensin,Anjiyotensin II,Anjiyotensin II | angiotensin II | anjiyotensin-2 | Ang II,Fizyoloji / renal-kardiyovasküler,RAAS efektörü,P0,RAAS içinde güçlü vazokonstriktör ve aldosteron uyarıcı peptid hormondur.,Renal perfüzyon azalınca renin salınımı anjiyotensin II üretimini artırır. Anjiyotensin II özellikle efferent arteriyol tonusunu artırarak düşük perfüzyonda GFR’yi destekleyebilir.,Anjiyotensin II düşük renal perfüzyonda efferent arteriyol konstriksiyonu ile filtrasyonu korumaya çalışır.,ANP natriürez ve hacim atılımını artırır; anjiyotensin II hacim ve basıncı koruyucu yönde çalışır.,RAAS | Renin salınımı | Efferent arteriyol | Aldosteron,150,[Physiology Case v183-new-184-glomeruler-filtrasyonun-lokal-kontrolu] diagnosis.options[1]: Anjiyotensin II aracılı efferent arteriyol konstriksiyonu ile filtrasyon fraksiyonunun artması || [Physiology Case v183-new-184-glomeruler-filtrasyonun-lokal-kontrolu] diagnosis.optionComparison.Anjiyotensin II aracılı efferent arteriyol konstriksiyonu ile filtrasyon fraksiyonunun artması: Efferent konstriksiyon ve filtrasyon fraksiyonu artışı sistemik RAAS/anjiyotensin II etkisiyle ilişkili olabilir. Tubuloglomerüler geri bildirimde yüksek distal NaCl için hızlı lokal hedef esas olarak afferent arteriyoldür.,98,low,low
v397-physiology-alveoler-ventilasyon,Alveoler ventilasyon,Alveoler ventilasyon | alveolar ventilation | VA | alveoler dakika ventilasyonu,Fizyoloji / solunum,Gaz değişimi,P0,Dakikada gaz değişimine gerçekten katılan alveollere ulaşan taze hava miktarıdır.,"Alveoler ventilasyon, toplam dakika ventilasyonundan anatomik/fizyolojik ölü boşluk ventilasyonunun çıkarılmasıyla düşünülür. PaCO₂ düzeyini belirleyen ana ventilasyon değişkenidir.",PaCO₂ yükseliyorsa önce alveoler ventilasyonun azalıp azalmadığı düşünülür.,Dakika ventilasyonu yüksek olsa bile ölü boşluk artışı varsa alveoler ventilasyon yetersiz kalabilir.,PaCO₂ | Ölü boşluk ventilasyonu | Dakika ventilasyonu | Hipoventilasyon,5605,"[Physiology Case v168-new-052-bilinc-bulanikligi-ve-hiponatremi] chiefComplaint: Hasta, iki gündür belirginleşen halsizlik, baş ağrısı ve dikkatinde yavaşlama nedeniyle serviste değerlendiriliyor. || [Physiology Case v168-new-052-bilinc-bulanikligi-ve-hiponatremi] stem: Yakınmaları son 48 saatte artmış; ailesi konuşmalarının yavaşladığını ve sorulara geç yanıt verdiğini belirtmiştir. Son aylarda iştah azalması, kilo kaybı ve inatçı öksürük tarifler. Kusma, ishal, yoğun diüretik kullanımı, aşırı su içme atağı veya yeni başlanan hipoglisemik ilaç öyküsü yoktur. Muayenede belirgin dehidratasyon ya da yaygın ödem izlenmez; bu nedenle hiponatremin…",98,low,low
v397-physiology-alveoler-olu-bosluk,Alveoler ölü boşluk,Alveoler ölü boşluk | dead space ventilation | ölü boşluk ventilasyonu | alveolar dead space,Fizyoloji / solunum,V/Q ilişkisi,P0,Havalanan fakat yeterince perfüze olmadığı için etkin gaz değişimine katılamayan alveol alanıdır.,Pulmoner embolide ventilasyon korunurken perfüzyon azalır; böylece alveoler ölü boşluk ve V/Q oranı artar. Bu alanlar CO₂ atımına katkı sağlayamaz.,Pulmoner emboli: yüksek V/Q ve ölü boşluk benzeri ventilasyon.,Şantta perfüzyon vardır fakat ventilasyon yoktur; ölü boşlukta ventilasyon vardır fakat perfüzyon yetersizdir.,Pulmoner emboli | Yüksek V/Q | V/Q oranı | Fizyolojik şant,2,[Physiology TUS Pearl Card V/Q uyumsuzluğu] explanation: Emboli perfüzyonu düşürür ve ölü boşluk ventilasyonunu artırır. || [Physiology TUS Pearl Card V/Q uyumsuzluğu] explanation: Emboli perfüzyonu düşürür ve ölü boşluk ventilasyonunu artırır.,98,low,low
v397-physiology-elastik-recoil,Elastik recoil,Elastik recoil | elastik geri çekilme | elastic recoil | akciğer elastik geri çekilmesi,Fizyoloji / solunum,Akciğer mekanikleri,P0,Akciğerin genişledikten sonra pasif olarak eski hacmine dönme eğilimidir.,Amfizemde elastik doku yıkımı geri çekilme kuvvetini azaltır; ekspirasyon zorlaşır ve hava hapsi gelişir. Fibroziste ise sert doku nedeniyle kompliyans azalır.,"Amfizem: kompliyans artar, elastik recoil azalır, hava hapsi olur.",Kompliyans artışı iyi ekspirasyon anlamına gelmez; recoil kaybı hava çıkışını bozar.,Akciğer kompliyansı | Amfizem | Hava hapsi | Zorlu ekspirasyon,17,"[Physiology Case v169-new-068-kronik-dispne-ve-hava-hapsi] diagnosis.whyCorrect: Elastik recoil kaybı radial traksiyonu azaltır; ekspirasyonda intratorasik basınç küçük hava yollarını kapatır. Bu mekanizma rezidüel volüm artışı, hiperinflasyon ve uzamış ekspiryumu açıklar. || [Physiology Case v169-new-068-kronik-dispne-ve-hava-hapsi] diagnosis.evidenceChain[2].text: Hiperinflasyon ve diyafram düzleşmesi, elastik recoil kaybı ve ekspiratuvar boşalmanın zorlaşmasıyla uyumludur.",98,low,low
v397-physiology-fizyolojik-sant,Fizyolojik şant,Fizyolojik şant | physiologic shunt | şant benzeri patern | düşük V/Q şant paterni,Fizyoloji / solunum,V/Q ilişkisi,P0,Perfüze olan fakat yeterince havalanmayan akciğer alanından venöz kanın oksijenlenmeden geçmesi durumudur.,"Atelektazi veya ağır düşük V/Q alanlarında kan alveolde yeterli O₂ ile karşılaşmadan sistemik dolaşıma döner. Oksijen tedavisine yanıt, gerçek anatomik şant ve V/Q düşüklüğü ayrımında önemlidir.",Havalanmayan ama perfüze olan alveol düşük V/Q/şant mantığıyla okunur.,Ölü boşlukta alveol havalanır ama perfüzyon yoktur; şantta perfüzyon var ama ventilasyon yoktur.,Düşük V/Q | Atelektazi | Alveoler ventilasyon | Alveoler ölü boşluk,8,[Physiology TUS Pearl Card V/Q uyumsuzluğu] extraAnswer: V/Q azalır; şant benzeri patern oluşur. || [Physiology Hap Card Override tus-pearl-physiology-010-extra] back: V/Q azalır; şant benzeri patern oluşur.,98,low,low
v397-physiology-karbonmonoksit-hemoglobin-afinitesi,Karbonmonoksit hemoglobin afinitesi,Karbonmonoksit hemoglobin afinitesi | CO hemoglobin afinitesi | karbonmonoksit-Hb afinitesi | CO-Hb afinitesi,Fizyoloji / solunum,Oksijen taşınması bozukluğu,P0,Karbonmonoksitin hemoglobine oksijenden çok daha güçlü bağlanma eğilimidir.,CO hemoglobine bağlanarak O₂ taşıma kapasitesini azaltır ve kalan bağlanma bölgelerinde O₂ afinitesini artırarak eğriyi sola kaydırır. Bu nedenle doku hipoksisi ağır olabilir.,CO zehirlenmesinde PaO₂ normal görünebilir; sorun hemoglobin taşıma kapasitesi ve O₂ bırakılmasıdır.,Hipoksemide PaO₂ düşer; CO zehirlenmesinde PaO₂ normal olup satürasyon/taşıma bozulabilir.,Karboksihemoglobin | Oksihemoglobin dissosiyasyon eğrisi | Doku hipoksisi,0,,98,low,low
v397-physiology-oksihemoglobin-dissosiyasyon-egrisi,Oksihemoglobin dissosiyasyon eğrisi,Oksihemoglobin dissosiyasyon eğrisi | oksijen-hemoglobin ayrışma eğrisi | oksihemoglobin eğrisi | oxyhemoglobin dissociation curve,Fizyoloji / solunum,Oksijen taşınması,P0,Hemoglobin satürasyonu ile oksijen parsiyel basıncı arasındaki sigmoidal ilişkiyi gösteren eğridir.,"Eğrinin sağa kayması hemoglobinin O₂’yi daha kolay bırakması, sola kayması daha sıkı tutması anlamına gelir. P50 bu afinitenin sayısal göstergesidir.",Sağa kayma dokuya O₂ bırakmayı artırır; sola kayma O₂ tutmayı artırır.,PaO₂ düşüklüğü ile hemoglobin afinitesi değişikliği aynı şey değildir.,"P50 | 2,3-BPG | Bohr etkisi | HbF oksijen afinitesi",48,"[Physiology Case ai-spot-vakasiz-secki-025-oksihemoglobin-egrisi-sola-kayma] learningTarget: 2,3-BPG düzeyinin azalması hemoglobinin deoksi formunu daha az stabilize eder ve oksijen afinitesini artırarak oksihemoglobin eğrisini sola kaydırır. || [Physiology Case ai-spot-vakasiz-secki-025-oksihemoglobin-egrisi-sola-kayma] coreKnowledge: 2,3-BPG düzeyinin azalması hemoglobinin deoksi formunu daha az stabilize eder ve oksijen afinitesini artırarak oksihemoglobin eğrisini sola kaydırır.",98,low,low
v397-physiology-periferik-kemoreseptor,Periferik kemoreseptör,Periferik kemoreseptör | karotis cisimciği | aort cisimciği | peripheral chemoreceptor | karotid cisimcik,Fizyoloji / solunum,Ventilasyon kontrolü,P0,"Karotis ve aort cisimciklerinde bulunan, özellikle PaO₂ düşüşü ve pH değişimine yanıt veren reseptörlerdir.","Periferik kemoreseptörler hipoksemi, asidoz ve kısmen CO₂ artışıyla solunumu hızlandırır. Kronik CO₂ retansiyonunda santral yanıt tamponlandığı için hipoksemik uyarı daha görünür hale gelir.",PaO₂ belirgin düştüğünde periferik kemoreseptörler ventilasyon dürtüsünde kritikleşir.,Santral kemoreseptörler BOS pH üzerinden PaCO₂’ye duyarlıdır; periferik kemoreseptörler arteriyel O₂ değişimini doğrudan algılar.,PaO₂ | Hipoksemi | Kronik CO₂ retansiyonu | Santral kemoreseptör,24,[Physiology Case v176-new-112-asidozda-derin-hizli-solunum] diagnosis.explanation: Metabolik asidozda primer sorun HCO₃⁻ azalması ve asit yükünün artmasıdır. Periferik kemoreseptörler ve medüller solunum merkezleri ventilasyonu artırır; alveoler ventilasyon yükseldiğinde PaCO₂ düşer. CO₂’nin azalması bikarbonat/karbondioksit tampon oranını kısmen düzeltir ve pH düşüşünü sınırlar. || [Physiology Case v176-new-112-asidozda-derin-hizli-solunum] diagnosis.answerFeedback.summary: Metabolik asidozda primer sorun HCO₃⁻ azalması ve asit yükünün artmasıdır. Periferik kemoreseptörler ve medüller solunum merkezleri ventilasyonu artırır; alveoler ventilasyon yükseldiğinde PaCO₂ düşer. CO₂’nin azalması bikarbonat/karbondioksit tampon oranını kısmen düzeltir ve pH düşüşünü sınırlar.,98,low,low
v397-physiology-santral-kemoreseptor,Santral kemoreseptör,Santral kemoreseptör | central chemoreceptor | medüller kemoreseptör | santral CO₂ kemoreseptörü,Fizyoloji / solunum,Ventilasyon kontrolü,P0,Medulla çevresinde BOS pH değişimini algılayarak ventilasyonu düzenleyen kemoreseptör grubudur.,"CO₂ kan-beyin bariyerini kolay geçer, BOS’ta H⁺ oluşturur ve pH’ı düşürür. Santral kemoreseptör bu pH düşüşünü solunum merkezine güçlü uyarı olarak iletir.",Akut ventilasyon kontrolünde en güçlü kimyasal uyarı çoğu zaman PaCO₂ artışıdır; bu etki santral kemoreseptör-BOS pH yolu ile olur.,Periferik kemoreseptörler özellikle belirgin PaO₂ düşüşünde öne çıkar; santral kemoreseptör doğrudan O₂’yi değil CO₂’ye bağlı pH değişimini izler.,PaCO₂ | BOS pH düşüşü | Alveoler ventilasyon | Periferik kemoreseptör,18,[Physiology TUS Pearl Card Solunum merkezi ve CO₂] explanation: Santral kemoreseptörler CO₂ artışına bağlı BOS pH düşüşünü algılar. || [Physiology TUS Pearl Card Solunum merkezi ve CO₂] keywords[1]: santral kemoreseptör,98,low,low
v397-physiology-v-q-orani,V/Q oranı,V/Q oranı | ventilasyon/perfüzyon oranı | ventilation perfusion ratio | ventilasyon perfüzyon oranı,Fizyoloji / solunum,Gaz değişimi,P0,Bir akciğer bölgesindeki ventilasyonun perfüzyona oranıdır.,"V/Q oranı, alveole gelen hava ile kapiller kan akımının eşleşmesini gösterir. Oran yükselirse ölü boşluk, düşerse şant benzeri patern düşünülür.",Pulmoner emboli yüksek V/Q; atelektazi/şant düşük V/Q olarak ayrılır.,Yalnız ventilasyon veya yalnız perfüzyon değerinden çok ikisinin oranı klinik sonucu belirler.,Yüksek V/Q | Düşük V/Q | Alveoler ölü boşluk | Fizyolojik şant,18,[Physiology Case v188-new-258-akciger-embolisinde-oksijen-dusuklugu] diagnosis.answerFeedback.coreKnowledge: V/Q oranı alveoler ventilasyon ile pulmoner perfüzyonun eşleşmesini ifade eder; perfüzyonun bölgesel azalması oksijenlenmeyi bozarken CO₂ çoğu zaman artmış ventilasyonla düşük kalabilir. || [Physiology Case v188-new-258-akciger-embolisinde-oksijen-dusuklugu] diagnosis.coreKnowledge: V/Q oranı alveoler ventilasyon ile pulmoner perfüzyonun eşleşmesini ifade eder; perfüzyonun bölgesel azalması oksijenlenmeyi bozarken CO₂ çoğu zaman artmış ventilasyonla düşük kalabilir.,98,low,low
v397-physiology-bikarbonat-tampon-sistemi,Bikarbonat tampon sistemi,Bikarbonat tampon sistemi | HCO₃⁻ tampon sistemi | bicarbonate buffer system | karbonik asit-bikarbonat tamponu,Fizyoloji / asit-baz,Tampon sistemleri,P1,"CO₂, karbonik asit ve bikarbonat arasındaki dengeyle pH’ı düzenleyen ana ekstrasellüler tampon sistemidir.","Akciğer CO₂’yi, böbrek HCO₃⁻ ve H⁺ dengesini ayarlar. Bu nedenle asit-baz sorularında PaCO₂ solunumsal, HCO₃⁻ metabolik bileşen olarak okunur.","Asit-baz yorumunda PaCO₂ akciğer, HCO₃⁻ böbrek/metabolik tarafı temsil eder.",Hemoglobin tamponu kanda H⁺ bağlanmasına katkı verir; bikarbonat sistemi açık sistem olarak akciğer-böbrek koordinasyonuyla çalışır.,PaCO₂ | HCO₃⁻ | Karbonik anhidraz | Asit-baz dengesi,0,,92,low,low
v397-physiology-hemoglobin-tampon-sistemi,Hemoglobin tampon sistemi,Hemoglobin tampon sistemi | hemoglobin buffer | Hb tamponu,Fizyoloji / asit-baz,Kan tamponları,P1,Hemoglobinin H⁺ ve CO₂ bağlayarak kan pH dengesine katkı verdiği tampon mekanizmasıdır.,Dokularda deoksihemoglobin H⁺ bağlayarak CO₂ taşınmasını kolaylaştırır; akciğerde oksijenlenme H⁺ ve CO₂ salınımını destekler. Bu mantık Haldane etkisiyle ilişkilidir.,Deoksihemoglobin dokuda H⁺ tamponlayarak CO₂ taşınmasına katkı sağlar.,Bikarbonat tamponu plazma-açık sistemdir; hemoglobin tamponu eritrosit içi taşıma ve tamponlamayla öne çıkar.,Haldane etkisi | Klor shift | Karbaminohemoglobin | Bikarbonat tampon sistemi,0,,92,low,low
v397-physiology-renal-kompanzasyon,Renal kompanzasyon,Renal kompanzasyon | böbreksel kompanzasyon | renal compensation,Fizyoloji / asit-baz,Kompanzasyon,P1,Respiratuvar asit-baz bozukluklarında böbreğin HCO₃⁻ ve H⁺ atılımını değiştirerek pH’ı dengeleme çabasıdır.,Kronik respiratuvar asidozda böbrek HCO₃⁻ geri emilimini ve asit atılımını artırır. Bu yüzden kronik hiperkapnide HCO₃⁻ yüksekliği beklenir.,Kronik respiratuvar asidozda HCO₃⁻ yükselmesi renal kompanzasyonu gösterir.,Akut respiratuvar bozuklukta renal kompanzasyon sınırlıdır; kronik süreçte belirginleşir.,Respiratuvar asidoz | Kronik CO₂ retansiyonu | HCO₃⁻ | Böbrek asit atılımı,18,[Physiology Case v172-new-080-kronik-karbondioksit-retansiyonu] question: Kronik karbondioksit retansiyonunda pH değerinin normale yaklaşmasını sağlayan temel renal kompanzasyon hangisidir? || [Physiology Case v172-new-080-kronik-karbondioksit-retansiyonu] diagnosis.question: Kronik karbondioksit retansiyonunda pH değerinin normale yaklaşmasını sağlayan temel renal kompanzasyon hangisidir?,92,low,low
v397-physiology-solunumsal-kompanzasyon,Solunumsal kompanzasyon,Solunumsal kompanzasyon | respiratuvar kompanzasyon | respiratory compensation,Fizyoloji / asit-baz,Kompanzasyon,P1,Metabolik asit-baz bozukluklarında ventilasyonun PaCO₂’yi değiştirerek pH’ı dengeleme çabasıdır.,Metabolik asidozda ventilasyon artarak PaCO₂ düşürülür; metabolik alkalozda ventilasyon azalabilir ancak hipoksemi sınırı kompanzasyonu kısıtlar.,Metabolik asidozda beklenen kompanzasyon derin-hızlı solunum ve PaCO₂ düşüşüdür.,Kompanzasyon pH’ı tamamen normale döndürüyorsa mikst bozukluk düşünülmelidir.,Metabolik asidoz | Kussmaul solunumu | PaCO₂ | HCO₃⁻,1,[Physiology Hap Card Override tus-pearl-physiology-197-extra] differentialNote: Solunumsal kompanzasyon hızlıdır; renal asit-baz kompanzasyonu daha yavaş fakat güçlüdür. || [Physiology Hap Card Override tus-pearl-physiology-197-extra] differentialNote: Solunumsal kompanzasyon hızlıdır; renal asit-baz kompanzasyonu daha yavaş fakat güçlüdür.,92,low,low
v397-physiology-lenfatik-drenaj,Lenfatik drenaj,Lenfatik drenaj | lymphatic drainage | lenf drenajı,Fizyoloji / dolaşım,Sıvı geri dönüşü,P1,İnterstisyel sıvı ve proteinlerin lenf damarlarıyla dolaşıma geri taşınmasıdır.,Lenfatik akım kapillerden kaçan protein ve sıvının birikmesini engeller. Lenfatik tıkanıklıkta proteinli interstisyel sıvı artar ve lenfödem gelişir.,Lenfödemde temel sorun Starling basınçlarından çok lenfatik drenajın bozulmasıdır.,Venöz ödem hidrostatik basınç artışıyla; lenfödem drenaj bozukluğuyla ayrılır.,İnterstisyel sıvı | Ödem fizyolojisi | Kapiller onkotik basınç,9,"[Physiology Case v189-new-274-kalp-yetmezliginde-bacak-odemi] clinicalFocus: Kalp yetmezliğine bağlı periferik ödemde Starling kuvvetlerini venöz konjesyon, onkotik basınç ve lenfatik drenaj ayrımıyla yorumlama. || [Physiology Case v189-new-274-kalp-yetmezliginde-bacak-odemi] learningTarget: Bilateral gode bırakan ödemde Starling kuvvetlerini venöz konjesyon, onkotik basınç, geçirgenlik ve lenfatik drenaj açısından ayırt etme.",92,low,low
v397-physiology-interstisyel-sivi,İnterstisyel sıvı,İnterstisyel sıvı | interstitial fluid | doku arası sıvı,Fizyoloji / dolaşım,Sıvı kompartmanı,P1,Hücreler ile kapillerler arasındaki ekstrasellüler sıvı bölümüdür.,Kapiller filtrasyon ve lenfatik drenaj arasındaki denge interstisyel sıvı miktarını belirler. Bu denge bozulursa ödem gelişir.,"Ödem, interstisyel sıvı hacminin patolojik artışıdır.",İntravasküler sıvı damar içindedir; interstisyel sıvı damar dışı doku aralığındadır.,Starling kuvvetleri | Lenfatik drenaj | Ödem fizyolojisi,1,[Physiology Hap Card Override tus-pearl-physiology-203-spot] explanation: Kapiller hidrostatik basınç damar içinden dışarı doğru itici kuvvettir. Bu basınç arttığında interstisyel sıvı birikimi kolaylaşır; venöz basınç artışı veya kalp yetmezliği ödemi bu mekanizmayla açıklanabilir.,92,low,low
v397-physiology-d-hucresi,D hücresi,D hücresi | D cell | somatostatin salgılayan hücre | gastrik D hücresi,Fizyoloji / gastrointestinal,Gastrin baskılanması,P1,Mide mukozasında somatostatin salgılayarak gastrin ve asit sekresyonunu baskılayan hücredir.,"Lümen pH’ı çok düştüğünde D hücreleri somatostatin salgılar; bu, G hücresinden gastrin salınımını azaltır. Böylece negatif feedback oluşur.",D hücresi somatostatinle gastrini baskılar.,G hücresi gastrin salgılar; D hücresi frenleyici somatostatin yanıtını verir.,Somatostatin | G hücresi | Gastrin | Mide asit sekresyonu,2,[Physiology Hap Card Override tus-pearl-physiology-204-extra] differentialNote: Vagal uyarı gastrini artırabilir; çok düşük lümen pH’ı ise D hücresi üzerinden gastrini baskılar. || [Physiology Hap Card Override tus-pearl-physiology-204-extra] differentialNote: Vagal uyarı gastrini artırabilir; çok düşük lümen pH’ı ise D hücresi üzerinden gastrini baskılar.,92,low,low
v397-physiology-ecl-hucresi,ECL hücresi,ECL hücresi | enterochromaffin-like cell | enterokromaffin benzeri hücre | ECL cell,Fizyoloji / gastrointestinal,Histamin salınımı,P1,Mide mukozasında histamin salgılayarak parietal hücre asit sekresyonunu artıran hücredir.,Gastrin ve vagal uyarı ECL hücresinden histamin salınımını artırır. Histamin H2 reseptör üzerinden parietal hücrenin asit sekresyonunu güçlendirir.,Gastrin → ECL histamin → parietal hücre H+/K+ ATPaz aktivasyonu.,G hücresi gastrin; ECL hücresi histamin; parietal hücre asit salgılar.,Gastrin | Histamin H2 reseptörü | Parietal hücre | H+/K+ ATPaz,12,[Physiology TUS Pearl Card Gastrin etkisi] mainAnswer: Parietal hücreyi doğrudan ve ECL hücresini dolaylı uyararak. || [Physiology TUS Pearl Card Gastrin etkisi] keywords[1]: ECL hücresi,92,low,low
v397-physiology-g-hucresi,G hücresi,G hücresi | G cell | gastrin salgılayan hücre | gastrin hücresi,Fizyoloji / gastrointestinal,Enteroendokrin hücre,P1,Antrumda bulunan ve gastrin salgılayan enteroendokrin hücredir.,"Proteinler, mide distansiyonu ve vagal uyarı G hücrelerini aktive eder. Çok düşük lümen pH’ı ise somatostatin aracılığıyla gastrini baskılar.",G hücresi gastrin salgılar; D hücresi somatostatinle gastrini baskılar.,ECL hücresi histamin salgılar; G hücresi gastrin salgılar.,Gastrin | D hücresi | Somatostatin | Vagal uyarı,6,[Physiology Hap Card Override tus-pearl-physiology-204-extra] back: Düşük pH somatostatin salınımını artırarak G hücresinden gastrin salınımını inhibe eder. || [Physiology Hap Card Override tus-pearl-physiology-204-extra] answer: Düşük pH somatostatin salınımını artırarak G hücresinden gastrin salınımını inhibe eder.,92,low,low
v397-physiology-pankreatik-bikarbonat-sekresyonu,Pankreatik bikarbonat sekresyonu,Pankreatik bikarbonat sekresyonu | pancreatic bicarbonate secretion | pankreas HCO₃⁻ sekresyonu,Fizyoloji / gastrointestinal,Duodenal nötralizasyon,P1,Pankreas kanal hücrelerinden duodenuma HCO₃⁻ verilerek mide asidinin nötralize edilmesidir.,Duodenal pH düştüğünde sekretin salınır ve pankreatik bikarbonat sekresyonu artar. Bu süreç pankreatik enzimlerin çalışacağı pH ortamını hazırlar.,Sekretin pankreatik bikarbonatı artırır; CCK pankreatik enzimleri artırır.,Pankreatik enzim sekresyonu asıl CCK ile; bikarbonat sekresyonu sekretin ile öne çıkar.,Sekretin | S hücresi | HCO₃⁻ | Duodenal pH,17,[Physiology Case ai-spot-vakasiz-secki-174] options[2].text: Duodenal asit yüküne yanıt olarak pankreatik bikarbonat sekresyonunu artırır || [Physiology Case ai-spot-vakasiz-secki-174] correctOptionText: Duodenal asit yüküne yanıt olarak pankreatik bikarbonat sekresyonunu artırır,92,low,low
v397-physiology-safra-kesesi-kontraksiyonu,Safra kesesi kontraksiyonu,Safra kesesi kontraksiyonu | gallbladder contraction | safra kesesi kasılması,Fizyoloji / gastrointestinal,Yağ sindirimi,P1,Safranın duodenuma aktarılması için safra kesesinin kasılmasıdır.,Yağ ve aminoasitler CCK salınımını artırır; CCK safra kesesini kasar ve Oddi sfinkterini gevşetir. Böylece safra yağ sindirimine katılır.,CCK safra kesesi kontraksiyonunun temel hormonal uyarıcısıdır.,Sekretin pankreatik bikarbonatı artırır; safra kesesi kasılması daha çok CCK ile ilişkilidir.,Kolesistokinin | Oddi sfinkteri | Safra | Yağ sindirimi,39,"[Physiology Case ai-spot-vakasiz-secki-174] explanation: Doğru cevap A’dır. Sekretin, özellikle duodenuma geçen asidik kimusun uyarısıyla salınır ve pankreas duktus hücrelerinden bikarbonat sekresyonunu artırır. Bikarbonat, gastrik asidi nötralize ederek pankreatik enzimlerin çalışabileceği daha uygun pH ortamını oluşturur. Mide asit sekresyonunu artıran ana hormon gastrindir; safra kesesi kontraksiyonu ve pankreatik enzim sekresyonu ise daha çok… || [Physiology Case ai-spot-vakasiz-secki-174] optionFeedback.Safra kesesini güçlü biçimde kasarak Oddi sfinkterini kapatır: Yanlıştır. Safra kesesi kontraksiyonu ve oddi sfinkter relaksasyonu daha çok CCK etkisiyle ilişkilidir. Sekretinin ana etkisi bikarbonat sekresyonudur.",92,low,low
v397-physiology-aktif-hiperemi,Aktif hiperemi,Aktif hiperemi | active hyperemia | fonksiyonel hiperemi,Fizyoloji / kardiyovasküler,Doku perfüzyonu,P1,Bir dokunun metabolik aktivitesi arttığında kan akımının buna eşlik ederek artmasıdır.,"Kas egzersizi, beyin aktivitesi veya sindirim gibi durumlarda lokal metabolitler arteriolleri genişletir. Bu, oksijen ve besin sunumunu talebe göre artırır.",Aktif doku daha fazla metabolit üretir; bu metabolitler kan akımını artırır.,Reaktif hiperemi geçici iskemi sonrası kan akımı artışıdır; aktif hiperemi artmış metabolik aktiviteye eşlik eder.,Lokal metabolik vazodilatasyon | Adenozin | Doku hipoksisi,6,"[Physiology Case v174-new-097-egzersizde-bolgesel-kan-akimi-artisi] diagnosis.explanation: Egzersizde kas metabolizması arttığında direnç damarlarının çevresindeki kimyasal ortam değişir ve arteriol düz kası gevşemeye eğilim gösterir. Arterioler direnç azaldığı için aynı sistemik basınç düzeyinde çalışan kasın kan akımı artar. Bu aktif hiperemi yanıtı, oksijen ve substrat sunumunu dokunun artmış metabolik gereksinimiyle eşleştirir. || [Physiology Case v174-new-097-egzersizde-bolgesel-kan-akimi-artisi] diagnosis.answerFeedback.summary: Egzersizde kas metabolizması arttığında direnç damarlarının çevresindeki kimyasal ortam değişir ve arteriol düz kası gevşemeye eğilim gösterir. Arterioler direnç azaldığı için aynı sistemik basınç düzeyinde çalışan kasın kan akımı artar. Bu aktif hiperemi yanıtı, oksijen ve substrat sunumunu dokunun artmış metabolik gereksinimiyle eşleştirir.",92,low,low
v397-physiology-aortik-ark-baroreseptorleri,Aortik ark baroreseptörleri,Aortik ark baroreseptörleri | aortic arch baroreceptors | aort kavsi baroreseptörleri,Fizyoloji / kardiyovasküler,Baroreseptör bölgesi,P1,Aort arkında arter basıncı gerilimini algılayan baroreseptörlerdir.,Aortik ark baroreseptörlerinden gelen afferentler vagus siniriyle medullaya ulaşır. Kan basıncı artışında sempatik çıkışı azaltan tampon yanıtı destekler.,Aortik ark baroreseptörü afferenti vagus siniriyle taşınır.,Karotis sinüsü afferenti glossofaringeal sinirdir; aortik ark afferenti vagustur.,Baroreseptör refleksi | Vagus siniri | Sempatik tonus | Karotis sinüsü,6,"[Physiology Case v176-new-111-akut-kan-kaybi-sonrasi-tasikardi] diagnosis.explanation: Akut kan kaybında venöz dönüş, atım hacmi ve arteriyel basınç düşer. Karotis sinüs ve aortik ark baroreseptörlerinin gerilimi azaldığı için ateşleme frekansı azalır. Medüller kardiyovasküler merkezler bunun sonucunda sempatik çıkışı artırıp vagal etkiyi azaltır; kalp hızı, kontraktilite ve sistemik damar direnci yükselerek basınç desteklenir. || [Physiology Case v176-new-111-akut-kan-kaybi-sonrasi-tasikardi] diagnosis.answerFeedback.summary: Akut kan kaybında venöz dönüş, atım hacmi ve arteriyel basınç düşer. Karotis sinüs ve aortik ark baroreseptörlerinin gerilimi azaldığı için ateşleme frekansı azalır. Medüller kardiyovasküler merkezler bunun sonucunda sempatik çıkışı artırıp vagal etkiyi azaltır; kalp hızı, kontraktilite ve sistemik damar direnci yükselerek basınç desteklenir.",92,low,low
v397-physiology-efektif-refrakter-periyot,Efektif refrakter periyot,Efektif refrakter periyot | effective refractory period | ERP | etkin refrakter dönem,Fizyoloji / kardiyovasküler,Kardiyak elektrofizyoloji,P1,Yeni bir iletilebilir aksiyon potansiyelinin oluşturulamadığı fonksiyonel refrakter dönemdir.,Kardiyak dokuda refrakter dönem aritmi re-entry döngülerini sınırlar. AV düğümde ERP uzaması iletim yavaşlaması ve taşikardi kontrolü açısından önemlidir.,Re-entry aritmilerde refrakter dönem ve iletim hızı birlikte düşünülür.,Mutlak refrakter dönem iyon kanal inaktivasyonuna; efektif refrakter periyot klinik iletilebilir yanıt kavramına odaklanır.,Aksiyon potansiyeli | AV düğümü | Re-entry | L tipi kalsiyum kanalı,453,[Physiology Case v175-new-103-hipotansiyon-ve-hiperpigmentasyon] id: v175-new-103-hipotansiyon-ve-hiperpigmentasyon || [Physiology Case v175-new-103-hipotansiyon-ve-hiperpigmentasyon] title: Hipotansiyon ve hiperpigmentasyon,92,low,low
v397-physiology-faz-4-depolarizasyon,Faz 4 depolarizasyon,Faz 4 depolarizasyon | phase 4 depolarization | spontan diyastolik depolarizasyon | pacemaker faz 4,Fizyoloji / kardiyovasküler,Pacemaker fizyolojisi,P1,Pacemaker hücrelerinde eşik potansiyele doğru yavaş ve spontan membran depolarizasyonudur.,Faz 4 eğimi arttıkça eşik potansiyele daha hızlı ulaşılır ve kalp hızı artar. Sempatik uyarı eğimi artırırken vagal uyarı azaltır.,Kalp hızını belirleyen pacemaker değişkeni faz 4 depolarizasyon eğimidir.,Ventrikül kas hücresinde faz 4 stabildir; pacemaker hücresinde yavaşça yükselir.,Funny current | SA düğümü aksiyon potansiyeli | Sempatik uyarı | Vagal tonus,0,,92,low,low
v397-physiology-funny-current,Funny current,Funny current | If akımı | funny akımı | HCN kanalı,Fizyoloji / kardiyovasküler,Pacemaker akımı,P1,Pacemaker hücrelerinde hiperpolarizasyonla aktive olan ve faz 4 depolarizasyona katkı veren inward akımdır.,Funny current SA düğümünün spontan yavaş depolarizasyonunu başlatır. Sempatik uyarı eğimi artırarak kalp hızını yükseltir; parasempatik uyarı eğimi azaltır.,Pacemaker hızını belirleyen ana nokta faz 4 depolarizasyon eğimidir.,Ventrikül miyositlerinde stabil istirahat potansiyeli vardır; pacemaker hücreleri kendiliğinden depolarize olur.,SA düğümü aksiyon potansiyeli | Faz 4 depolarizasyon | Sempatik uyarı | Vagal tonus,24,[Physiology Case ai-spot-vakasiz-secki-144] options[2].text: If akımı ile yavaş diyastolik depolarizasyon || [Physiology Case ai-spot-vakasiz-secki-144] explanation: Doğru cevap A’dır. Ventrikül kas hücresinde aksiyon potansiyelinin faz 0’ı hızlı depolarizasyon fazıdır ve hızlı voltaj kapılı sodyum kanallarının açılmasıyla gelişir. Bu fazın eğimi iletim hızını etkiler; sınıf I antiaritmikler bu kanalları etkileyebilir. Faz 2 plato döneminde L-tipi kalsiyum girişi ve potasyum çıkışı dengelenir. Faz 3 repolarizasyon K+ çıkışı ile gerçekleşir. If akımı ise…,92,low,low
v397-physiology-kontraktilite,Kontraktilite,Kontraktilite | inotropi | myocardial contractility | miyokard kontraktilitesi,Fizyoloji / kardiyovasküler,Pompa fonksiyonu,P1,"Kalp kasının preload ve afterload dışında, intrinsik kasılma gücünü ifade eder.",Sempatik β1 uyarı ve hücre içi Ca²⁺ artışı kontraktiliteyi yükseltir; aynı preload düzeyinde daha yüksek atım hacmi oluşabilir.,Kontraktilite artışı Frank-Starling preload etkisinden bağımsız olarak pompa gücünü artırır.,"Preload lif uzunluğu/dolum, kontraktilite kasılma gücü değişkenidir.",Atım hacmi | β1 adrenerjik uyarı | Kalsiyum girişi | Ejeksiyon fraksiyonu,28,"[Physiology Case v176-new-111-akut-kan-kaybi-sonrasi-tasikardi] clinicalFocus: Akut hacim kaybında arteriyel barorefleksin kalp hızı, kontraktilite ve damar direnci üzerindeki erken kompanzatuvar etkisini yorumlama. || [Physiology Case v176-new-111-akut-kan-kaybi-sonrasi-tasikardi] diagnosis.explanation: Akut kan kaybında venöz dönüş, atım hacmi ve arteriyel basınç düşer. Karotis sinüs ve aortik ark baroreseptörlerinin gerilimi azaldığı için ateşleme frekansı azalır. Medüller kardiyovasküler merkezler bunun sonucunda sempatik çıkışı artırıp vagal etkiyi azaltır; kalp hızı, kontraktilite ve sistemik damar direnci yükselerek basınç desteklenir.",92,low,low
v397-physiology-l-tipi-kalsiyum-kanali,L tipi kalsiyum kanalı,L tipi kalsiyum kanalı | L-type calcium channel | L tipi Ca kanalı | L tipi Ca²⁺ kanalı,Fizyoloji / kardiyovasküler,Kardiyak elektrofizyoloji,P1,Uzun süre açık kalabilen voltaj bağımlı Ca²⁺ kanalıdır; nodal faz 0 ve miyosit plateau fazında önemlidir.,SA/AV düğümünde depolarizasyon hızı L tipi Ca²⁺ girişiyle belirlenir. Ventrikül miyositinde plateau fazı Ca²⁺ girişi ve K⁺ çıkışı dengesiyle oluşur.,AV düğüm iletimini yavaşlatan ilaçlar çoğunlukla L tipi Ca²⁺ kanal etkisi üzerinden çalışır.,Hızlı Na⁺ kanalı ventrikül faz 0’da; L tipi Ca²⁺ kanalı nodal faz 0 ve plateau’da öne çıkar.,SA düğümü aksiyon potansiyeli | AV düğümü | Plateau fazı | Faz 4 depolarizasyon,0,,92,low,low
v397-physiology-ortalama-arter-basinci,Ortalama arter basıncı,Ortalama arter basıncı | MAP | mean arterial pressure | ortalama arterial basınç,Fizyoloji / kardiyovasküler,Perfüzyon basıncı,P1,Bir kardiyak siklus boyunca dokulara kan akımını sürdüren ortalama arteriyel basınçtır.,"MAP yaklaşık olarak kalp debisi ile total periferik direncin çarpımıyla ilişkilidir. Diyastol süresi uzun olduğu için basit ortalama değil, diyastolik basınca daha yakındır.","Doku perfüzyonu için MAP, sistolik basınçtan daha bütüncül göstergedir.",Nabız basıncı sistolik-diyastolik farktır; MAP farklı bir hemodinamik parametredir.,Kalp debisi | Total periferik direnç | Nabız basıncı | Baroreseptör refleksi,0,,92,low,low
v397-physiology-sempatik-venokonstriksiyon,Sempatik venokonstriksiyon,Sempatik venokonstriksiyon | venokonstriksiyon | sympathetic venoconstriction | venöz tonus artışı,Fizyoloji / kardiyovasküler,Venöz dönüş,P1,Sempatik aktiviteyle venöz kapasitenin azalması ve venöz dönüşün artmasıdır.,"Venler kapasitans damarlarıdır; sempatik venokonstriksiyon kanı santral dolaşıma iter, preload ve kalp debisini destekler. Kan kaybı sonrası erken kompanzasyonun önemli parçasıdır.",Kan kaybında sempatik venokonstriksiyon venöz dönüşü ve preload’u korumaya çalışır.,Arteriyoler vazokonstriksiyon TPR’yi; venokonstriksiyon venöz dönüş/preload’u daha çok etkiler.,Venöz dönüş | Preload | Baroreseptör refleksi | Kan kaybı kompanzasyonu,1,"[Physiology Hap Card Override tus-pearl-physiology-194-extra] explanation: Gerilme azaldığında baroreseptör afferent ateşleme hızı düşer. Bu azalma medullada vazomotor merkezin sempatik çıkışını serbestleştirir; arteriol vazokonstriksiyonu, venokonstriksiyon, taşikardi ve kontraktilite artışıyla basınç yükseltilir. || [Physiology Hap Card Override tus-pearl-physiology-194-extra] explanation: Gerilme azaldığında baroreseptör afferent ateşleme hızı düşer. Bu azalma medullada vazomotor merkezin sempatik çıkışını serbestleştirir; arteriol vazokonstriksiyonu, venokonstriksiyon, taşikardi ve kontraktilite artışıyla basınç yükseltilir.",92,low,low
v397-physiology-venoz-donus,Venöz dönüş,Venöz dönüş | venous return | sağ atriyuma venöz dönüş,Fizyoloji / kardiyovasküler,Dolaşım dengesi,P1,Sistemik venlerden sağ atriyuma dönen kan akımıdır.,"Kararlı durumda venöz dönüş kalp debisine eşittir. Kan hacmi, venöz tonus, iskelet kas pompası ve intratorasik basınç bu dönüşü etkiler.",Uzun vadede kalp debisi venöz dönüşle sınırlanır.,Preload venöz dönüşten etkilenir ama preload tek başına venöz dönüşün aynısı değildir.,Preload | Kalp debisi | Sempatik venokonstriksiyon | İskelet kas pompası,168,"[Physiology Case v176-new-111-akut-kan-kaybi-sonrasi-tasikardi] investigations[1].summary: Hacim kaybı sonrası hemodinamik ölçümler, arteriyel basınç ve venöz dönüş azalmasının dolaşım üzerindeki erken etkilerini değerlendirmeyi sağlar. || [Physiology Case v176-new-111-akut-kan-kaybi-sonrasi-tasikardi] investigations[1].clinicalMeaning: Hacim kaybı sonrası hemodinamik ölçümler, arteriyel basınç ve venöz dönüş azalmasının dolaşım üzerindeki erken etkilerini değerlendirmeyi sağlar.",92,low,low
v397-physiology-esik-potansiyeli,Eşik potansiyeli,Eşik potansiyeli | threshold potential | aksiyon potansiyeli eşiği,Fizyoloji / nörofizyoloji,Membran uyarılabilirliği,P1,Voltaja duyarlı kanalların yeterli açılmasını sağlayarak aksiyon potansiyelini başlatan membran potansiyeli düzeyidir.,Eşik aşıldığında Na⁺ kanal açılımı pozitif feedback oluşturur ve aksiyon potansiyeli başlar. Eşik altı uyarılar lokal/dereceli kalabilir.,Aksiyon potansiyeli için kritik nokta eşik potansiyelinin aşılmasıdır.,"Uyarı şiddeti aksiyon potansiyeli genliğini değil, frekansını artırır.",Aksiyon potansiyeli | Depolarizasyon | Refrakter periyot,0,,92,low,low
v397-physiology-refrakter-periyot,Refrakter periyot,Refrakter periyot | refractory period | refrakter dönem,Fizyoloji / nörofizyoloji,Uyarılabilirlik,P1,Aksiyon potansiyelinden sonra hücrenin yeni uyarıya yanıt verme kapasitesinin azaldığı dönemdir.,Mutlak refrakter dönemde yeni aksiyon potansiyeli oluşmaz; relatif dönemde daha güçlü uyarı gerekir. Bu dönem tek yönlü iletim ve maksimum frekansı sınırlar.,Mutlak refrakter dönem Na⁺ kanal inaktivasyonu nedeniyle yeni AP oluşmasını engeller.,Relatif refrakter dönemde yanıt mümkündür ama daha yüksek eşik gerekir.,Aksiyon potansiyeli | Na⁺ kanalı inaktivasyonu | Relatif refrakter dönem,0,,92,low,low
v397-physiology-istirahat-membran-potansiyeli,İstirahat membran potansiyeli,İstirahat membran potansiyeli | resting membrane potential | dinlenim membran potansiyeli,Fizyoloji / nörofizyoloji,Membran potansiyeli,P1,Uyarılmamış hücre zarında iç ve dış ortam arasındaki elektriksel potansiyel farkıdır.,"İstirahat potansiyeli çoğunlukla K⁺ geçirgenliği, Na⁺/K⁺ ATPaz ve iyon gradyentleriyle belirlenir. Nöronun uyarılabilirlik eşiğine ne kadar yakın olduğunu gösterir.",İstirahat potansiyeli daha az negatif olursa hücre eşiğe yaklaşır ve uyarılabilirlik artabilir.,Eşik potansiyeli aksiyon potansiyelini başlatan düzeydir; istirahat potansiyeli başlangıç dengesidir.,Na⁺/K⁺ ATPaz | Eşik potansiyeli | Depolarizasyon | K⁺ geçirgenliği,0,,92,low,low
v397-physiology-alfa-motor-noron,Alfa motor nöron,Alfa motor nöron | alpha motor neuron | α motor nöron | alt motor nöron alfa,Fizyoloji / nöromüsküler,Motor çıkış,P1,Ekstrafüzal kas liflerini innerve ederek kas kasılmasını oluşturan motor nörondur.,Gerilme refleksinde Ia afferent lifler alfa motor nöronu doğrudan uyarır. Alfa motor nöron aktivitesi artarsa ilgili kas kasılır.,Derin tendon refleksinin efferent kolu alfa motor nörondur.,Gama motor nöron intrafüzal lifleri ayarlar; alfa motor nöron ekstrafüzal kası kasar.,Kas iğciği | Ia afferent lif | Gama motor nöron | Ekstrafüzal lif,50,[Physiology Case ai-spot-vakasiz-secki-204] options[0].text: Kas gerilimini tendon düzeyinde algılar ve alfa motor nöronu doğrudan uyararak kasılmayı artırır || [Physiology Case ai-spot-vakasiz-secki-204] coreKnowledge: Kas iğciği kas uzunluğu ve gerilme hızını algılayan intrafuzal liflerden oluşur. Ia afferentleri spinal korda giderek aynı kasın alfa motor nöronunu monosaptik olarak uyarır ve gerilme refleksini oluşturur.,92,low,low
v397-physiology-gama-motor-noron,Gama motor nöron,Gama motor nöron | gamma motor neuron | γ motor nöron,Fizyoloji / nöromüsküler,Kas iğciği ayarı,P1,İntrafüzal kas liflerini innerve ederek kas iğciğinin gerilmeye duyarlılığını ayarlayan motor nörondur.,Gama motor nöron aktivitesi kas kısalırken kas iğciği duyarlılığını korur. Böylece propriyoseptif geri bildirim hareket boyunca devam eder.,Gama motor nöron kas iğciğinin hassasiyet ayarıdır.,Alfa motor nöron ekstrafüzal kası kasar; gama motor nöron intrafüzal lifleri ayarlar.,Kas iğciği | İntrafüzal lif | Alfa motor nöron,0,,92,low,low
v397-physiology-golgi-tendon-organi,Golgi tendon organı,Golgi tendon organı | Golgi tendon organ | GTO | tendon organı,Fizyoloji / nöromüsküler,Tendon gerimi,P1,Tendondaki gerilimi algılayan ve kas kuvveti hakkında bilgi veren proprioseptif reseptördür.,Golgi tendon organı Ib afferentlerle omuriliğe bilgi taşır ve aşırı gerilimde ilgili kasın aktivitesini azaltan koruyucu devreleri destekler.,Kas iğciği uzunluk; Golgi tendon organı gerim/kuvvet algılar.,Kas iğciği Ia afferent ile gerilme refleksini; Golgi tendon organı Ib afferent ile gerilim bilgisini taşır.,Ib afferent lif | Kas iğciği | Propriyosepsiyon,130,"[Physiology Case ai-spot-vakasiz-secki-204] explanation: Doğru cevap A’dır. Kas iğciği, iskelet kası içinde yer alan ve kas uzunluğundaki değişiklikleri algılayan proprioseptif reseptördür. Ani gerilme Ia afferentleriyle spinal korda iletilir; aynı kasın alfa motor nöronu uyarılır ve kas kasılarak gerilmeye karşı koyar. Patellar refleks bu mekanizmanın klasik örneğidir. Golgi tendon organı ise tendon düzeyinde kas gerilimini algılar ve aşırı geri… || [Physiology Case ai-spot-vakasiz-secki-204] answerAnalysisIntro: Bu soru kas iğciği ile golgi tendon organını ayırmayı ölçer. Kas iğciği uzunluk, golgi tendon organı gerilim bilgisini taşır.",92,low,low
v397-physiology-a-afferent-lif,Ia afferent lif,Ia afferent lif | Ia afferent fiber | grup Ia lifi | Ia duyu lifi,Fizyoloji / nöromüsküler,Refleks yayı,P1,Kas iğciğinden omuriliğe kas gerilme bilgisini taşıyan hızlı duyu lifidir.,Ia afferent lif dorsal kökten girer ve aynı kasın alfa motor nöronuyla monosinaptik bağlantı kurar. Bu yapı patella refleksi gibi derin tendon reflekslerinin temelidir.,Gerilme refleksinin afferent kolu Ia lifidir.,Golgi tendon organının ana afferenti Ib lifidir; kas iğciği Ia ile sorulur.,Kas iğciği | Alfa motor nöron | Monosinaptik gerilme refleksi,0,,92,low,low
v397-physiology-resiprokal-inhibisyon,Resiprokal inhibisyon,Resiprokal inhibisyon | reciprocal inhibition | karşılıklı inhibisyon,Fizyoloji / nöromüsküler,Refleks koordinasyonu,P1,Bir kas kasılırken antagonist kasın spinal interneuronlar aracılığıyla inhibe edilmesidir.,Gerilme refleksinde agonist kas kasılırken antagonist kasın gevşemesi hareketin akıcı olmasını sağlar. Bu mekanizma spinal refleks entegrasyonunun temel örneğidir.,Agonist kas aktivasyonu sırasında antagonist kasın inhibisyonu resiprokal inhibisyondur.,Presinaptik inhibisyon sinyal girişini azaltabilir; resiprokal inhibisyon antagonist motor havuzu baskılar.,Monosinaptik gerilme refleksi | İnterneuron | Alfa motor nöron | Antagonist kas,0,,92,low,low
v397-physiology-detrusor-kasi,Detrusor kası,Detrusor kası | detrusor muscle | mesane detrusoru,Fizyoloji / otonom,Mesane kası,P1,Mesane duvarındaki düz kastır ve kasıldığında idrarın boşaltılmasını sağlar.,Parasempatik pelvik sinir aktivitesi detrusor kasılmasını artırır. Depolama fazında sempatik etkiler ve somatik dış sfinkter kontrolü baskındır.,Parasempatik aktivasyon detrusor kasını kasar ve miksiyonu kolaylaştırır.,"İç sfinkter düz kas, dış sfinkter çizgili kas/somatik kontrol altındadır.",Mesane boşaltma refleksi | Parasempatik pelvik sinir | İç üretral sfinkter,62,"[Physiology Case v195-new-340-mesane-bosaltma-refleksi] learningTarget: Detrusor kasılmasının S2–S4 pelvik parasempatik lifler ve muskarinik reseptörler üzerinden, dış sfinkter gevşemesinin ise pudendal aktivitenin azalmasıyla gerçekleştiğini açıklama. || [Physiology Case v195-new-340-mesane-bosaltma-refleksi] stem: Sağlıklı bir gönüllüde mesane dolumu ve boşaltma fazları ürodinamik olarak incelenir. Dolum sırasında kişi mesane dolgunluğunu hisseder ancak idrar kaçırmaz. İşeme izni verildiğinde akım başlar ve mesane büyük ölçüde boşalır. Amaç, boşaltma fazında detrusor kasılmasını sağlayan temel efferent yolu diğer depolama yollarından ayırmaktır.",92,low,low
v397-physiology-mesane-bosaltma-refleksi,Mesane boşaltma refleksi,Mesane boşaltma refleksi | miktürisyon refleksi | micturition reflex | voiding reflex,Fizyoloji / otonom,Üriner refleks,P1,Mesane doluluğunun parasempatik aktivasyonla detrusor kasılmasına ve sfinkter gevşemesine yol açtığı refleks süreçtir.,Mesane gerilimi afferentlerle sakral merkeze taşınır; parasempatik çıkış detrusoru kasar ve iç sfinkter gevşer. Üst merkezler bu refleksi sosyal olarak uygun zamana kadar baskılayabilir.,Miktürisyon refleksinde parasempatik sistem detrusoru kasar.,Sempatik sistem depolamayı destekler; parasempatik sistem boşaltmayı başlatır.,Detrusor kası | Parasempatik pelvik sinir | İç üretral sfinkter | Sakral merkez,2,[Physiology Case v195-new-340-mesane-bosaltma-refleksi] title: Mesane boşaltma refleksi || [Physiology Case v195-new-340-mesane-bosaltma-refleksi] title: Mesane boşaltma refleksi,92,low,low
v397-physiology-parasempatik-pelvik-sinir,Parasempatik pelvik sinir,Parasempatik pelvik sinir | pelvik splanknik sinir | pelvic splanchnic nerve | S2-S4 parasempatik,Fizyoloji / otonom,Mesane ve kolon kontrolü,P1,S2-S4 kaynaklı parasempatik liflerle mesane boşalması ve distal kolon fonksiyonlarına katkı veren sinirdir.,Pelvik parasempatik çıkış detrusor kasılmasını artırır ve miksiyonu başlatır. Bu nedenle sakral omurilik düzeyi mesane refleksi açısından kritiktir.,Miksiyon parasempatik S2-S4 pelvik sinirlerle ilişkilidir.,Sempatik hipogastrik sinir depolamayı; pelvik parasempatik sinir boşaltmayı destekler.,Mesane boşaltma refleksi | Detrusor kası | Sakral merkez,0,,92,low,low
v397-physiology-afferent-arteriyol,Afferent arteriyol,Afferent arteriyol | afferent arteriole | afferent arteriol | getirici arteriyol,Fizyoloji / renal,Glomerüler hemodinami,P1,Glomerüle kan getiren ve glomerüler kapiller basıncı belirleyen arteriyoldür.,Afferent konstriksiyon glomerüle giren akımı ve kapiller basıncı azaltarak GFR’yi düşürür. Makula densa yüksek NaCl algıladığında bu yol kullanılır.,Afferent daralırsa GFR azalır.,Efferent arteriyol glomerülden çıkan damardır; orta düzey daralması GFR’yi koruyabilir/artırabilir.,Tübüloglomerüler geri bildirim | GFR | Efferent arteriyol | Makula densa,185,[Physiology Case v183-new-184-glomeruler-filtrasyonun-lokal-kontrolu] learningTarget: Yüksek distal NaCl yükünün ATP/adenozin aracılığıyla afferent arteriyol tonusunu artırıp glomerüler kapiller basınç ve GFR’yi azalttığını açıklama. || [Physiology Case v183-new-184-glomeruler-filtrasyonun-lokal-kontrolu] diagnosis.correct: ATP/adenozin aracılı afferent arteriyol vazokonstriksiyonu ve GFR azalması,92,low,low
v397-physiology-beta-interkale-hucre,Beta interkale hücre,Beta interkale hücre | β-interkale hücre | beta-intercalated cell | B intercalated cell,Fizyoloji / renal,Asit-baz hücresi,P1,Toplayıcı kanalda bikarbonat sekresyonu ve H⁺ geri emilimiyle alkali yük atımına katkı veren hücre tipidir.,Beta interkale hücreler özellikle alkaloz durumlarında bikarbonatın lümene verilmesiyle pH dengesine katkı sağlar. Alfa interkale hücrenin asit atıcı rolüyle zıt yönde düşünülür.,Alfa interkale hücre H⁺ atar; beta interkale hücre HCO₃⁻ atabilir.,"Principal hücre elektrolit/su dengesinde, interkale hücreler asit-baz dengesinde öne çıkar.",Alfa interkale hücre | HCO₃⁻ | Toplayıcı kanal | Asit-baz dengesi,6,[Physiology TUS Pearl Card Alfa interkale hücre] trap: Beta interkale hücreler daha çok bikarbonat sekresyonu ile alkaloz yanıtında önemlidir. || [Physiology Hap Card Override tus-pearl-physiology-197-spot] tusTip: Alfa interkale hücre asit atar; beta interkale hücre alkalozda bikarbonat atılımıyla öne çıkar.,92,low,low
v397-physiology-distal-tubul,Distal tübül,Distal tübül | distal convoluted tubule | distal kıvrımlı tübül | DCT,Fizyoloji / renal,Nefron segmenti,P1,"Macula densa sonrası ince ayar yapan, NaCl ve kalsiyum dengesinde önemli nefron segmentidir.",Distal tübül tiazid duyarlı NaCl taşıyıcısı ve PTH’ye duyarlı kalsiyum geri emilimi ile öne çıkar. Sonraki toplayıcı kanal hormon etkileriyle daha ince düzenleme yapar.,PTH’nin kalsiyum geri emilim etkisi distal tübülde belirgindir.,Proksimal tübül kitlesel geri emilim yapar; distal tübül daha seçici ince ayar segmentidir.,PTH böbrek etkisi | Kalsiyum geri emilimi | Makula densa | Toplayıcı kanal,178,"[Physiology Case v172-new-072-direncli-hipertansiyon-ve-kas-gucsuzlugu] diagnosis.options[2]: Distal tübülde Na-Cl kotransporter aktivitesinin azalmasıyla sodyum kaybının artması || [Physiology Case v183-new-184-glomeruler-filtrasyonun-lokal-kontrolu] chiefComplaint: Renal fizyoloji pratiğinde, distal tübüle ulaşan NaCl yükü artırıldığında aynı nefronda gelişen lokal hemodinamik yanıt tartışılıyor.",92,low,low
v397-physiology-efferent-arteriyol,Efferent arteriyol,Efferent arteriyol | efferent arteriole | efferent arteriol | götürücü arteriyol,Fizyoloji / renal,Glomerüler hemodinami,P1,Glomerülden kanı çıkaran ve filtrasyon basıncını etkileyen arteriyoldür.,Efferent konstriksiyon glomerüler kapiller basıncı artırarak GFR’yi destekleyebilir; ancak aşırı konstriksiyon renal plazma akımını düşürür. Filtrasyon fraksiyonu genellikle artar.,Anjiyotensin II özellikle efferent arteriyol tonusunu artırarak düşük perfüzyonda GFR’yi korur.,Afferent konstriksiyon GFR’yi düşürür; efferent etki doza/şiddete bağlı yorumlanır.,Anjiyotensin II | Filtrasyon fraksiyonu | GFR | RPF,90,"[Physiology Case v183-new-184-glomeruler-filtrasyonun-lokal-kontrolu] stem: Deney düzeneğinde sistemik arter basıncı ve plazma osmolalitesi sabit tutulurken distal tübül akımına ulaşan NaCl miktarı kademeli olarak artırılmıştır. Glomerüler inflamasyon, obstrüksiyon veya sistemik hipovolemiye ait ek veri bulunmamaktadır. Amaç, makula densa bölgesindeki solüt yükü değişikliğinin afferent-efferent arteriyol tonusu ve tek nefron GFR üzerine lokal etk… || [Physiology Case v183-new-184-glomeruler-filtrasyonun-lokal-kontrolu] patientIntro.historySummary: Deney düzeneğinde sistemik arter basıncı ve plazma osmolalitesi sabit tutulurken distal tübül akımına ulaşan NaCl miktarı kademeli olarak artırılmıştır. Glomerüler inflamasyon, obstrüksiyon veya sistemik hipovolemiye ait ek veri bulunmamaktadır. Amaç, makula densa bölgesindeki solüt yükü değişikliğinin afferent-efferent arteriyol tonusu ve tek nefro…",92,low,low
v397-physiology-filtrasyon-fraksiyonu,Filtrasyon fraksiyonu,Filtrasyon fraksiyonu | filtration fraction | FF | GFR/RPF oranı,Fizyoloji / renal,Glomerüler filtrasyon,P1,Glomerüler filtrasyon hızının renal plazma akımına oranıdır.,Efferent arteriyol konstriksiyonu RPF’yi azaltırken GFR’yi kısmen koruyabilir; bu durumda filtrasyon fraksiyonu artar. Renal hemodinami sorularında GFR ve RPF birlikte yorumlanmalıdır.,FF = GFR/RPF; efferent konstriksiyonda genellikle artar.,GFR tek başına filtrasyon miktarını; FF akımın ne kadarının filtre edildiğini gösterir.,GFR | RPF | Efferent arteriyol | Anjiyotensin II,827,[Physiology Case v172-new-072-direncli-hipertansiyon-ve-kas-gucsuzlugu] diagnosis.optionComparison.Afferent arteriyol dilatasyonuyla glomerüler filtrasyon basıncının düşmesi: Afferent dilatasyon GFR’yi düşürmez; ayrıca hipokalemi ve alkalozun doğrudan mekanizması değildir. Vakanın belirleyici fizyolojisi tübüler iyon sekresyonudur. || [Physiology Case v172-new-072-direncli-hipertansiyon-ve-kas-gucsuzlugu] diagnosis.whyWrong.Afferent arteriyol dilatasyonuyla glomerüler filtrasyon basıncının düşmesi: Afferent dilatasyon GFR’yi düşürmez; ayrıca hipokalemi ve alkalozun doğrudan mekanizması değildir. Vakanın belirleyici fizyolojisi tübüler iyon sekresyonudur.,92,low,low
v397-physiology-kalin-cikan-kol,Kalın çıkan kol,Kalın çıkan kol | thick ascending limb | Henle kalın çıkan kolu | TAL,Fizyoloji / renal,Henle kulpu,P1,"Henle kulpunun suya geçirgen olmayan, Na-K-2Cl geri emilimi yapan çıkan segmentidir.",Kalın çıkan kol solütü medullaya taşır ama su geçirmez; bu nedenle filtratı seyreltir ve medüller gradyent oluşturur. Loop diüretikler bu segmenti hedefler.,"Kalın çıkan kol su geçirmez, tuz geri emer; medüller gradyentin temel motorudur.",İnen kol suya geçirgendir; kalın çıkan kol tuz geçirgen ama suya kapalıdır.,Countercurrent multiplier | NKCC2 | Medüller osmotik gradyent | Loop diüretik,809,[Physiology Case v168-new-052-bilinc-bulanikligi-ve-hiponatremi] diagnosis.options[3]: Aldosteron eksikliğiyle distal nefronda sodyum geri emiliminin azalması || [Physiology Case v169-new-068-kronik-dispne-ve-hava-hapsi] setting: Göğüs hastalıkları polikliniği,92,low,low
v397-physiology-osmotik-diurez,Osmotik diürez,Osmotik diürez | osmotic diuresis | glukozüriye bağlı diürez | solüt diürezi,Fizyoloji / renal,Tübüler su dengesi,P1,Tübül lümeninde geri emilmeyen solütlerin suyu lümende tutarak idrar hacmini artırmasıdır.,Glukozüri veya mannitol gibi osmotik solütler su geri emilimini azaltır ve poliüri yapar. Bu durum ADH eksikliğinden farklı olarak solüt yüküyle su kaybı oluşturur.,Glukozüri + poliüri osmotik diürez mantığıyla okunur.,Diabetes insipidusta sorun ADH/AQP2 aksıdır; osmotik diürezde lümendeki solüt suyu çeker.,Glukozüri | Serbest su geri emilimi | ADH | Poliüri,60,[Physiology Case v168-new-052-bilinc-bulanikligi-ve-hiponatremi] diagnosis.options[1]: Glukozüriye bağlı osmotik diürezle serbest su kaybının artması || [Physiology Case v168-new-052-bilinc-bulanikligi-ve-hiponatremi] diagnosis.answerFeedback.optionComparison.Glukozüriye bağlı osmotik diürezle serbest su kaybının artması: Osmotik diürezde hiperglisemi veya idrarda yüksek solüt yükü suyu beraberinde sürükler; poliüri ve serbest su kaybı ön plandadır. Bu olguda serum glukozu normaldir ve idrar paterninin temel mesajı osmotik solüt kaybı değil uygunsuz konsantrasyondur.,92,low,low
v397-physiology-pah-klirensi,PAH klirensi,PAH klirensi | para-aminohippurat klirensi | PAH clearance | PAH ile RPF ölçümü,Fizyoloji / renal,Renal plazma akımı ölçümü,P1,Proksimal tübülde güçlü sekrete edilen PAH kullanılarak efektif renal plazma akımının tahmin edilmesidir.,PAH plazmadan neredeyse tamamen temizlendiği için böbreğe gelen plazma akımı hakkında bilgi verir. Bu nedenle RPF ölçümü sorularında PAH klasik belirteçtir.,RPF için PAH; GFR için inülin klasik ölçüm maddesidir.,İnülin filtre edilir ama sekrete/reabsorbe edilmez; PAH sekresyonla plazma akımını yansıtır.,RPF | İnülin klirensi | Proksimal tübül | Renal plazma akımı,11,[Physiology Case ai-spot-vakasiz-secki-132] learningTarget: Para-aminohippurat düşük plazma konsantrasyonlarında glomerüler filtrasyon ve güçlü proksimal tübüler sekresyon ile neredeyse tamamen plazmadan temizlenir. Bu nedenle PAH klirensi etkin renal plazma akımının tahmininde kullanılır. || [Physiology Case ai-spot-vakasiz-secki-132] coreKnowledge: Para-aminohippurat düşük plazma konsantrasyonlarında glomerüler filtrasyon ve güçlü proksimal tübüler sekresyon ile neredeyse tamamen plazmadan temizlenir. Bu nedenle PAH klirensi etkin renal plazma akımının tahmininde kullanılır.,92,low,low
v397-physiology-romk-kanali,ROMK kanalı,ROMK kanalı | renal outer medullary potassium channel | ROMK | renal dış medüller potasyum kanalı,Fizyoloji / renal,Potasyum sekresyonu,P1,Toplayıcı kanal principal hücresinde K⁺ sekresyonuna katkı veren apikal potasyum kanalıdır.,Aldosteron ve distal Na⁺ akımı arttığında ROMK üzerinden K⁺ atılımı artar. Bu mekanizma hiperaldosteronizmde hipokalemiyi açıklar.,Aldosteron artışı → ENaC aktivitesi ↑ → lümen negatifleşir → ROMK ile K⁺ atılımı ↑.,İnsülin potasyumu hücre içine kaydırır; ROMK potasyumu böbrekten atar.,Principal hücre | Aldosteron | ENaC | Hipokalemi,6,"[Physiology Case v172-new-072-direncli-hipertansiyon-ve-kas-gucsuzlugu] diagnosis.answerFeedback.coreKnowledge: Aldosteron, mineralokortikoid reseptör üzerinden ENaC ve Na⁺/K⁺-ATPaz ekspresyonunu artırır; lümen-negatif potansiyel ROMK aracılı K⁺ sekresyonunu ve alfa-interkale hücre H⁺ sekresyonunu destekler. || [Physiology Case v172-new-072-direncli-hipertansiyon-ve-kas-gucsuzlugu] coreKnowledge: Aldosteron, mineralokortikoid reseptör üzerinden ENaC ve Na⁺/K⁺-ATPaz ekspresyonunu artırır; lümen-negatif potansiyel ROMK aracılı K⁺ sekresyonunu ve alfa-interkale hücre H⁺ sekresyonunu destekler.",92,low,low
v397-physiology-serbest-su-geri-emilimi,Serbest su geri emilimi,Serbest su geri emilimi | free water reabsorption | saf su geri emilimi,Fizyoloji / renal,Su dengesi,P1,Solüt eklenmeden suyun geri emilerek vücutta tutulmasıdır.,ADH etkisiyle toplayıcı kanalda su geri emilir; bu durum serum sodyumunu seyreltebilir. Hipotonik hiponatremi yorumunda sodyum kaybından çok su fazlalığı mantığı önemlidir.,"Hipotonik hiponatremide problem çoğu kez sodyum eksikliği değil, serbest su fazlalığıdır.",Osmotik diürezde solüt suyu lümende tutar; ADH etkisinde su lümenden geri emilir.,ADH | Aquaporin-2 | Hipotonik hiponatremi | İdrar osmolalitesi,27,[Physiology Case v168-new-052-bilinc-bulanikligi-ve-hiponatremi] diagnosis.correct: V2 reseptörü aracılığıyla principal hücrelerde aquaporin-2 yerleşiminin artması ve serbest su geri emiliminin sürmesi || [Physiology Case v168-new-052-bilinc-bulanikligi-ve-hiponatremi] diagnosis.options[2]: V2 reseptörü aracılığıyla principal hücrelerde aquaporin-2 yerleşiminin artması ve serbest su geri emiliminin sürmesi,92,low,low
v397-physiology-vasa-recta,Vasa recta,Vasa recta | vasa recta kapillerleri | vasa recta,Fizyoloji / renal,Medüller akım,P1,Juxtamedüller nefronların Henle kulplarına paralel seyreden ve medüller gradyenti koruyan kapiller ağıdır.,Vasa recta yavaş akım ve karşı akım değişimiyle medüller solüt gradyentinin yıkanmasını azaltır. Bu sayede idrar konsantrasyonu sürdürülebilir.,Henle kulpu gradyenti üretir; vasa recta gradyenti korur.,Peritübüler kapiller kortikal geri emilimle; vasa recta medüller konsantrasyon mekanizmasıyla ilişkilidir.,Medüller osmotik gradyent | Countercurrent multiplier | Juxtamedüller nefron,0,,92,low,low
v397-physiology-idrar-sodyumu,İdrar sodyumu,İdrar sodyumu | urine sodium | idrar Na⁺ | üriner sodyum,Fizyoloji / renal,Volüm durumu yorumu,P1,İdrarda sodyum miktarını gösteren ve hiponatremi/volüm değerlendirmesinde kullanılan parametredir.,"Düşük idrar sodyumu genellikle etkili dolaşım hacmi azalınca böbreğin sodyum tutma yanıtını gösterir. Yüksek idrar sodyumu ise SIADH, renal tuz kaybı veya diüretik etkisi gibi durumlarla uyumlu olabilir.","Hiponatremide idrar osmolalitesi su yanıtını, idrar sodyumu volüm/renal sodyum yanıtını gösterir.",Tek başına idrar sodyumu tanı koydurmaz; serum osmolalitesi ve volüm bulgularıyla birlikte yorumlanır.,Hipotonik hiponatremi | İdrar osmolalitesi | RAAS | Etkili arteriyel kan hacmi,56,[Physiology Case v168-new-052-bilinc-bulanikligi-ve-hiponatremi] investigations[2].result.values[1][0]: İdrar sodyumu || [Physiology Case v168-new-052-bilinc-bulanikligi-ve-hiponatremi] investigations[2].result.rows[1][0]: İdrar sodyumu,92,low,low
v397-physiology-inulin-klirensi,İnülin klirensi,İnülin klirensi | inulin clearance | inulin ile GFR ölçümü | inülin ile GFR,Fizyoloji / renal,GFR ölçümü,P1,Serbest filtrelenen fakat geri emilmeyen ve sekrete edilmeyen inülinle GFR’nin ölçülmesidir.,İnülin nefronda yalnızca filtrasyona uğradığı için idrardaki miktarı filtre edilen miktarı temsil eder. Bu nedenle deneysel GFR ölçümünde altın standart kabul edilir.,GFR için inülin; RPF için PAH düşün.,Kreatinin klinikte pratik GFR tahmini sağlar ama az miktarda sekresyon nedeniyle inülinden farklıdır.,GFR | PAH klirensi | Glomerüler filtrasyon | Kreatinin klirensi,0,,92,low,low
v397-physiology-fosfat-atilimi,Fosfat atılımı,Fosfat atılımı | fosfatüri | phosphate excretion | renal fosfat atılımı,Fizyoloji / renal-endokrin,Mineral dengesi,P1,Böbrekten fosfatın idrarla uzaklaştırılmasıdır.,PTH proksimal tübülde fosfat geri emilimini azaltır; böylece fosfat atılımı artar. Bu mekanizma kalsiyum-fosfat dengesini ayırmada çok önemlidir.,PTH kalsiyumu artırır ama fosfatı böbrekten attırır.,D vitamini bağırsaktan hem kalsiyum hem fosfat emilimini artırma eğilimindedir; PTH’nin renal fosfat etkisi farklıdır.,PTH böbrek etkisi | Proksimal tübül | Kalsiyum geri emilimi,40,"[Physiology Case ai-spot-vakasiz-secki-111] explanation: Doğru cevap D’dir. Parathormonun böbrekteki önemli etkilerinden biri proksimal tübülde fosfat geri emilimini azaltmasıdır; bu nedenle fosfatüri gelişir ve serum fosfatı düşme eğilimindedir. Buna karşılık distal tübülde kalsiyum geri emilimi artar, böbrekte 1-alfa hidroksilaz uyarılır ve aktif D vitamini sentezi artar. Kemikte ise PTH osteoblast üzerindeki RANKL ekspresyonunu artırarak osteo… || [Physiology Case ai-spot-vakasiz-secki-111] optionFeedback.Proksimal tübülde fosfat geri emiliminin artması: Doğru cevaptır. Proksimal tübülde fosfat geri emiliminin artması PTH etkisi değildir. PTH’nin renal fosfat üzerindeki net etkisi geri emilimi azaltmak ve fosfat atılımını artırmaktır.",92,low,low
v397-physiology-kalsiyum-geri-emilimi,Kalsiyum geri emilimi,Kalsiyum geri emilimi | renal kalsiyum reabsorpsiyonu | calcium reabsorption | Ca²⁺ geri emilimi,Fizyoloji / renal-endokrin,Mineral dengesi,P1,Filtre edilen kalsiyumun tübüllerden kana geri alınmasıdır.,PTH distal tübülde kalsiyum geri emilimini artırır. Bu etki hipokalsemiye yanıtın hızlı böbrek bileşenlerinden biridir.,PTH böbrekte Ca²⁺ geri emilimini artırır.,Fosfat için PTH etkisi ters yöndedir; fosfat geri emilimini azaltır.,PTH böbrek etkisi | Distal tübül | Fosfat atılımı | Hipokalsemi,38,"[Physiology Case ai-spot-vakasiz-secki-111] learningTarget: Parathormon serum kalsiyumunu artırırken serum fosfatını düşürme eğilimindedir. Bunu böbrekte kalsiyum geri emilimini ve 1-alfa hidroksilaz aktivitesini artırarak, proksimal tübülde fosfat geri emilimini ise azaltarak yapar. || [Physiology Case ai-spot-vakasiz-secki-111] options[1].text: Distal tübülde kalsiyum geri emiliminin artması",92,low,low
v397-physiology-anp-natriurezi,ANP natriürezi,ANP natriürezi | atriyal natriüretik peptid etkisi | ANP etkisi | atrial natriuretic peptide,Fizyoloji / renal-kardiyovasküler,Hacim yanıtı,P1,Atriyal gerilme artınca sodyum ve su atılımını artıran natriüretik hormon yanıtıdır.,ANP hacim fazlalığında RAAS’a karşı çalışır; natriürez ve diürez artırarak volüm yükünü azaltır. Böylece kan basıncı ve venöz dolum tamponlanır.,Hacim artışı/atriyal gerilme → ANP artışı → natriürez.,RAAS hacim korur; ANP hacim atar.,RAAS | Natriürez | Venöz dönüş | Etkili arteriyel kan hacmi,14,[Physiology Case v183-new-184-glomeruler-filtrasyonun-lokal-kontrolu] diagnosis.options[3]: Atriyal natriüretik peptid etkisiyle glomerüler filtrasyon basıncının artması || [Physiology Case v183-new-184-glomeruler-filtrasyonun-lokal-kontrolu] diagnosis.options[3]: Atriyal natriüretik peptid etkisiyle glomerüler filtrasyon basıncının artması,92,low,low
v397-physiology-bos-ph-dususu,BOS pH düşüşü,BOS pH düşüşü | BOS asitlenmesi | cerebrospinal fluid pH decrease | CSF pH düşüşü,Fizyoloji / solunum,CO₂ yanıtı,P1,CO₂’nin BOS’ta H⁺ oluşturmasıyla pH’ın azalmasıdır ve santral solunum uyarısının ana aracısıdır.,PaCO₂ yükseldiğinde CO₂ BOS’a geçer; karbonik anhidraz aracılığıyla H⁺ artışı oluşur. Bu asitlenme medüller kemoreseptörleri uyararak ventilasyonu artırır.,PaCO₂ artışı solunumu BOS pH düşüşü üzerinden artırır.,Metabolik asidozda H⁺ kan-beyin bariyerini CO₂ kadar kolay geçmez; santral yanıt ile periferik kemoreseptör yanıtı ayrılır.,PaCO₂ | Santral kemoreseptör | Karbonik anhidraz | Alveoler ventilasyon,8,[Physiology TUS Pearl Card Solunum merkezi ve CO₂] explanation: Santral kemoreseptörler CO₂ artışına bağlı BOS pH düşüşünü algılar. || [Physiology Hap Card Override tus-pearl-physiology-006-spot] back: Santral kemoreseptörlerin BOS pH düşüşünü algılamasıyla ventilasyon artar.,92,low,low
v397-physiology-dakika-ventilasyonu,Dakika ventilasyonu,Dakika ventilasyonu | minute ventilation | VE | solunum dakika hacmi,Fizyoloji / solunum,Ventilasyon ölçümü,P1,Tidal volüm ile solunum sayısının çarpımıyla hesaplanan bir dakikadaki toplam ventilasyon hacmidir.,Dakika ventilasyonu toplam havalanmayı gösterir; ancak bunun tamamı gaz değişimine katılmaz. Klinik yorumda alveoler ventilasyon ve ölü boşluk payı ayrıca düşünülmelidir.,Dakika ventilasyonu = tidal volüm × solunum sayısı; PaCO₂ için kritik olan alveoler ventilasyondur.,Ölü boşluk arttığında dakika ventilasyonu normal/yüksek olsa bile CO₂ eliminasyonu bozulabilir.,Tidal volüm | Alveoler ventilasyon | Ölü boşluk ventilasyonu | PaCO₂,13134,[Physiology Case v168-new-052-bilinc-bulanikligi-ve-hiponatremi] id: v168-new-052-bilinc-bulanikligi-ve-hiponatremi || [Physiology Case v168-new-052-bilinc-bulanikligi-ve-hiponatremi] title: Bilinç bulanıklığı ve hiponatremi,92,low,low
v397-physiology-dusuk-v-q,Düşük V/Q,Düşük V/Q | düşük ventilasyon/perfüzyon oranı | low V/Q | V/Q azalması,Fizyoloji / solunum,V/Q bozukluğu,P1,"Perfüzyonun ventilasyona göre fazla kaldığı, şant benzeri oksijenlenme bozukluğu paternidir.","Atelektazi, pnömoni veya hava yolu obstrüksiyonunda alveol yeterince havalanamaz ama kan akımı sürebilir. Bu durumda venöz karışım artar ve hipoksemi gelişir.",Havalanmayan ama perfüze olan alan = düşük V/Q.,Yüksek V/Q pulmoner emboli gibi perfüzyon kaybı durumlarında görülür.,Fizyolojik şant | Atelektazi | Hipoksemi | V/Q oranı,8,"[Physiology Hap Card Override tus-pearl-physiology-010-spot] tusTip: Pulmoner emboli yüksek V/Q; şant/atelektazi düşük V/Q mantığıyla ayrılır. || [Physiology Hap Card Override tus-pearl-physiology-010-extra] explanation: Atelektazide alveoler ventilasyon azalır veya kaybolur fakat kapiller perfüzyon devam edebilir. Bu durumda kan oksijenlenmeden venöz tarafa geçer ve düşük V/Q, ağır durumda fizyolojik şant paterni gelişir.",92,low,low
v397-physiology-fick-difuzyon-yasasi,Fick difüzyon yasası,Fick difüzyon yasası | Fick yasası | Fick law | gaz difüzyon yasası,Fizyoloji / solunum,Difüzyon kapasitesi,P1,"Gaz difüzyonunun yüzey alanı ve basınç gradyentiyle arttığını, membran kalınlığıyla azaldığını açıklayan ilkedir.","Amfizemde yüzey alanı azalır, fibroziste membran kalınlığı artar; her ikisi de DLCO’yu düşürebilir. Bu yüzden DLCO yorumu yaparken yüzey alanı ve membran kalınlığı birlikte düşünülür.",DLCO düşüklüğünü yorumlarken Fick yasası: yüzey alanı ↓ veya membran kalınlığı ↑.,Ventilasyon bozukluğu her zaman difüzyon bozukluğu değildir; Fick yasası membran/yüzey ilişkisini anlatır.,DLCO | Alveol-kapiller membran | Amfizem | Pulmoner fibrozis,4,"[Physiology Hap Card Override tus-pearl-physiology-199-extra] explanation: Fick yasasına göre difüzyon yüzey alanı ve basınç gradyentiyle artar, membran kalınlığıyla azalır. Bu nedenle amfizem yüzey alanını azaltarak, interstisyel fibrozis ise membran kalınlığını artırarak DLCO’yu düşürebilir. || [Physiology Hap Card Override tus-pearl-physiology-199-extra] keywords[1]: Fick yasası",92,low,low
v397-physiology-hiperventilasyon,Hiperventilasyon,Hiperventilasyon | hyperventilation | aşırı ventilasyon,Fizyoloji / solunum,CO₂ eliminasyonu,P1,Alveoler ventilasyonun metabolik CO₂ üretimine göre fazla olmasıdır.,Hiperventilasyon PaCO₂’yi düşürür ve respiratuvar alkaloza yol açabilir. Yüksek irtifada hipoksemiye yanıt olarak gelişen hızlı soluma bunun fizyolojik örneğidir.,Hiperventilasyonun ilk gaz etkisi PaCO₂ düşüşüdür.,Taşipne sadece hızlı solunumdur; hiperventilasyon CO₂ atımının artmasıyla tanımlanır.,PaCO₂ | Primer respiratuvar alkaloz | Yüksek irtifa hiperventilasyonu,15,"[Physiology Case v183-new-183-yuksek-irtifada-hizli-soluma] diagnosis.pearls[0].text: Yüksek irtifada ilk yanıt hiperventilasyon, birkaç gün içindeki metabolik uyum ise bikarbonat kaybıdır; PaCO₂ düşüyorsa böbrek HCO₃⁻ kazanmaz, HCO₃⁻ kaybettirir. || [Physiology Case v183-new-183-yuksek-irtifada-hizli-soluma] diagnosis.answerFeedback.keyClues[3]: Akciğer muayenesinde belirgin patoloji olmaması → hiperventilasyonun primer obstrüktif veya parankimal hastalıkla açıklanmadığını düşündürür.",92,low,low
v397-physiology-hipoksemik-ventilasyon-yaniti,Hipoksemik ventilasyon yanıtı,Hipoksemik ventilasyon yanıtı | hypoxic ventilatory response | hipoksi ventilasyon yanıtı | hipoksemiye ventilatuvar yanıt,Fizyoloji / solunum,Periferik kemoreseptör yanıtı,P1,Arteriyel O₂ basıncı belirgin azaldığında periferik kemoreseptörlerin ventilasyonu artırmasıdır.,"Karotis cisimciği PaO₂ düşüşünü algılar ve solunum merkezini uyarır. Bu yanıt özellikle yüksek irtifa, kronik CO₂ retansiyonu ve ciddi hipoksemi durumlarında belirginleşir.",PaO₂ ciddi düştüğünde periferik kemoreseptör yanıtı ventilasyonu artırır.,CO₂ yanıtı santral kemoreseptör ağırlıklıdır; O₂ yanıtı periferik kemoreseptör ağırlıklıdır.,Periferik kemoreseptör | PaO₂ | Yüksek irtifa hiperventilasyonu | Kronik CO₂ retansiyonu,0,,92,low,low
v397-physiology-hipoventilasyon,Hipoventilasyon,Hipoventilasyon | hypoventilation | yetersiz alveoler ventilasyon,Fizyoloji / solunum,CO₂ retansiyonu,P1,Alveoler ventilasyonun CO₂ üretimine göre yetersiz kalmasıdır.,"Hipoventilasyon PaCO₂ yükselmesine ve respiratuvar asidoza neden olur. Solunum merkezi baskılanması, nöromüsküler zayıflık veya ağır hava yolu obstrüksiyonu bu mantıkla okunur.",PaCO₂ artışının en temel fizyolojik açıklaması alveoler hipoventilasyondur.,Hipoksemi farklı mekanizmalarla da olabilir; hipoventilasyonda CO₂ retansiyonu ayırt edicidir.,Alveoler ventilasyon | Hiperkapni | Respiratuvar asidoz,77,[Physiology Case v169-new-068-kronik-dispne-ve-hava-hapsi] diagnosis.answerFeedback.optionComparison.Merkezi kemoreseptör yanıtının akut kaybıyla ventilasyon dürtüsünün tamamen baskılanması: Kemoreseptör yanıt kaybı primer ventilasyon dürtüsünü azaltabilir ve hipoventilasyonla CO₂ retansiyonu yapabilir. Bu vakada baskın veri FEV₁/FVC düşüklüğü ve hacim artışıyla tanınan mekanik obstrüksiyondur. || [Physiology Case v169-new-068-kronik-dispne-ve-hava-hapsi] diagnosis.answerFeedback.whyWrong.Merkezi kemoreseptör yanıtının akut kaybıyla ventilasyon dürtüsünün tamamen baskılanması: Kemoreseptör yanıt kaybı primer ventilasyon dürtüsünü azaltabilir ve hipoventilasyonla CO₂ retansiyonu yapabilir. Bu vakada baskın veri FEV₁/FVC düşüklüğü ve hacim artışıyla tanınan mekanik obstrüksiyondur.,92,low,low
v397-physiology-karbaminohemoglobin,Karbaminohemoglobin,Karbaminohemoglobin | carbaminohemoglobin | karbamino-Hb | karbamino hemoglobin,Fizyoloji / solunum,CO₂ taşınması,P1,CO₂’nin hemoglobinin globin kısmına bağlanmış taşıma formudur.,CO₂’nin çoğu bikarbonat olarak taşınsa da bir kısmı hemoglobine karbamino formunda bağlanır. Deoksihemoglobin CO₂ taşımasını kolaylaştırır; akciğerde oksijenlenme CO₂ bırakılmasını artırır.,"Haldane etkisi, oksijenlenmenin hemoglobinden CO₂ bırakılmasını kolaylaştırmasıdır.",Karboksihemoglobin CO bağlanmasıdır; karbaminohemoglobin CO₂ bağlanmasıdır.,Haldane etkisi | Hemoglobin tampon sistemi | Klor shift,1,[Physiology Hap Card Override tus-pearl-physiology-202-extra] keywords[3]: karbaminohemoglobin || [Physiology Hap Card Override tus-pearl-physiology-202-extra] keywords[3]: karbaminohemoglobin,92,low,low
v397-physiology-klor-shift,Klor shift,Klor shift | chloride shift | Hamburger fenomeni | klor kayması,Fizyoloji / solunum,CO₂ taşınması,P1,Eritrositte oluşan bikarbonatın plazmaya çıkarken elektriksel denge için klorun eritrosite girmesidir.,"Dokularda CO₂ eritrosite girer, HCO₃⁻ oluşur ve plazmaya taşınır; klor iyonu karşı yönde geçerek yük dengesini korur. Akciğerde süreç tersine döner.",CO₂ taşınmasının büyük kısmı bikarbonat olarak olur; klor shift bu taşımayı elektriksel olarak dengeler.,Karbaminohemoglobin CO₂’nin hemoglobine bağlanan kısmını anlatır; klor shift bikarbonat değişimini anlatır.,Bikarbonat tampon sistemi | Karbonik anhidraz | Karbaminohemoglobin | CO₂ taşınması,0,,92,low,low
v397-physiology-p50,P50,P50 | oksijen P50 | hemoglobin P50 | P50 değeri,Fizyoloji / solunum,Hemoglobin afinitesi,P1,Hemoglobinin %50 satüre olduğu oksijen parsiyel basıncıdır.,"P50 artışı hemoglobinin O₂ afinitesinin azaldığını ve eğrinin sağa kaydığını gösterir. P50 azalması ise daha yüksek afiniteli, sola kaymış patern anlamına gelir.",P50 artarsa O₂ bırakma kolaylaşır; P50 azalırsa hemoglobin O₂’yi daha sıkı tutar.,P50 PaO₂ değildir; hemoglobin afinitesini temsil eden eşik değerdir.,"Oksihemoglobin dissosiyasyon eğrisi | 2,3-BPG | Bohr etkisi",86,"[Physiology Case v184-new-199-egzersizde-oksijen-birakilmasi] learningTarget: Bohr etkisinin P50, hemoglobin oksijen afinitesi ve dokuya oksijen bırakılması üzerindeki yönünü açıklama. || [Physiology Case v184-new-199-egzersizde-oksijen-birakilmasi] diagnosis.correct: Eğri sağa kayar, P50 artar ve hemoglobinin dokuya oksijen bırakması kolaylaşır",92,low,low
v397-physiology-transpulmoner-basinc,Transpulmoner basınç,Transpulmoner basınç | transpulmonary pressure | alveol-plevra basınç farkı,Fizyoloji / solunum,Basınç-hacim ilişkisi,P1,Alveol basıncı ile intraplevral basınç arasındaki farktır ve akciğeri açık tutan distansiyon basıncını temsil eder.,Transpulmoner basınç arttıkça akciğer genişleme eğilimi artar. Kompliyans eğrisini ve alveol kollapsına direnç mekanizmasını anlamada temel kavramdır.,Akciğeri açık tutan basınç farkı transpulmoner basınçtır.,Plevral basınç tek başına yeterli değildir; alveol-plevra farkı değerlendirilir.,Akciğer kompliyansı | İntraplevral basınç | Alveol basıncı | Surfaktan,0,,92,low,low
v397-physiology-yuksek-v-q,Yüksek V/Q,Yüksek V/Q | yüksek ventilasyon/perfüzyon oranı | high V/Q | V/Q artışı,Fizyoloji / solunum,V/Q bozukluğu,P1,"Ventilasyonun perfüzyona göre fazla kaldığı, ölü boşluk benzeri gaz değişim paternidir.",Perfüzyon azalınca alveol havalansa bile kanla yeterince temas etmez; pulmoner embolide bu patern tipiktir.,Havalanan ama perfüze olmayan alan = yüksek V/Q.,Düşük V/Q’da perfüzyon korunur fakat ventilasyon azalır; klinik mantık ters yöndedir.,Alveoler ölü boşluk | Pulmoner emboli | V/Q oranı,32,"[Physiology Case v188-new-258-akciger-embolisinde-oksijen-dusuklugu] diagnosis.explanation: Pulmoner embolide tıkalı damarların beslediği alveoller ventile olmaya devam ederken perfüzyon azalır; bu alanlar yüksek V/Q ve fizyolojik ölü boşluk davranışı gösterir. Kan akımının diğer bölgelere yeniden dağılması ve akciğer içi heterojenlik, arteriyel oksijenlenmeyi bozar ve A-a gradienti artırır. Düşük PaCO₂, hastanın takipne ile ventilasyonu artırdığ… || [Physiology Case v188-new-258-akciger-embolisinde-oksijen-dusuklugu] diagnosis.pearls[0].text: Pulmoner embolide ventilasyon genellikle sürer, perfüzyon azalır; bu nedenle yüksek V/Q/ölü boşluk alanları ve genel V/Q uyumsuzluğu hipokseminin temelidir.",92,low,low
v397-physiology-depolarizasyon,Depolarizasyon,Depolarizasyon | depolarization | membran depolarizasyonu,Fizyoloji / nörofizyoloji,Membran potansiyeli,P2,Membran içinin dışa göre daha az negatif hale gelmesidir.,Nöronal aksiyon potansiyelinde depolarizasyon çoğunlukla Na⁺ girişiyle olur. Pacemaker hücrelerinde ise yavaş depolarizasyon farklı iyon akımlarıyla gerçekleşir.,Depolarizasyon eşiğe ulaşırsa aksiyon potansiyelini başlatabilir.,Repolarizasyon membranın yeniden daha negatif hale dönmesidir.,Aksiyon potansiyeli | Eşik potansiyeli | Repolarizasyon,66,[Physiology Case ai-spot-vakasiz-secki-064-sa-dugumu-aksiyon-potansiyeli-l-tipi-kalsiyum] learningTarget: SA ve AV düğüm hücrelerinde faz 0 depolarizasyonu hızlı Na+ kanallarından çok L-tipi Ca2+ kanallarıyla oluşur. Ventrikül miyositlerinde ise hızlı yükseliş fazının ana nedeni hızlı voltaj kapılı Na+ girişidir. || [Physiology Case ai-spot-vakasiz-secki-064-sa-dugumu-aksiyon-potansiyeli-l-tipi-kalsiyum] coreKnowledge: SA ve AV düğüm hücrelerinde faz 0 depolarizasyonu hızlı Na+ kanallarından çok L-tipi Ca2+ kanallarıyla oluşur. Ventrikül miyositlerinde ise hızlı yükseliş fazının ana nedeni hızlı voltaj kapılı Na+ girişidir.,78,low,low
v397-physiology-repolarizasyon,Repolarizasyon,Repolarizasyon | repolarization | membran repolarizasyonu,Fizyoloji / nörofizyoloji,Membran potansiyeli,P2,Depolarizasyondan sonra membran potansiyelinin istirahat düzeyine doğru geri dönmesidir.,Nöronda repolarizasyon çoğunlukla K⁺ çıkışı ve Na⁺ kanalı inaktivasyonuyla gerçekleşir. Bu süreç refrakter dönemle ilişkilidir.,K⁺ çıkışı repolarizasyonun temel iyonik yönünü açıklar.,Hiperpolarizasyon istirahat potansiyelinden daha negatif seviyeye geçiştir.,Aksiyon potansiyeli | K⁺ kanalları | Refrakter periyot,21,[Physiology Case ai-spot-vakasiz-secki-064-sa-dugumu-aksiyon-potansiyeli-l-tipi-kalsiyum] optionFeedback.İçeri doğrultucu potasyum kanallarının açılmasıyla K+ tutulumu: Yanlıştır; potasyum akımları daha çok repolarizasyon ve istirahat potansiyeli kararlılığıyla ilişkilidir. || [Physiology Case ai-spot-vakasiz-secki-064-sa-dugumu-aksiyon-potansiyeli-l-tipi-kalsiyum] diagnosis.optionComparison.İçeri doğrultucu potasyum kanallarının açılmasıyla K+ tutulumu: Yanlıştır; potasyum akımları daha çok repolarizasyon ve istirahat potansiyeli kararlılığıyla ilişkilidir.,78,low,low
